,URL,Canonical URL,Canonical Status,Canonical URL Indexable Status
0,https://www.mdmountainside.com/results?from=1,https://www.mdmountainside.com/results,To Internal URL,Noindex
1,https://www.mdmountainside.com/results?from=101,https://www.mdmountainside.com/results,To Internal URL,Noindex
2,https://www.mdmountainside.com/results?from=11,https://www.mdmountainside.com/results,To Internal URL,Noindex
3,https://www.mdmountainside.com/results?from=111,https://www.mdmountainside.com/results,To Internal URL,Noindex
4,https://www.mdmountainside.com/results?from=121,https://www.mdmountainside.com/results,To Internal URL,Noindex
5,https://www.mdmountainside.com/results?from=131,https://www.mdmountainside.com/results,To Internal URL,Noindex
6,https://www.mdmountainside.com/results?from=141,https://www.mdmountainside.com/results,To Internal URL,Noindex
7,https://www.mdmountainside.com/results?from=151,https://www.mdmountainside.com/results,To Internal URL,Noindex
8,https://www.mdmountainside.com/results?from=161,https://www.mdmountainside.com/results,To Internal URL,Noindex
9,https://www.mdmountainside.com/results?from=171,https://www.mdmountainside.com/results,To Internal URL,Noindex
10,https://www.mdmountainside.com/results?from=181,https://www.mdmountainside.com/results,To Internal URL,Noindex
11,https://www.mdmountainside.com/results?from=191,https://www.mdmountainside.com/results,To Internal URL,Noindex
12,https://www.mdmountainside.com/results?from=201,https://www.mdmountainside.com/results,To Internal URL,Noindex
13,https://www.mdmountainside.com/results?from=21,https://www.mdmountainside.com/results,To Internal URL,Noindex
14,https://www.mdmountainside.com/results?from=211,https://www.mdmountainside.com/results,To Internal URL,Noindex
15,https://www.mdmountainside.com/results?from=221,https://www.mdmountainside.com/results,To Internal URL,Noindex
16,https://www.mdmountainside.com/results?from=231,https://www.mdmountainside.com/results,To Internal URL,Noindex
17,https://www.mdmountainside.com/results?from=241,https://www.mdmountainside.com/results,To Internal URL,Noindex
18,https://www.mdmountainside.com/results?from=251,https://www.mdmountainside.com/results,To Internal URL,Noindex
19,https://www.mdmountainside.com/results?from=261,https://www.mdmountainside.com/results,To Internal URL,Noindex
20,https://www.mdmountainside.com/results?from=271,https://www.mdmountainside.com/results,To Internal URL,Noindex
21,https://www.mdmountainside.com/results?from=281,https://www.mdmountainside.com/results,To Internal URL,Noindex
22,https://www.mdmountainside.com/results?from=291,https://www.mdmountainside.com/results,To Internal URL,Noindex
23,https://www.mdmountainside.com/results?from=301,https://www.mdmountainside.com/results,To Internal URL,Noindex
24,https://www.mdmountainside.com/results?from=31,https://www.mdmountainside.com/results,To Internal URL,Noindex
25,https://www.mdmountainside.com/results?from=311,https://www.mdmountainside.com/results,To Internal URL,Noindex
26,https://www.mdmountainside.com/results?from=321,https://www.mdmountainside.com/results,To Internal URL,Noindex
27,https://www.mdmountainside.com/results?from=331,https://www.mdmountainside.com/results,To Internal URL,Noindex
28,https://www.mdmountainside.com/results?from=341,https://www.mdmountainside.com/results,To Internal URL,Noindex
29,https://www.mdmountainside.com/results?from=351,https://www.mdmountainside.com/results,To Internal URL,Noindex
30,https://www.mdmountainside.com/results?from=361,https://www.mdmountainside.com/results,To Internal URL,Noindex
31,https://www.mdmountainside.com/results?from=371,https://www.mdmountainside.com/results,To Internal URL,Noindex
32,https://www.mdmountainside.com/results?from=381,https://www.mdmountainside.com/results,To Internal URL,Noindex
33,https://www.mdmountainside.com/results?from=391,https://www.mdmountainside.com/results,To Internal URL,Noindex
34,https://www.mdmountainside.com/results?from=401,https://www.mdmountainside.com/results,To Internal URL,Noindex
35,https://www.mdmountainside.com/results?from=41,https://www.mdmountainside.com/results,To Internal URL,Noindex
36,https://www.mdmountainside.com/results?from=411,https://www.mdmountainside.com/results,To Internal URL,Noindex
37,https://www.mdmountainside.com/results?from=421,https://www.mdmountainside.com/results,To Internal URL,Noindex
38,https://www.mdmountainside.com/results?from=431,https://www.mdmountainside.com/results,To Internal URL,Noindex
39,https://www.mdmountainside.com/results?from=441,https://www.mdmountainside.com/results,To Internal URL,Noindex
40,https://www.mdmountainside.com/results?from=451,https://www.mdmountainside.com/results,To Internal URL,Noindex
41,https://www.mdmountainside.com/results?from=461,https://www.mdmountainside.com/results,To Internal URL,Noindex
42,https://www.mdmountainside.com/results?from=471,https://www.mdmountainside.com/results,To Internal URL,Noindex
43,https://www.mdmountainside.com/results?from=481,https://www.mdmountainside.com/results,To Internal URL,Noindex
44,https://www.mdmountainside.com/results?from=491,https://www.mdmountainside.com/results,To Internal URL,Noindex
45,https://www.mdmountainside.com/results?from=501,https://www.mdmountainside.com/results,To Internal URL,Noindex
46,https://www.mdmountainside.com/results?from=51,https://www.mdmountainside.com/results,To Internal URL,Noindex
47,https://www.mdmountainside.com/results?from=511,https://www.mdmountainside.com/results,To Internal URL,Noindex
48,https://www.mdmountainside.com/results?from=521,https://www.mdmountainside.com/results,To Internal URL,Noindex
49,https://www.mdmountainside.com/results?from=531,https://www.mdmountainside.com/results,To Internal URL,Noindex
50,https://www.mdmountainside.com/results?from=541,https://www.mdmountainside.com/results,To Internal URL,Noindex
51,https://www.mdmountainside.com/results?from=551,https://www.mdmountainside.com/results,To Internal URL,Noindex
52,https://www.mdmountainside.com/results?from=561,https://www.mdmountainside.com/results,To Internal URL,Noindex
53,https://www.mdmountainside.com/results?from=571,https://www.mdmountainside.com/results,To Internal URL,Noindex
54,https://www.mdmountainside.com/results?from=581,https://www.mdmountainside.com/results,To Internal URL,Noindex
55,https://www.mdmountainside.com/results?from=591,https://www.mdmountainside.com/results,To Internal URL,Noindex
56,https://www.mdmountainside.com/results?from=601,https://www.mdmountainside.com/results,To Internal URL,Noindex
57,https://www.mdmountainside.com/results?from=61,https://www.mdmountainside.com/results,To Internal URL,Noindex
58,https://www.mdmountainside.com/results?from=611,https://www.mdmountainside.com/results,To Internal URL,Noindex
59,https://www.mdmountainside.com/results?from=621,https://www.mdmountainside.com/results,To Internal URL,Noindex
60,https://www.mdmountainside.com/results?from=631,https://www.mdmountainside.com/results,To Internal URL,Noindex
61,https://www.mdmountainside.com/results?from=641,https://www.mdmountainside.com/results,To Internal URL,Noindex
62,https://www.mdmountainside.com/results?from=651,https://www.mdmountainside.com/results,To Internal URL,Noindex
63,https://www.mdmountainside.com/results?from=661,https://www.mdmountainside.com/results,To Internal URL,Noindex
64,https://www.mdmountainside.com/results?from=671,https://www.mdmountainside.com/results,To Internal URL,Noindex
65,https://www.mdmountainside.com/results?from=681,https://www.mdmountainside.com/results,To Internal URL,Noindex
66,https://www.mdmountainside.com/results?from=691,https://www.mdmountainside.com/results,To Internal URL,Noindex
67,https://www.mdmountainside.com/results?from=71,https://www.mdmountainside.com/results,To Internal URL,Noindex
68,https://www.mdmountainside.com/results?from=81,https://www.mdmountainside.com/results,To Internal URL,Noindex
69,https://www.mdmountainside.com/results?from=91,https://www.mdmountainside.com/results,To Internal URL,Noindex
