,URL,Stylesheets Without Integrity,Stylesheets With Integrity
0,https://www.mdmountainside.com/,4,0
1,https://www.mdmountainside.com/10th-annual-mountain-maryland-plein-air,3,0
2,https://www.mdmountainside.com/1812-brewery,3,0
3,https://www.mdmountainside.com/1812-brewery-farmerscraftsflea-market,3,0
4,https://www.mdmountainside.com/1812-brewery-farmerscraftsflea-market2,3,0
5,https://www.mdmountainside.com/1812-brewery-farmerscraftsflea-market23,3,0
6,https://www.mdmountainside.com/1812-brewery-farmerscraftsflea-market234,3,0
7,https://www.mdmountainside.com/1812-brewery-holiday-flea-market-and-brunch-with-santa,3,0
8,https://www.mdmountainside.com/1812-brewery-presents-musician-gibb-cochrum-and-food-by-chef-pauls-kitchen,3,0
9,https://www.mdmountainside.com/1812-brewery-presents-musician-jacob-blank-and-bbq-beast,3,0
10,https://www.mdmountainside.com/1812-octobeerfest-dinner-with-good-carma-catering,3,0
11,https://www.mdmountainside.com/1812s-howl-o-ween-party,3,0
12,https://www.mdmountainside.com/18th-annual-labor-day-supercruise,3,0
13,https://www.mdmountainside.com/1978-bishop-walsh-city-championship-football-reunion-with-night-traveler-and-wamba-caravan-89,3,0
14,https://www.mdmountainside.com/2018-cumberland-holiday-historic-home-tour,3,0
15,https://www.mdmountainside.com/2018-halloween-bash-with-rubix-kube,3,0
16,https://www.mdmountainside.com/2018-western-maryland-kidney-ride,3,0
17,https://www.mdmountainside.com/2019-destination-guide,2,0
18,https://www.mdmountainside.com/2nd-annual-ugly-christmas-sweater-party-at-1812-brewery,3,0
19,https://www.mdmountainside.com/2nd-annual-ymca-dragons-on-the-lake,3,0
20,https://www.mdmountainside.com/30th-annual-iron-furnace-5k-and-fun-walk,3,0
21,https://www.mdmountainside.com/32nd-annual-coney-days-coney-days-campfire,3,0
22,https://www.mdmountainside.com/32nd-annual-coney-days-sunday-in-the-park,3,0
23,https://www.mdmountainside.com/3m-challenge-bike-ride,3,0
24,https://www.mdmountainside.com/4th-annual-brush-tunnel-marathon-and-half-marathon,3,0
25,https://www.mdmountainside.com/4th-of-july-fireworks,2,0
26,https://www.mdmountainside.com/5th-annual-gap-marathon-and-half-marathon,3,0
27,https://www.mdmountainside.com/5th-annual-howards-run-festival,3,0
28,https://www.mdmountainside.com/5th-last-dale-murray-memorial-benefit-motorcycle-ride,3,0
29,https://www.mdmountainside.com/69th-annual-south-cumberland-business-and-civic-association-marsha-l-thomas-memorial-halloween-parade,3,0
30,https://www.mdmountainside.com/7-cs-lodging,3,0
31,https://www.mdmountainside.com/9-decatur-guest-house-and-hostel,3,0
32,https://www.mdmountainside.com/9-north-centre-for-the-arts,3,0
33,https://www.mdmountainside.com/?fbclid=IwAR0IxhFOSItNOypFXaMzorh3kQ0vL5fw3XBhO8MYsh2VH9agoIAQJlBifyw,4,0
34,https://www.mdmountainside.com/Delfest,2,0
35,https://www.mdmountainside.com/a-festival-of-lessons-and-carols-for-christmas,3,0
36,https://www.mdmountainside.com/about,2,0
37,https://www.mdmountainside.com/about-allegany-county-tourism,2,0
38,https://www.mdmountainside.com/accent-on-health-chiropractic-massage,3,0
39,https://www.mdmountainside.com/acre-coworking,3,0
40,https://www.mdmountainside.com/al-gar-federal-credit-union,3,0
41,https://www.mdmountainside.com/aldi-grocery-store,3,0
42,https://www.mdmountainside.com/ali-ghan-shrine-club,3,0
43,https://www.mdmountainside.com/allegania,3,0
44,https://www.mdmountainside.com/allegany-arts-council,3,0
45,https://www.mdmountainside.com/allegany-chiropractic-center,3,0
46,https://www.mdmountainside.com/allegany-college-of-maryland,3,0
47,https://www.mdmountainside.com/allegany-county-fair-ag-expo,3,0
48,https://www.mdmountainside.com/allegany-county-fairgrounds,3,0
49,https://www.mdmountainside.com/allegany-county-library-system,3,0
50,https://www.mdmountainside.com/allegany-county-march-for-babies,3,0
51,https://www.mdmountainside.com/allegany-county-restaurant-week,3,0
52,https://www.mdmountainside.com/allegany-county-restaurant-week-2018,2,0
53,https://www.mdmountainside.com/allegany-county-schools,3,0
54,https://www.mdmountainside.com/allegany-county-teachers-credit-union,3,0
55,https://www.mdmountainside.com/allegany-county-transit-,3,0
56,https://www.mdmountainside.com/allegany-county-visitor-center,3,0
57,https://www.mdmountainside.com/allegany-liquor-store,3,0
58,https://www.mdmountainside.com/allegany-museum,3,0
59,https://www.mdmountainside.com/allegheny-trail-house-bed-breakfast,3,0
60,https://www.mdmountainside.com/alpacas-at-rivers-edge-farm,3,0
61,https://www.mdmountainside.com/an-evening-at-1812-with-gibb-cochrum-and-mighty-kimchi-food-truck,3,0
62,https://www.mdmountainside.com/annies-sleep-center,3,0
63,https://www.mdmountainside.com/appalachia-awakening,3,0
64,https://www.mdmountainside.com/appalachian-festival,3,0
65,https://www.mdmountainside.com/appels-gateway,3,0
66,https://www.mdmountainside.com/applebees-restaurant,3,0
67,https://www.mdmountainside.com/apples-east-coast-motorcycle-rally,3,0
68,https://www.mdmountainside.com/arbys,3,0
69,https://www.mdmountainside.com/ark-candles-soaps,3,0
70,https://www.mdmountainside.com/around-the-back-family-chiropractic,3,0
71,https://www.mdmountainside.com/art-exhibit-by-sheri-sensabaugh-the-fabric-of-my-life,3,0
72,https://www.mdmountainside.com/art-exhibition-art-and-soul-ii-by-susan-g-devan,3,0
73,https://www.mdmountainside.com/arts-and-culture,3,0
74,https://www.mdmountainside.com/aspen-dental,3,0
75,https://www.mdmountainside.com/azads-of-cumberland-at-the-qashqai-gallery,3,0
76,https://www.mdmountainside.com/b-rads-pizza,3,0
77,https://www.mdmountainside.com/back-by-popular-demand-the-fly-birds,3,0
78,https://www.mdmountainside.com/baltimore-street-collectibles,3,0
79,https://www.mdmountainside.com/baltimore-street-grill,3,0
80,https://www.mdmountainside.com/banana-leaf,3,0
81,https://www.mdmountainside.com/banks,3,0
82,https://www.mdmountainside.com/barbaras-hallmark,3,0
83,https://www.mdmountainside.com/bark4life,3,0
84,https://www.mdmountainside.com/barkin-basement-thrift-shop,3,0
85,https://www.mdmountainside.com/barkin-basement-thrift-shop-sidewalk-sale,3,0
86,https://www.mdmountainside.com/bars-and-nighttlife,3,0
87,https://www.mdmountainside.com/bars-and-nighttlife?from=1,3,0
88,https://www.mdmountainside.com/bars-and-nighttlife?from=11,3,0
89,https://www.mdmountainside.com/bars-and-nighttlife?from=21,3,0
90,https://www.mdmountainside.com/bars-and-nighttlife?from=31,3,0
91,https://www.mdmountainside.com/bartons-towing-auto-service,3,0
92,https://www.mdmountainside.com/basecamp-coffee-company,3,0
93,https://www.mdmountainside.com/baxters-gourmet-catering,3,0
94,https://www.mdmountainside.com/bay-runner-shuttle,3,0
95,https://www.mdmountainside.com/bb-country-meats,3,0
96,https://www.mdmountainside.com/beckmans-greene-street-pharmacy-inc,3,0
97,https://www.mdmountainside.com/bed-and-breakfasts,3,0
98,https://www.mdmountainside.com/beer-pairing-dinner-featuring-1812-brewery-and-good-carma-catering,3,0
99,https://www.mdmountainside.com/beer-wine-spirits-,3,0
100,https://www.mdmountainside.com/beginnings-montessori,3,0
101,https://www.mdmountainside.com/ber-chayim-temple-,3,0
102,https://www.mdmountainside.com/best-of-the-blue-ridge-2019,2,0
103,https://www.mdmountainside.com/best-western-braddock,3,0
104,https://www.mdmountainside.com/bethel-holiness-church,3,0
105,https://www.mdmountainside.com/big-lots,3,0
106,https://www.mdmountainside.com/bills-place,3,0
107,https://www.mdmountainside.com/black-guy-fawkes-on-stage-at-1812-brewery,3,0
108,https://www.mdmountainside.com/black-guy-fawkes-plus-good-carma-catering-at-1812-brewery,3,0
109,https://www.mdmountainside.com/black-oak-bottom-boat-access,3,0
110,https://www.mdmountainside.com/blog,2,0
111,https://www.mdmountainside.com/blog/allegany-county-ice-cream-trail,2,0
112,https://www.mdmountainside.com/blog/best-places-to-cool-off,2,0
113,https://www.mdmountainside.com/blog/cumberland-historic-walking-tour,2,0
114,https://www.mdmountainside.com/blog/favorite-places-for-a-warm-drink-on-a-cold-day,2,0
115,https://www.mdmountainside.com/blog/happy-mlb-opening-day,2,0
116,https://www.mdmountainside.com/blog/he-really-did-sleep-here-george-washington-in-allegany-county,2,0
117,https://www.mdmountainside.com/blog/love-is-in-the-mountain-maryland-air,2,0
118,https://www.mdmountainside.com/blog/made-in-allegany-county-md,2,0
119,https://www.mdmountainside.com/blog/mothers-day-in-mountain-maryland,2,0
120,https://www.mdmountainside.com/blog/mountain-maryland-easter-egg-hunts,2,0
121,https://www.mdmountainside.com/blog/must-do-winter-activities,2,0
122,https://www.mdmountainside.com/blog/national-day-of-unplugging,2,0
123,https://www.mdmountainside.com/blog/plan-for-vacation-day,2,0
124,https://www.mdmountainside.com/blog/spooktacular-halloween-activities-2018,2,0
125,https://www.mdmountainside.com/blog/spring-bucket-list,2,0
126,https://www.mdmountainside.com/blog/summer-bucket-list,2,0
127,https://www.mdmountainside.com/blog/summer-of-music,2,0
128,https://www.mdmountainside.com/blog/summer-of-music?fbclid=IwAR1Hog0BuyYL_dcQyw_yV4bncwFB8MrkfYI6vd2F7_da1zT4sOjoxsZ3Lp0,2,0
129,https://www.mdmountainside.com/blog/summer-of-music?fbclid=IwAR1v_T9fc8LNOhnJY5SIfDnMCo8zbeXRsnIJA4K8ILLLlF0HjzE6NPlEJIs,2,0
130,https://www.mdmountainside.com/blog/summer-of-music?fbclid=IwAR2-ZCnKWpZF_txfXMyAGV8zRybLsGRgWDqxGNut5pdugmrOFEfJIhHG3Xw,2,0
131,https://www.mdmountainside.com/blog/summer-of-music?fbclid=IwAR3EnxNgUTGEAaJ7b3a_AK2ejOeEeOW1qlbPJHj3z7TTWaFfHOKnimDbKLw,2,0
132,https://www.mdmountainside.com/blog/summer-of-music?fbclid=IwAR3LB-0kOWqXkWVnYjb_-1o4BMJ2NV3j24SLJvCewVd9Xs6ZPEdRxs0osvM,2,0
133,https://www.mdmountainside.com/blog/top-activities-for-the-whole-family,2,0
134,https://www.mdmountainside.com/blog/top-five-reasons-to-bike-allegany-county-md,2,0
135,https://www.mdmountainside.com/blog/top-places-for-a-great-margarita-in-allegany-county-md,2,0
136,https://www.mdmountainside.com/blog/top-places-to-dine-al-fresco-allegany-county-the-mountain-side-of-maryland,2,0
137,https://www.mdmountainside.com/blog/unforgettable-leaf-peeping-locations,2,0
138,https://www.mdmountainside.com/blog/why-do-you-enjoy-cycling-in-mountain-maryland,2,0
139,https://www.mdmountainside.com/blog/your-guide-to-small-business-saturday,2,0
140,https://www.mdmountainside.com/blue-highway-concert,3,0
141,https://www.mdmountainside.com/bob-evans-restaurant-,3,0
142,https://www.mdmountainside.com/bonds-landing-boat-access,3,0
143,https://www.mdmountainside.com/breakfast-with-the-elves-2018,3,0
144,https://www.mdmountainside.com/brews-wines-and-spirits,3,0
145,https://www.mdmountainside.com/buckleys-24-hr-towing,3,0
146,https://www.mdmountainside.com/buffalo-wild-wings,3,0
147,https://www.mdmountainside.com/busters-treats,3,0
148,https://www.mdmountainside.com/buttercup-boutique,3,0
149,https://www.mdmountainside.com/byways,2,0
150,https://www.mdmountainside.com/c-o-canal-national-park-camping,3,0
151,https://www.mdmountainside.com/c-william-gilchrist-gallery-and-museum,3,0
152,https://www.mdmountainside.com/cabins-and-campgrounds,3,0
153,https://www.mdmountainside.com/cafe-mark,3,0
154,https://www.mdmountainside.com/calvary-baptist-church-calvary-christian-academy,3,0
155,https://www.mdmountainside.com/calvary-bible-church--independent-baptist,3,0
156,https://www.mdmountainside.com/camp-potomac,3,0
157,https://www.mdmountainside.com/canal-boat-replica-the-cumberland,3,0
158,https://www.mdmountainside.com/canal-place-farmers-market,3,0
159,https://www.mdmountainside.com/canal-place-heritage-park,3,0
160,https://www.mdmountainside.com/canine-couture,3,0
161,https://www.mdmountainside.com/caporales-bakery-inc,3,0
162,https://www.mdmountainside.com/cartridges-galore,3,0
163,https://www.mdmountainside.com/casinos,3,0
164,https://www.mdmountainside.com/catering,3,0
165,https://www.mdmountainside.com/catering?from=1,3,0
166,https://www.mdmountainside.com/catering?from=21,3,0
167,https://www.mdmountainside.com/centenary-united-methodist-church,3,0
168,https://www.mdmountainside.com/central-assembly-of-god,3,0
169,https://www.mdmountainside.com/ces-at-frostburg-state-university,3,0
170,https://www.mdmountainside.com/ces-at-frostburg-state-university-presents-1st-project,3,0
171,https://www.mdmountainside.com/ces-at-frostburg-state-university-presents-an-evening-with-jo-dee-messina,3,0
172,https://www.mdmountainside.com/ces-at-frostburg-state-university-presents-banda-magda,3,0
173,https://www.mdmountainside.com/ces-at-frostburg-state-university-presents-carol-of-the-king-the-irish-dance-christmas-spectacular,3,0
174,https://www.mdmountainside.com/ces-at-frostburg-state-university-presents-catapult-the-amazing-magic-of-shadow-dance,3,0
175,https://www.mdmountainside.com/ces-at-frostburg-state-university-presents-christian-sands-trio,3,0
176,https://www.mdmountainside.com/ces-at-frostburg-state-university-presents-cirque-flip-fabrique-in-blizzard,3,0
177,https://www.mdmountainside.com/ces-at-frostburg-state-university-presents-cirque-mei-elite-circus-artists-and-acrobats-of-hebei-china,3,0
178,https://www.mdmountainside.com/ces-at-frostburg-state-university-presents-crys-matthews,3,0
179,https://www.mdmountainside.com/ces-at-frostburg-state-university-presents-crys-matthews-workshop-sing-dont-shout-an-alternative-approach,3,0
180,https://www.mdmountainside.com/ces-at-frostburg-state-university-presents-derek-brown-featuring-fsu-jazz-orchestra-and-faculty,3,0
181,https://www.mdmountainside.com/ces-at-frostburg-state-university-presents-ghost-note,3,0
182,https://www.mdmountainside.com/ces-at-frostburg-state-university-presents-jeff-coffin-and-roy-wooten,3,0
183,https://www.mdmountainside.com/ces-at-frostburg-state-university-presents-kaia-kater-with-anna-and-elizabeth,3,0
184,https://www.mdmountainside.com/ces-at-frostburg-state-university-presents-malamanya,3,0
185,https://www.mdmountainside.com/ces-at-frostburg-state-university-presents-maryland-symphony-orchestra-immortal-mozart-schuberts-fifth-symphony,3,0
186,https://www.mdmountainside.com/ces-at-frostburg-state-university-presents-maryland-symphony-orchestra-in-the-american-symphony,3,0
187,https://www.mdmountainside.com/ces-at-frostburg-state-university-presents-ren-marie-and-experiment-in-truth,3,0
188,https://www.mdmountainside.com/ces-at-frostburg-state-university-presents-russian-national-ballet-in-don-quixote,3,0
189,https://www.mdmountainside.com/ces-at-frostburg-state-university-presents-russian-national-ballet-in-giselle,3,0
190,https://www.mdmountainside.com/ces-at-frostburg-state-university-presents-six-appeal,3,0
191,https://www.mdmountainside.com/ces-at-frostburg-state-university-presents-songs-of-ireland-a-celtic-celebration,3,0
192,https://www.mdmountainside.com/ces-at-frostburg-state-university-presents-stacey-kay,3,0
193,https://www.mdmountainside.com/ces-at-frostburg-state-university-presents-terry-barber-countertenor-in-christmas-presence,3,0
194,https://www.mdmountainside.com/ces-at-frostburg-state-university-presents-the-brubeck-brothers-quartet-celebrates-dave-brubecks-centennial,3,0
195,https://www.mdmountainside.com/ces-at-frostburg-state-university-presents-the-lique,3,0
196,https://www.mdmountainside.com/ces-at-frostburg-state-university-presents-thomas-pandolfi-into-the-night-with-gershwin,3,0
197,https://www.mdmountainside.com/ces-at-frostburg-state-university-presents-veronica-swift,3,0
198,https://www.mdmountainside.com/ces-concert-series-presents-an-evening-with-leann-rimes,3,0
199,https://www.mdmountainside.com/ces-presents-dom-flemons-in-the-appalachian-festival-capstone-concert,3,0
200,https://www.mdmountainside.com/charis-winery-distillery,3,0
201,https://www.mdmountainside.com/charlies-motel,3,0
202,https://www.mdmountainside.com/chco-revolutionary-war-plaque-reading,3,0
203,https://www.mdmountainside.com/chef-pauls,3,0
204,https://www.mdmountainside.com/chessie-federal-credit-union,3,0
205,https://www.mdmountainside.com/chick-fil-a-at-queen-city-centre,3,0
206,https://www.mdmountainside.com/chick-fil-a-country-club-mall,3,0
207,https://www.mdmountainside.com/chick-fil-a-lavale,3,0
208,https://www.mdmountainside.com/chicken-coupe,3,0
209,https://www.mdmountainside.com/childrens-medical-group,3,0
210,https://www.mdmountainside.com/chinese-bandits-and-cruise-in-at-windsor-castle,3,0
211,https://www.mdmountainside.com/chopsticks-chinese-restaurant,3,0
212,https://www.mdmountainside.com/christ-lutheran-church,3,0
213,https://www.mdmountainside.com/christ-memorial-baptist-church,3,0
214,https://www.mdmountainside.com/christ-united-methodist-church,3,0
215,https://www.mdmountainside.com/christmas-city-express-morning-excursion,3,0
216,https://www.mdmountainside.com/church-of-jesus-christ-of-latter-day-saints,3,0
217,https://www.mdmountainside.com/church-of-the-brethren,3,0
218,https://www.mdmountainside.com/churches,3,0
219,https://www.mdmountainside.com/churches?from=1,3,0
220,https://www.mdmountainside.com/churches?from=11,3,0
221,https://www.mdmountainside.com/churches?from=21,3,0
222,https://www.mdmountainside.com/churches?from=31,3,0
223,https://www.mdmountainside.com/churches?from=41,3,0
224,https://www.mdmountainside.com/churches?from=51,3,0
225,https://www.mdmountainside.com/churches?from=61,3,0
226,https://www.mdmountainside.com/churches?from=71,3,0
227,https://www.mdmountainside.com/circle-k,3,0
228,https://www.mdmountainside.com/city-lights-american-grill-bar,3,0
229,https://www.mdmountainside.com/city-of-cumberland-parks-recreation-department,3,0
230,https://www.mdmountainside.com/city-place-farmers-market,3,0
231,https://www.mdmountainside.com/clarysville-motel,3,0
232,https://www.mdmountainside.com/clatter-coffee,3,0
233,https://www.mdmountainside.com/closer,3,0
234,https://www.mdmountainside.com/closer-matinee,3,0
235,https://www.mdmountainside.com/co-canal-cargo-boat-replica-tours,3,0
236,https://www.mdmountainside.com/co-canal-national-historical-park-museum,3,0
237,https://www.mdmountainside.com/co-canal-towpath,3,0
238,https://www.mdmountainside.com/come-early-stay-late-2019,2,0
239,https://www.mdmountainside.com/comfort-inn-suites,3,0
240,https://www.mdmountainside.com/community-model-railroad-club,3,0
241,https://www.mdmountainside.com/coney-christmas,3,0
242,https://www.mdmountainside.com/constitution-park,3,0
243,https://www.mdmountainside.com/constitution-park-pool-opens-for-the-season,3,0
244,https://www.mdmountainside.com/contact-us,2,0
245,https://www.mdmountainside.com/contest-home,2,0
246,https://www.mdmountainside.com/contest-home?fbclid=IwAR0Yfm33iuos4egB5I_YQaD4QFnmVg1go131jwDVa3QpBJGp8pZGkDNIcBA,2,0
247,https://www.mdmountainside.com/contest-home?fbclid=IwAR1rqV0KzozimLAq2_V0UGFN8hJRMT7qVLV2usZOSeZkuBEojQT0AGnfeGk,2,0
248,https://www.mdmountainside.com/coops-bunns,3,0
249,https://www.mdmountainside.com/corner-tavern-cafe,3,0
250,https://www.mdmountainside.com/cornerstone-baptist-church,3,0
251,https://www.mdmountainside.com/country-club-mall,3,0
252,https://www.mdmountainside.com/country-club-mall-cinemas,3,0
253,https://www.mdmountainside.com/country-road-primitives,3,0
254,https://www.mdmountainside.com/crabby-pig,3,0
255,https://www.mdmountainside.com/cracker-barrel,3,0
256,https://www.mdmountainside.com/cresaptown-united-methodist-church,3,0
257,https://www.mdmountainside.com/crestmont-ltd,3,0
258,https://www.mdmountainside.com/cruisin-main-street,3,0
259,https://www.mdmountainside.com/cumberland-choral-society-holiday-concert,3,0
260,https://www.mdmountainside.com/cumberland-choral-society-holiday-concert-2,3,0
261,https://www.mdmountainside.com/cumberland-choral-society-winter-concert,3,0
262,https://www.mdmountainside.com/cumberland-choral-society-winter-concert-2,3,0
263,https://www.mdmountainside.com/cumberland-christmas-tree-lighting-2018,3,0
264,https://www.mdmountainside.com/cumberland-church-of-christ,3,0
265,https://www.mdmountainside.com/cumberland-community-church,3,0
266,https://www.mdmountainside.com/cumberland-country-club,3,0
267,https://www.mdmountainside.com/cumberland-cycles,3,0
268,https://www.mdmountainside.com/cumberland-dining,3,0
269,https://www.mdmountainside.com/cumberland-grace-brethren-church,3,0
270,https://www.mdmountainside.com/cumberland-historic-cemetery-organization,3,0
271,https://www.mdmountainside.com/cumberland-inn-spa,3,0
272,https://www.mdmountainside.com/cumberland-optical,3,0
273,https://www.mdmountainside.com/cumberland-theatre-creative-arts-center,3,0
274,https://www.mdmountainside.com/cumberland-trail-connection-,3,0
275,https://www.mdmountainside.com/cumberland-ymca,3,0
276,https://www.mdmountainside.com/curtis-coney-island-famous-weiners,3,0
277,https://www.mdmountainside.com/cvs-pharmacy-cumberland,3,0
278,https://www.mdmountainside.com/cvs-pharmacy-lavale,3,0
279,https://www.mdmountainside.com/cycles-things,3,0
280,https://www.mdmountainside.com/cycling,2,0
281,https://www.mdmountainside.com/dairy-queen-cumberland,3,0
282,https://www.mdmountainside.com/dairy-queen-lavale,3,0
283,https://www.mdmountainside.com/dan-stevens-and-sweet-dreams-food-truck-at-1812-brewery,3,0
284,https://www.mdmountainside.com/dans-mountain-state-park,3,0
285,https://www.mdmountainside.com/dantes-bar,3,0
286,https://www.mdmountainside.com/datri-subs,3,0
287,https://www.mdmountainside.com/datris-restaurant,3,0
288,https://www.mdmountainside.com/davincis-pizza,3,0
289,https://www.mdmountainside.com/davis-memorial-united-methodist-church,3,0
290,https://www.mdmountainside.com/dawson-united-methodist-church,3,0
291,https://www.mdmountainside.com/day-of-the-dead-skull-painting-workshop,3,0
292,https://www.mdmountainside.com/dd-pit-n-go-2,3,0
293,https://www.mdmountainside.com/delfest,2,0
294,https://www.mdmountainside.com/delfest/resources,2,0
295,https://www.mdmountainside.com/delfest/resources/beer-and-ice,3,0
296,https://www.mdmountainside.com/delfest/resources/gas-stations,3,0
297,https://www.mdmountainside.com/delfest/resources/grocery-stores,3,0
298,https://www.mdmountainside.com/delfest/resources/transportation,2,0
299,https://www.mdmountainside.com/delgrossos-park-laguna-splash-water-park,3,0
300,https://www.mdmountainside.com/dennys--lavale,3,0
301,https://www.mdmountainside.com/deomonts-muffler-brake,3,0
302,https://www.mdmountainside.com/dig-deep-brewing-co,3,0
303,https://www.mdmountainside.com/diplomat-motel,3,0
304,https://www.mdmountainside.com/dirty-mae-live-on-the-mccoury-family-stage,3,0
305,https://www.mdmountainside.com/discover-downtown-cumberland-blues,3,0
306,https://www.mdmountainside.com/discover-downtown-cumberland-with-grand-ole-ditch,3,0
307,https://www.mdmountainside.com/divine-reflections,3,0
308,https://www.mdmountainside.com/dollar-dip-at-dans-mountain-pool,3,0
309,https://www.mdmountainside.com/dominos-pizza-cumberland,3,0
310,https://www.mdmountainside.com/dominos-pizza-frostburg,3,0
311,https://www.mdmountainside.com/downtown-cumberland-farmers-market,3,0
312,https://www.mdmountainside.com/downtown-cumberland-merchants-holiday-party-with-ursula-ricks,3,0
313,https://www.mdmountainside.com/downtown-cumberlands-shop-small-saturday,3,0
314,https://www.mdmountainside.com/dracula,3,0
315,https://www.mdmountainside.com/dragons-on-the-lake,3,0
316,https://www.mdmountainside.com/dragons-on-the-lake-2019,3,0
317,https://www.mdmountainside.com/drive-in-fly-in-august-2019,3,0
318,https://www.mdmountainside.com/drive-in-fly-in-sepetmber-2019,3,0
319,https://www.mdmountainside.com/dubs-at-the-gap,3,0
320,https://www.mdmountainside.com/dubs-at-the-gap-2019,3,0
321,https://www.mdmountainside.com/dubs-at-the-gap-cruise-bbq-at-1812-brewery,3,0
322,https://www.mdmountainside.com/dunhams-sports,3,0
323,https://www.mdmountainside.com/early-rise-flies,3,0
324,https://www.mdmountainside.com/eastern-express,3,0
325,https://www.mdmountainside.com/eat-and-drink,2,0
326,https://www.mdmountainside.com/eckhart-baptist-church,3,0
327,https://www.mdmountainside.com/education,3,0
328,https://www.mdmountainside.com/ehc-camp-grow-cook-it,3,0
329,https://www.mdmountainside.com/ehc-camp-science-discovery,3,0
330,https://www.mdmountainside.com/ehc-camp-young-naturalists,3,0
331,https://www.mdmountainside.com/el-canelo-restaurant--frostburg,3,0
332,https://www.mdmountainside.com/el-jinete-restaurant,3,0
333,https://www.mdmountainside.com/elements-wellness-spa,3,0
334,https://www.mdmountainside.com/elks-derby-day,3,0
335,https://www.mdmountainside.com/ellies-deli,3,0
336,https://www.mdmountainside.com/embassy-theatre,3,0
337,https://www.mdmountainside.com/emmanuel-episcopal-church,3,0
338,https://www.mdmountainside.com/emmanuel-episcopal-church-tunnel-tours,3,0
339,https://www.mdmountainside.com/enterprise-rent-a-car,3,0
340,https://www.mdmountainside.com/escape-fake-news,3,0
341,https://www.mdmountainside.com/et-at-the-palace-theatre,3,0
342,https://www.mdmountainside.com/european-desserts-and-more,3,0
343,https://www.mdmountainside.com/evening-flyer,3,0
344,https://www.mdmountainside.com/event-calendar,3,0
345,https://www.mdmountainside.com/event-calendar?fbclid=IwAR1c5PBpdJrqisYi9VKH-lWDHPJ45hTbhBwdiB6_bFQsIo_x-p0IlSzcqYA,3,0
346,https://www.mdmountainside.com/event-calendar?from=1,3,0
347,https://www.mdmountainside.com/event-calendar?from=11,3,0
348,https://www.mdmountainside.com/event-calendar?from=21,3,0
349,https://www.mdmountainside.com/event-calendar?from=31,3,0
350,https://www.mdmountainside.com/event-calendar?from=41,3,0
351,https://www.mdmountainside.com/event-calendar?from=51,3,0
352,https://www.mdmountainside.com/event-calendar?from=61,3,0
353,https://www.mdmountainside.com/event-submission-confirmation,2,0
354,https://www.mdmountainside.com/evergreen-heritage-center,3,0
355,https://www.mdmountainside.com/ex2-adventure-race,3,0
356,https://www.mdmountainside.com/exit-strategy-escape-room,3,0
357,https://www.mdmountainside.com/f-brooke-whiting-house-collection,3,0
358,https://www.mdmountainside.com/facebook-giveaway-national-cheeseburger-day,2,0
359,https://www.mdmountainside.com/fairfield-inn-and-suites,3,0
360,https://www.mdmountainside.com/fairgrounds-boat-access,3,0
361,https://www.mdmountainside.com/faith-presbyterian-church-in-america-pca,3,0
362,https://www.mdmountainside.com/fall-arts,2,0
363,https://www.mdmountainside.com/fall-cemetery-tour,3,0
364,https://www.mdmountainside.com/fall-for-downtown-festival-cumberland-md,3,0
365,https://www.mdmountainside.com/fall-frostburg-flyer,3,0
366,https://www.mdmountainside.com/fall-in-love-with-the-arts-2018,2,0
367,https://www.mdmountainside.com/family-fun,3,0
368,https://www.mdmountainside.com/family-fun?from=1,3,0
369,https://www.mdmountainside.com/family-fun?from=11,3,0
370,https://www.mdmountainside.com/family-fun?from=21,3,0
371,https://www.mdmountainside.com/family-fun?from=31,3,0
372,https://www.mdmountainside.com/family-fun?from=41,3,0
373,https://www.mdmountainside.com/family-pizza-train,3,0
374,https://www.mdmountainside.com/farmers-markets,3,0
375,https://www.mdmountainside.com/farms,3,0
376,https://www.mdmountainside.com/fat-pig,3,0
377,https://www.mdmountainside.com/fatboys-pizza-shack,3,0
378,https://www.mdmountainside.com/favorites,2,0
379,https://www.mdmountainside.com/femina-in-toto-a-compilation-of-design-by-women,3,0
380,https://www.mdmountainside.com/fifteen-mile-creek-boat-access,3,0
381,https://www.mdmountainside.com/first-annual-mountain-maryland-trail-fest,3,0
382,https://www.mdmountainside.com/first-assembly-of-god-church,3,0
383,https://www.mdmountainside.com/first-assembly-of-god2,3,0
384,https://www.mdmountainside.com/first-church-of-the-nazarene,3,0
385,https://www.mdmountainside.com/first-congregational-church-of-frostburg,3,0
386,https://www.mdmountainside.com/first-english-baptist-church,3,0
387,https://www.mdmountainside.com/first-friday-art-club-fall-haiku-writing,3,0
388,https://www.mdmountainside.com/first-friday-art-club-family-comedy-night,3,0
389,https://www.mdmountainside.com/first-friday-art-club-thankfulness-art-and-potluck,3,0
390,https://www.mdmountainside.com/first-friday-art-club-ugly-sweater-party,3,0
391,https://www.mdmountainside.com/first-peoples-community-federal-credit-union,3,0
392,https://www.mdmountainside.com/first-peoples-community-federal-credit-union-cresaptown,3,0
393,https://www.mdmountainside.com/first-peoples-community-federal-credit-union-frostburg,3,0
394,https://www.mdmountainside.com/first-peoples-community-federal-credit-union-industrial-blvd,3,0
395,https://www.mdmountainside.com/first-peoples-community-federal-credit-union-lavale,3,0
396,https://www.mdmountainside.com/first-peoples-community-federal-credit-union-lonaconing,3,0
397,https://www.mdmountainside.com/first-peoples-community-federal-credit-union-queen-city-drive,3,0
398,https://www.mdmountainside.com/first-presbyterian-church,3,0
399,https://www.mdmountainside.com/first-presbyterian-church-of-frostburg,3,0
400,https://www.mdmountainside.com/first-united-bank-trust,3,0
401,https://www.mdmountainside.com/fish-and-hunt,3,0
402,https://www.mdmountainside.com/fishers-body-shop,3,0
403,https://www.mdmountainside.com/flintstone-mennonite-church,3,0
404,https://www.mdmountainside.com/flowerland,3,0
405,https://www.mdmountainside.com/for-media,2,0
406,https://www.mdmountainside.com/fore-sisters-golf-course,3,0
407,https://www.mdmountainside.com/form-return,2,0
408,https://www.mdmountainside.com/fort-cumberland-emporium,3,0
409,https://www.mdmountainside.com/four-t-herb-shoppe,3,0
410,https://www.mdmountainside.com/fourth-friday-tea-series,3,0
411,https://www.mdmountainside.com/fourth-friday-tea-series2,3,0
412,https://www.mdmountainside.com/fourth-friday-tea-series23,3,0
413,https://www.mdmountainside.com/fourth-friday-tea-series234,3,0
414,https://www.mdmountainside.com/foxs-pizza-den-of-frostburg,3,0
415,https://www.mdmountainside.com/fratelli-italian-cuisine-bar,3,0
416,https://www.mdmountainside.com/friday-after-black-friday,3,0
417,https://www.mdmountainside.com/friendship-haven-church,3,0
418,https://www.mdmountainside.com/frostburg-assembly-of-god-church,3,0
419,https://www.mdmountainside.com/frostburg-candlelight-tour-2018,3,0
420,https://www.mdmountainside.com/frostburg-farmers-market,3,0
421,https://www.mdmountainside.com/frostburg-fiber-depot,3,0
422,https://www.mdmountainside.com/frostburg-flyer,3,0
423,https://www.mdmountainside.com/frostburg-flyer2,3,0
424,https://www.mdmountainside.com/frostburg-flyer23,3,0
425,https://www.mdmountainside.com/frostburg-freeze,3,0
426,https://www.mdmountainside.com/frostburg-halloween-parade,3,0
427,https://www.mdmountainside.com/frostburg-inn,3,0
428,https://www.mdmountainside.com/frostburg-medical-center,3,0
429,https://www.mdmountainside.com/frostburg-museum,3,0
430,https://www.mdmountainside.com/frostburg-palace-theatre-jazz-series-presents-paul-bollenback-and-power-3,3,0
431,https://www.mdmountainside.com/frostburg-state-hosting-evening-with-bestselling-author-peter-stark,3,0
432,https://www.mdmountainside.com/frostburg-state-university,3,0
433,https://www.mdmountainside.com/frostburg-state-university-appalachian-festival,3,0
434,https://www.mdmountainside.com/frostburg-tree-lighting-ceremony,3,0
435,https://www.mdmountainside.com/frostburg-united-methodist-church,3,0
436,https://www.mdmountainside.com/frostburg-vision-center,3,0
437,https://www.mdmountainside.com/frostburg-wines-train-featuring-toasted-goat-winery,3,0
438,https://www.mdmountainside.com/frostburg-winter-market,3,0
439,https://www.mdmountainside.com/frostburgfirst-a-maryland-main-street-community,3,0
440,https://www.mdmountainside.com/frostoberfest-2018,3,0
441,https://www.mdmountainside.com/fruit-bowl2,3,0
442,https://www.mdmountainside.com/fsu-bookstore,3,0
443,https://www.mdmountainside.com/fsu-center-for-literary-arts,3,0
444,https://www.mdmountainside.com/fsu-lane-center,3,0
445,https://www.mdmountainside.com/fsu-planetarium-,3,0
446,https://www.mdmountainside.com/fsu-stephanie-ann-roper-gallery,3,0
447,https://www.mdmountainside.com/funky-repurps-and-more,3,0
448,https://www.mdmountainside.com/gabriel-brothers-gabes,3,0
449,https://www.mdmountainside.com/gas-stations,3,0
450,https://www.mdmountainside.com/gellar-drapkin-and-jazz-at-toasted-goat-winery,3,0
451,https://www.mdmountainside.com/general-art-store-star-gallery,3,0
452,https://www.mdmountainside.com/genes-famliy-restaurant,3,0
453,https://www.mdmountainside.com/george-washingtons-headquarters,3,0
454,https://www.mdmountainside.com/georges-creek-pharmacy,3,0
455,https://www.mdmountainside.com/get-out-play-outfitters,3,0
456,https://www.mdmountainside.com/getting-around,2,0
457,https://www.mdmountainside.com/gg-tire,3,0
458,https://www.mdmountainside.com/ghost-tour-of-historic-cumberland,3,0
459,https://www.mdmountainside.com/ghouley-pub-crawl,3,0
460,https://www.mdmountainside.com/giannis-pizza-wings-cumberland,3,0
461,https://www.mdmountainside.com/giannis-pizza-wings-frostburg,3,0
462,https://www.mdmountainside.com/gilchrist-gardens-gala,3,0
463,https://www.mdmountainside.com/gilchrist-museum-exhibition-obrien-and-carter,3,0
464,https://www.mdmountainside.com/gingers-asian-kitchen,3,0
465,https://www.mdmountainside.com/giuseppes,3,0
466,https://www.mdmountainside.com/global-truck-outfitters,3,0
467,https://www.mdmountainside.com/gods-ark-of-safety-church,3,0
468,https://www.mdmountainside.com/golf,3,0
469,https://www.mdmountainside.com/gonzaga-health-center,3,0
470,https://www.mdmountainside.com/good-carma-catering,3,0
471,https://www.mdmountainside.com/goodwill-store--lavale,3,0
472,https://www.mdmountainside.com/gostomskis-gunsmith-service,3,0
473,https://www.mdmountainside.com/grace-baptist-church,3,0
474,https://www.mdmountainside.com/grace-memorial-community-church,3,0
475,https://www.mdmountainside.com/grand-china-buffet,3,0
476,https://www.mdmountainside.com/great-allegheny-passage,3,0
477,https://www.mdmountainside.com/great-allegheny-passage-relay,3,0
478,https://www.mdmountainside.com/green-ridge-state-forest,3,0
479,https://www.mdmountainside.com/greene-street-service-center,3,0
480,https://www.mdmountainside.com/grocery-and-convenience-stores,3,0
481,https://www.mdmountainside.com/grocery-and-convenience-stores?from=1,3,0
482,https://www.mdmountainside.com/grocery-and-convenience-stores?from=11,3,0
483,https://www.mdmountainside.com/grocery-and-convenience-stores?from=21,3,0
484,https://www.mdmountainside.com/grocery-and-convenience-stores?from=31,3,0
485,https://www.mdmountainside.com/halloween-at-evergreen-barn-dance,3,0
486,https://www.mdmountainside.com/halloween-spooktacular-in-downtown-cumberland,3,0
487,https://www.mdmountainside.com/hampton-inn-cumberland,3,0
488,https://www.mdmountainside.com/hampton-inn-frostburg,3,0
489,https://www.mdmountainside.com/handmade-holiday-fair-2018,3,0
490,https://www.mdmountainside.com/harrigans-restaurant-and-lounge,3,0
491,https://www.mdmountainside.com/harry-trayhnam-and-alhambra-at-1812-brewery,3,0
492,https://www.mdmountainside.com/hartleys-pizza,3,0
493,https://www.mdmountainside.com/harveys-florist-greenhouses-inc,3,0
494,https://www.mdmountainside.com/hast-farm-event-venue,3,0
495,https://www.mdmountainside.com/health-matters-urgent-care,3,0
496,https://www.mdmountainside.com/healthy-parks-healthy-people-wellness-fair,3,0
497,https://www.mdmountainside.com/hennys-grill-bar,3,0
498,https://www.mdmountainside.com/hertz-rent-a-car,3,0
499,https://www.mdmountainside.com/highland-baptist-church,3,0
500,https://www.mdmountainside.com/highland-harley-davidson-shop,3,0
501,https://www.mdmountainside.com/highlands-american-music-series-presents-the-becky-buller-band,3,0
502,https://www.mdmountainside.com/hillside-animal-hospital,3,0
503,https://www.mdmountainside.com/historic-city-center,3,0
504,https://www.mdmountainside.com/history-and-heritage,3,0
505,https://www.mdmountainside.com/history-and-heritage?from=1,3,0
506,https://www.mdmountainside.com/history-and-heritage?from=11,3,0
507,https://www.mdmountainside.com/history-and-heritage?from=21,3,0
508,https://www.mdmountainside.com/history-and-heritage?from=31,3,0
509,https://www.mdmountainside.com/hobbies-plus,3,0
510,https://www.mdmountainside.com/holiday-inn-express-and-suites-lavale,3,0
511,https://www.mdmountainside.com/holiday-open-house,3,0
512,https://www.mdmountainside.com/holidays-2018,2,0
513,https://www.mdmountainside.com/holideal,2,0
514,https://www.mdmountainside.com/hoppy-hour-at-1812-brewery,3,0
515,https://www.mdmountainside.com/hospitals-and-health-care,3,0
516,https://www.mdmountainside.com/hospitals-and-health-care?from=1,3,0
517,https://www.mdmountainside.com/hospitals-and-health-care?from=21,3,0
518,https://www.mdmountainside.com/hotel-gunter,3,0
519,https://www.mdmountainside.com/hotels-and-motels,3,0
520,https://www.mdmountainside.com/hummingbird-cafe,3,0
521,https://www.mdmountainside.com/hurry-back-tavern-,3,0
522,https://www.mdmountainside.com/hush-skin-care-mountain-massage-wellness-spa,3,0
523,https://www.mdmountainside.com/independent-ink,3,0
524,https://www.mdmountainside.com/indie-lit-festival-2018,3,0
525,https://www.mdmountainside.com/inn-on-decatur,3,0
526,https://www.mdmountainside.com/inquiry,2,0
527,https://www.mdmountainside.com/integration-studios,3,0
528,https://www.mdmountainside.com/iron-rail-days,3,0
529,https://www.mdmountainside.com/j-bartles-jewelry,3,0
530,https://www.mdmountainside.com/j-j-bait-llc,3,0
531,https://www.mdmountainside.com/j-rs-custom-screenprint-embroidery,3,0
532,https://www.mdmountainside.com/jacob-blank-on-the-keyboard-chef-pauls-kitchen-at-1812-brewery,3,0
533,https://www.mdmountainside.com/janice-ray-and-roc-plus-sob-bbq-at-1812-brewery,3,0
534,https://www.mdmountainside.com/jb-farms,3,0
535,https://www.mdmountainside.com/jenkins-collision-center,3,0
536,https://www.mdmountainside.com/jins-asian-cuisine,3,0
537,https://www.mdmountainside.com/jjs-sons,3,0
538,https://www.mdmountainside.com/jl-truck-repair-tire-service-inc,3,0
539,https://www.mdmountainside.com/jo-ann-fabrics-and-craft-store,3,0
540,https://www.mdmountainside.com/joes-viaduct-restaurant,3,0
541,https://www.mdmountainside.com/johnstons-garage,3,0
542,https://www.mdmountainside.com/jolly-roger-discount-liquors,3,0
543,https://www.mdmountainside.com/junie-b-in-jingle-bells-batman-smells,3,0
544,https://www.mdmountainside.com/k-bar-and-lunch,3,0
545,https://www.mdmountainside.com/karaoke,3,0
546,https://www.mdmountainside.com/karaoke-with-mary-sheetz,3,0
547,https://www.mdmountainside.com/kebbies-diaper-bag,3,0
548,https://www.mdmountainside.com/kegs-and-eggs-at-1812-brewery,3,0
549,https://www.mdmountainside.com/kegs-and-eggs-brunch,3,0
550,https://www.mdmountainside.com/kegs-and-eggs-brunch-and-dinner-at-1812-brewery,3,0
551,https://www.mdmountainside.com/kensington-assisted-living,3,0
552,https://www.mdmountainside.com/kentucky-fried-chicken-cumberland,3,0
553,https://www.mdmountainside.com/kentucky-fried-chicken-lavale,3,0
554,https://www.mdmountainside.com/kerr-brothers-guns,3,0
555,https://www.mdmountainside.com/kids-kingdom,3,0
556,https://www.mdmountainside.com/kids-saturday,3,0
557,https://www.mdmountainside.com/kingdom-hall-of-jehovahs-witnesses,3,0
558,https://www.mdmountainside.com/klines-restaurant,3,0
559,https://www.mdmountainside.com/knieriem-tires,3,0
560,https://www.mdmountainside.com/kohls,3,0
561,https://www.mdmountainside.com/langleys-auto-service,3,0
562,https://www.mdmountainside.com/larry-keel-experience,3,0
563,https://www.mdmountainside.com/lashbaughs-bar-and-grill,3,0
564,https://www.mdmountainside.com/lavale-baptist-church-sbc,3,0
565,https://www.mdmountainside.com/lavale-farmers-market,3,0
566,https://www.mdmountainside.com/lavale-united-methodist-church,3,0
567,https://www.mdmountainside.com/lavale-veterinary-hospital,3,0
568,https://www.mdmountainside.com/leaning-pine-farm,3,0
569,https://www.mdmountainside.com/lefty-grove-memorial-park,3,0
570,https://www.mdmountainside.com/lennox-east,3,0
571,https://www.mdmountainside.com/lennys-leathers,3,0
572,https://www.mdmountainside.com/lew-lew-belle-boutique,3,0
573,https://www.mdmountainside.com/lgs-pizzeria-and-pub,3,0
574,https://www.mdmountainside.com/liberty-wine-and-liquor,3,0
575,https://www.mdmountainside.com/lifetime-eyecare-center,3,0
576,https://www.mdmountainside.com/lighthouse-christian-academy-and-daycare,3,0
577,https://www.mdmountainside.com/lighthouse-of-hope-church,3,0
578,https://www.mdmountainside.com/lights-by-the-lake-2018,3,0
579,https://www.mdmountainside.com/lil-corner-market,3,0
580,https://www.mdmountainside.com/lindys-restaurant,3,0
581,https://www.mdmountainside.com/little-caesars-pizza,3,0
582,https://www.mdmountainside.com/little-orleans-campground-park-area,3,0
583,https://www.mdmountainside.com/little-orleans-lodge,3,0
584,https://www.mdmountainside.com/living-stone-church-of-the-brethren,3,0
585,https://www.mdmountainside.com/living-waters-ministries,3,0
586,https://www.mdmountainside.com/livvys-soft-serve,3,0
587,https://www.mdmountainside.com/local-craftsflea-market-and-soups-and-suds-for-a-clause,3,0
588,https://www.mdmountainside.com/local-farmerscraftflea-market-plus-brunch-with-santa-at-1812-brewery,3,0
589,https://www.mdmountainside.com/lonaconing-iron-furnace-and-park-,3,0
590,https://www.mdmountainside.com/long-john-silver,3,0
591,https://www.mdmountainside.com/lorenzos-frostburg-bakery,3,0
592,https://www.mdmountainside.com/loyola-university-maryland-retreat-center,3,0
593,https://www.mdmountainside.com/luckys-liquor-store,3,0
594,https://www.mdmountainside.com/m-and-m-bake-shop,3,0
595,https://www.mdmountainside.com/macdonalds-body-shop,3,0
596,https://www.mdmountainside.com/maddcatt-vapors,3,0
597,https://www.mdmountainside.com/madison-paige-boutique,3,0
598,https://www.mdmountainside.com/main-street-books,3,0
599,https://www.mdmountainside.com/main-street-pub,3,0
600,https://www.mdmountainside.com/making-smart-choices-about-health-insurance,3,0
601,https://www.mdmountainside.com/making-strides-against-breast-cancer-of-western-maryland,3,0
602,https://www.mdmountainside.com/mamma-mia,3,0
603,https://www.mdmountainside.com/mamma-mia-matinee,3,0
604,https://www.mdmountainside.com/manhattan-centre-golf-gallery,3,0
605,https://www.mdmountainside.com/maranantha-christian-fellowship,3,0
606,https://www.mdmountainside.com/marios-italian-eatery,3,0
607,https://www.mdmountainside.com/marketing-and-tourism-summit,3,0
608,https://www.mdmountainside.com/martins-food-market,3,0
609,https://www.mdmountainside.com/martins-food-market-lavale,3,0
610,https://www.mdmountainside.com/maryland-discount-beverage-center,3,0
611,https://www.mdmountainside.com/marylandwest-virginia-model-railroad-exhibit,3,0
612,https://www.mdmountainside.com/mason-complex-boat-access,3,0
613,https://www.mdmountainside.com/master-gardener-class,3,0
614,https://www.mdmountainside.com/mccoole-boat-access,3,0
615,https://www.mdmountainside.com/mcdonalds-1,3,0
616,https://www.mdmountainside.com/mcdonalds-2,3,0
617,https://www.mdmountainside.com/mcdonalds-3,3,0
618,https://www.mdmountainside.com/mcdonalds-4,3,0
619,https://www.mdmountainside.com/mcdonalds-5,3,0
620,https://www.mdmountainside.com/mcdonalds-6,3,0
621,https://www.mdmountainside.com/mcdonalds-7,3,0
622,https://www.mdmountainside.com/mcdonalds-8,3,0
623,https://www.mdmountainside.com/mcfarland-candies,3,0
624,https://www.mdmountainside.com/mcta-presents-traditional-irish-musician-dylan-foley,3,0
625,https://www.mdmountainside.com/md-mountain-weddings,3,0
626,https://www.mdmountainside.com/meeting-planners,2,0
627,https://www.mdmountainside.com/meg-romero-studio,3,0
628,https://www.mdmountainside.com/megan-bradley-5k-memorial-run-for-casa-of-allegany-county,3,0
629,https://www.mdmountainside.com/memorial-heights-baptist-church,3,0
630,https://www.mdmountainside.com/meteor-shower-a-play-by-steve-martin,3,0
631,https://www.mdmountainside.com/metropolitan-ame-church,3,0
632,https://www.mdmountainside.com/mexico-farms-equestrian-center,3,0
633,https://www.mdmountainside.com/mezzos,3,0
634,https://www.mdmountainside.com/midlife-crisis-on-stage-at-1812-brewery,3,0
635,https://www.mdmountainside.com/milestone-cube-company,3,0
636,https://www.mdmountainside.com/millstone-country-store,3,0
637,https://www.mdmountainside.com/minecraft-gaming,3,0
638,https://www.mdmountainside.com/miracle-on-34th-street-the-musical,3,0
639,https://www.mdmountainside.com/misty-blue-fashions,3,0
640,https://www.mdmountainside.com/mixx-112-boutique,3,0
641,https://www.mdmountainside.com/monument-unveiling-of-world-war-1-veteran-lest-umstot,3,0
642,https://www.mdmountainside.com/moonlight-madness-in-downtown-cumberland,3,0
643,https://www.mdmountainside.com/mortons-jewelry,3,0
644,https://www.mdmountainside.com/motel-6--lavale,3,0
645,https://www.mdmountainside.com/mount-savage-historical-society,3,0
646,https://www.mdmountainside.com/mountain-city-coffeehouse-creamery,3,0
647,https://www.mdmountainside.com/mountain-city-traditional-arts,3,0
648,https://www.mdmountainside.com/mountain-ducks-guide-service,3,0
649,https://www.mdmountainside.com/mountain-maryland-2018-photo-contest,2,0
650,https://www.mdmountainside.com/mountain-maryland-artist-studio-tours,3,0
651,https://www.mdmountainside.com/mountain-maryland-photo-contest,2,0
652,https://www.mdmountainside.com/mountain-maryland-photo-contest-2019,2,0
653,https://www.mdmountainside.com/mountain-maryland-trails,3,0
654,https://www.mdmountainside.com/mountain-maryland-trails-presents-3m-challenge-bike-race,3,0
655,https://www.mdmountainside.com/mountain-moonshine-train,3,0
656,https://www.mdmountainside.com/mountaineer-country-tours,3,0
657,https://www.mdmountainside.com/mountainmarylanddeluxe,2,0
658,https://www.mdmountainside.com/mountainshine-creative-llc,3,0
659,https://www.mdmountainside.com/mountainside-baroque-off-the-beaten-path,3,0
660,https://www.mdmountainside.com/mountainside-bike-tours,3,0
661,https://www.mdmountainside.com/movie-screening,3,0
662,https://www.mdmountainside.com/mr-tire-auto-service-center,3,0
663,https://www.mdmountainside.com/mr-toads-pottery,3,0
664,https://www.mdmountainside.com/mt-bank,3,0
665,https://www.mdmountainside.com/mt-bank-frostburg-2,3,0
666,https://www.mdmountainside.com/mt-bank-lavale,3,0
667,https://www.mdmountainside.com/mt-bank-south-cumberland,3,0
668,https://www.mdmountainside.com/mt-bank-westernport,3,0
669,https://www.mdmountainside.com/murder-mystery,3,0
670,https://www.mdmountainside.com/murder-mystery-bullets-and-bbq,3,0
671,https://www.mdmountainside.com/murder-mystery2,3,0
672,https://www.mdmountainside.com/murder-mystery23,3,0
673,https://www.mdmountainside.com/murder-mystery234,3,0
674,https://www.mdmountainside.com/murder-mystery2345,3,0
675,https://www.mdmountainside.com/murder-mystery23456,3,0
676,https://www.mdmountainside.com/murder-mystery234567,3,0
677,https://www.mdmountainside.com/murder-mystery2345678,3,0
678,https://www.mdmountainside.com/murder-mystery23456789,3,0
679,https://www.mdmountainside.com/music-by-fred-n-josh-food-by-good-carma-catering-at-1812,3,0
680,https://www.mdmountainside.com/music-by-jacob-blank-at-toasted-goat,3,0
681,https://www.mdmountainside.com/musician-chris-workman-at-1812-brewery,3,0
682,https://www.mdmountainside.com/musician-dan-stevens-plus-good-carma-catering-at-1812,3,0
683,https://www.mdmountainside.com/musician-greg-kerr-and-klavuhns-family-concessions-at-1812,3,0
684,https://www.mdmountainside.com/musician-jacob-blank-and-good-carma-catering-at-1812,3,0
685,https://www.mdmountainside.com/musician-shelby-herbert-and-chef-pauls-kitchen-at-1812-brewery,3,0
686,https://www.mdmountainside.com/national-night-out,3,0
687,https://www.mdmountainside.com/national-night-out-cumberland,3,0
688,https://www.mdmountainside.com/national-night-out-kick-off-event,3,0
689,https://www.mdmountainside.com/national-road-monument,3,0
690,https://www.mdmountainside.com/national-road-toll-house,3,0
691,https://www.mdmountainside.com/native-american-heritage-month-with-caitlin-hudgins,3,0
692,https://www.mdmountainside.com/natures-art,3,0
693,https://www.mdmountainside.com/naylors-ace-hardware,3,0
694,https://www.mdmountainside.com/never-forgotten,3,0
695,https://www.mdmountainside.com/new-life-tabernacle,3,0
696,https://www.mdmountainside.com/new-years-eve-2019,2,0
697,https://www.mdmountainside.com/new-years-eve-celebration-at-toasted-goat-winery,3,0
698,https://www.mdmountainside.com/new-years-eve-in-downtown-cumberland,3,0
699,https://www.mdmountainside.com/new-years-eve-murder-mystery-train,3,0
700,https://www.mdmountainside.com/news,2,0
701,https://www.mdmountainside.com/news-mountain-maryland-marketing-and-tourism-summit-launches-in-allegany-county-maryland,2,0
702,https://www.mdmountainside.com/news/2018-destination-guide,2,0
703,https://www.mdmountainside.com/news/allegany-county-tourism-announces-winners-for-2018-mountain-maryland-photo-contest,2,0
704,https://www.mdmountainside.com/news/best-of-awards,2,0
705,https://www.mdmountainside.com/news/blue-ridge-outdoors-best-of-awards-2019,2,0
706,https://www.mdmountainside.com/news/cumberland-maryland-selected-as-one-of-travel-channels-50-most-charming-small-towns-in-america,2,0
707,https://www.mdmountainside.com/news/cumberland-md-selected-as-top-adventure-town,2,0
708,https://www.mdmountainside.com/news/enterprise-rent-a-car-films-in-cumberland-md,2,0
709,https://www.mdmountainside.com/newsletter-signup,2,0
710,https://www.mdmountainside.com/night-of-the-living-dead,3,0
711,https://www.mdmountainside.com/night-of-the-living-dead-matinee,3,0
712,https://www.mdmountainside.com/niners-canal-pub,3,0
713,https://www.mdmountainside.com/noises-off,3,0
714,https://www.mdmountainside.com/noises-off-matinee,3,0
715,https://www.mdmountainside.com/november-book-club-meeting,3,0
716,https://www.mdmountainside.com/nye-murder-mystery-train,3,0
717,https://www.mdmountainside.com/oak-barrel-cafe2,3,0
718,https://www.mdmountainside.com/oak-barrel-citgo,3,0
719,https://www.mdmountainside.com/october-book-group,3,0
720,https://www.mdmountainside.com/oldtown-bethel-assembly-of-god,3,0
721,https://www.mdmountainside.com/ollies-bargain-outlet,3,0
722,https://www.mdmountainside.com/one-act-play-festival-2018,3,0
723,https://www.mdmountainside.com/one-stop-liquors,3,0
724,https://www.mdmountainside.com/oscars-restaurant,3,0
725,https://www.mdmountainside.com/our-farmers-markets,3,0
726,https://www.mdmountainside.com/outdoors,2,0
727,https://www.mdmountainside.com/outfitters,3,0
728,https://www.mdmountainside.com/papa-johns,3,0
729,https://www.mdmountainside.com/parks-and-forests,2,0
730,https://www.mdmountainside.com/parkview-liquor-store,3,0
731,https://www.mdmountainside.com/parris-n-glendening-recreational-complex,3,0
732,https://www.mdmountainside.com/partners,2,0
733,https://www.mdmountainside.com/partners/tourism-reinvestment-marketing-grant-program,2,0
734,https://www.mdmountainside.com/passages-of-the-western-potomac-heritage-area,2,0
735,https://www.mdmountainside.com/past-perfect--a-bargain-boutique,3,0
736,https://www.mdmountainside.com/patricks-pub,3,0
737,https://www.mdmountainside.com/paw-paw-tunnel-tours,3,0
738,https://www.mdmountainside.com/peppers-overstock-room,3,0
739,https://www.mdmountainside.com/pet-care,3,0
740,https://www.mdmountainside.com/pet-wants-mountain-maryland,3,0
741,https://www.mdmountainside.com/petsmart,3,0
742,https://www.mdmountainside.com/phantoom-of-the-universe,3,0
743,https://www.mdmountainside.com/pharmacare-bedford-road,3,0
744,https://www.mdmountainside.com/pharmacare-of-frostburg,3,0
745,https://www.mdmountainside.com/pharmacare-west,3,0
746,https://www.mdmountainside.com/pharmacare-willowbrook,3,0
747,https://www.mdmountainside.com/phoenix-landing-wellness--art-music-and-holistic-wellness,3,0
748,https://www.mdmountainside.com/photo-contest,2,0
749,https://www.mdmountainside.com/photo-contest-submission-confirmation,2,0
750,https://www.mdmountainside.com/photography-of-parker-reinecker-and-work-of-the-quad-state-bodgers,3,0
751,https://www.mdmountainside.com/pig-out-in-the-park,3,0
752,https://www.mdmountainside.com/pig-out-in-the-park-a-backyard-bbq-bash,3,0
753,https://www.mdmountainside.com/pirates-ahoy,3,0
754,https://www.mdmountainside.com/pizza-hut,3,0
755,https://www.mdmountainside.com/pizza-hut2,3,0
756,https://www.mdmountainside.com/pizza-hut23,3,0
757,https://www.mdmountainside.com/places-to-stay,2,0
758,https://www.mdmountainside.com/plan-visit,2,0
759,https://www.mdmountainside.com/platinum-coach-limousine-service,3,0
760,https://www.mdmountainside.com/playing-for-pennies-(mcdonald-and-nash)-plus-queen-city-creamery-at-1812-brewery,3,0
761,https://www.mdmountainside.com/playing-for-pennies-plus-three-great-food-trucks-at-1812-brewery,3,0
762,https://www.mdmountainside.com/port-west-restaurant,3,0
763,https://www.mdmountainside.com/potomac-eagle-scenic-railroad,3,0
764,https://www.mdmountainside.com/potomac-valley-pharmacy,3,0
765,https://www.mdmountainside.com/powells-auto-parts-towing,3,0
766,https://www.mdmountainside.com/presents-for-paws,3,0
767,https://www.mdmountainside.com/press-room,2,0
768,https://www.mdmountainside.com/princess-restaurant,3,0
769,https://www.mdmountainside.com/privacy,2,0
770,https://www.mdmountainside.com/project-rachel-information-session,3,0
771,https://www.mdmountainside.com/prosperity-united-methodist-church,3,0
772,https://www.mdmountainside.com/public-reading-the-granny-chronicles,3,0
773,https://www.mdmountainside.com/puccini-restaurant,3,0
774,https://www.mdmountainside.com/put-yourself-first,3,0
775,https://www.mdmountainside.com/quality-inn-suites,3,0
776,https://www.mdmountainside.com/queen-city-creamery,3,0
777,https://www.mdmountainside.com/queen-city-film-festival-(qcff)-2018,3,0
778,https://www.mdmountainside.com/queen-city-flea-market,3,0
779,https://www.mdmountainside.com/queen-city-motors,3,0
780,https://www.mdmountainside.com/queen-city-taxi,3,0
781,https://www.mdmountainside.com/ramada-downtown-cumberland,3,0
782,https://www.mdmountainside.com/rawlings-united-methodist-church,3,0
783,https://www.mdmountainside.com/red-ridge-auto-repair,3,0
784,https://www.mdmountainside.com/rent-a-wreck,3,0
785,https://www.mdmountainside.com/request-a-guide,2,0
786,https://www.mdmountainside.com/resources,2,0
787,https://www.mdmountainside.com/restaurants,3,0
788,https://www.mdmountainside.com/restaurants?from=1,3,0
789,https://www.mdmountainside.com/restaurants?from=11,3,0
790,https://www.mdmountainside.com/restaurants?from=21,3,0
791,https://www.mdmountainside.com/restaurants?from=31,3,0
792,https://www.mdmountainside.com/restaurants?from=41,3,0
793,https://www.mdmountainside.com/restoring-the-american-chestnut-a-research-and-volunteer-effort,3,0
794,https://www.mdmountainside.com/results,3,0
795,https://www.mdmountainside.com/results?from=1,3,0
796,https://www.mdmountainside.com/results?from=101,3,0
797,https://www.mdmountainside.com/results?from=11,3,0
798,https://www.mdmountainside.com/results?from=111,3,0
799,https://www.mdmountainside.com/results?from=121,3,0
800,https://www.mdmountainside.com/results?from=131,3,0
801,https://www.mdmountainside.com/results?from=141,3,0
802,https://www.mdmountainside.com/results?from=151,3,0
803,https://www.mdmountainside.com/results?from=161,3,0
804,https://www.mdmountainside.com/results?from=171,3,0
805,https://www.mdmountainside.com/results?from=181,3,0
806,https://www.mdmountainside.com/results?from=191,3,0
807,https://www.mdmountainside.com/results?from=201,3,0
808,https://www.mdmountainside.com/results?from=21,3,0
809,https://www.mdmountainside.com/results?from=211,3,0
810,https://www.mdmountainside.com/results?from=221,3,0
811,https://www.mdmountainside.com/results?from=231,3,0
812,https://www.mdmountainside.com/results?from=241,3,0
813,https://www.mdmountainside.com/results?from=251,3,0
814,https://www.mdmountainside.com/results?from=261,3,0
815,https://www.mdmountainside.com/results?from=271,3,0
816,https://www.mdmountainside.com/results?from=281,3,0
817,https://www.mdmountainside.com/results?from=291,3,0
818,https://www.mdmountainside.com/results?from=301,3,0
819,https://www.mdmountainside.com/results?from=31,3,0
820,https://www.mdmountainside.com/results?from=311,3,0
821,https://www.mdmountainside.com/results?from=321,3,0
822,https://www.mdmountainside.com/results?from=331,3,0
823,https://www.mdmountainside.com/results?from=341,3,0
824,https://www.mdmountainside.com/results?from=351,3,0
825,https://www.mdmountainside.com/results?from=361,3,0
826,https://www.mdmountainside.com/results?from=371,3,0
827,https://www.mdmountainside.com/results?from=381,3,0
828,https://www.mdmountainside.com/results?from=391,3,0
829,https://www.mdmountainside.com/results?from=401,3,0
830,https://www.mdmountainside.com/results?from=41,3,0
831,https://www.mdmountainside.com/results?from=411,3,0
832,https://www.mdmountainside.com/results?from=421,3,0
833,https://www.mdmountainside.com/results?from=431,3,0
834,https://www.mdmountainside.com/results?from=441,3,0
835,https://www.mdmountainside.com/results?from=451,3,0
836,https://www.mdmountainside.com/results?from=461,3,0
837,https://www.mdmountainside.com/results?from=471,3,0
838,https://www.mdmountainside.com/results?from=481,3,0
839,https://www.mdmountainside.com/results?from=491,3,0
840,https://www.mdmountainside.com/results?from=501,3,0
841,https://www.mdmountainside.com/results?from=51,3,0
842,https://www.mdmountainside.com/results?from=511,3,0
843,https://www.mdmountainside.com/results?from=521,3,0
844,https://www.mdmountainside.com/results?from=531,3,0
845,https://www.mdmountainside.com/results?from=541,3,0
846,https://www.mdmountainside.com/results?from=551,3,0
847,https://www.mdmountainside.com/results?from=561,3,0
848,https://www.mdmountainside.com/results?from=571,3,0
849,https://www.mdmountainside.com/results?from=581,3,0
850,https://www.mdmountainside.com/results?from=591,3,0
851,https://www.mdmountainside.com/results?from=601,3,0
852,https://www.mdmountainside.com/results?from=61,3,0
853,https://www.mdmountainside.com/results?from=611,3,0
854,https://www.mdmountainside.com/results?from=621,3,0
855,https://www.mdmountainside.com/results?from=631,3,0
856,https://www.mdmountainside.com/results?from=641,3,0
857,https://www.mdmountainside.com/results?from=651,3,0
858,https://www.mdmountainside.com/results?from=661,3,0
859,https://www.mdmountainside.com/results?from=671,3,0
860,https://www.mdmountainside.com/results?from=681,3,0
861,https://www.mdmountainside.com/results?from=691,3,0
862,https://www.mdmountainside.com/results?from=71,3,0
863,https://www.mdmountainside.com/results?from=81,3,0
864,https://www.mdmountainside.com/results?from=91,3,0
865,https://www.mdmountainside.com/revisiting-the-lonaconing-silk-mill,3,0
866,https://www.mdmountainside.com/rio-grande-inc-restaurante-mexican,3,0
867,https://www.mdmountainside.com/ristorante-ottaviani,3,0
868,https://www.mdmountainside.com/ritas-ice,3,0
869,https://www.mdmountainside.com/rite-aid-pharmacy,3,0
870,https://www.mdmountainside.com/rite-aid-pharmacy-frostburg,3,0
871,https://www.mdmountainside.com/river-access,2,0
872,https://www.mdmountainside.com/river-and-rails-festival,3,0
873,https://www.mdmountainside.com/river-rail-fest,3,0
874,https://www.mdmountainside.com/river-rail-fest-train,3,0
875,https://www.mdmountainside.com/riverside-bmx,3,0
876,https://www.mdmountainside.com/rocktember,3,0
877,https://www.mdmountainside.com/rocky-gap-casino--lbs-place,3,0
878,https://www.mdmountainside.com/rocky-gap-casino--on-the-rocks,3,0
879,https://www.mdmountainside.com/rocky-gap-casino-resort,3,0
880,https://www.mdmountainside.com/rocky-gap-casino-resort--a-little-munch,3,0
881,https://www.mdmountainside.com/rocky-gap-casino-resort--lakeside-dining-room,3,0
882,https://www.mdmountainside.com/rocky-gap-casino-resort--signatures-bar-and-grill,3,0
883,https://www.mdmountainside.com/rocky-gap-golf-course,3,0
884,https://www.mdmountainside.com/rocky-gap-state-park,3,0
885,https://www.mdmountainside.com/rocky-gap-state-park-aviary,3,0
886,https://www.mdmountainside.com/rocky-gap-state-park-campgrounds,3,0
887,https://www.mdmountainside.com/roses--cumberland,3,0
888,https://www.mdmountainside.com/roses--frostburg,3,0
889,https://www.mdmountainside.com/roy-rogers-restaurant,3,0
890,https://www.mdmountainside.com/ruby-tuesday,3,0
891,https://www.mdmountainside.com/rustic-touch,3,0
892,https://www.mdmountainside.com/sadies,3,0
893,https://www.mdmountainside.com/salem-united-church-of-christ,3,0
894,https://www.mdmountainside.com/samhain-the-celtic-origins-of-halloween-fourth-friday-tea,3,0
895,https://www.mdmountainside.com/sand-springs-saloon-steakhouse,3,0
896,https://www.mdmountainside.com/savage-fame-paintball-park,3,0
897,https://www.mdmountainside.com/savage-mountain-punk-festival,3,0
898,https://www.mdmountainside.com/scents-n-things,3,0
899,https://www.mdmountainside.com/schoolhouse-kitchen,3,0
900,https://www.mdmountainside.com/second-baptist-church-sbc,3,0
901,https://www.mdmountainside.com/seoul-house,3,0
902,https://www.mdmountainside.com/september-book-group-discussion,3,0
903,https://www.mdmountainside.com/serenity-garden-labyrinth,3,0
904,https://www.mdmountainside.com/seventh-day-adventist-church2,3,0
905,https://www.mdmountainside.com/shakes-n-jazz,3,0
906,https://www.mdmountainside.com/shaw-mansion-inn,3,0
907,https://www.mdmountainside.com/sheetz-bedford-road,3,0
908,https://www.mdmountainside.com/sheetz-convenience-stores,3,0
909,https://www.mdmountainside.com/sheetz-corriganville,3,0
910,https://www.mdmountainside.com/sheetz-cresaptown,3,0
911,https://www.mdmountainside.com/sheetz-frostburg,3,0
912,https://www.mdmountainside.com/sheetz-green-street,3,0
913,https://www.mdmountainside.com/sheetz-virginia-avenue,3,0
914,https://www.mdmountainside.com/sheetz-winchester-road,3,0
915,https://www.mdmountainside.com/shes-so-pretty,3,0
916,https://www.mdmountainside.com/shoes-diesel-performance,3,0
917,https://www.mdmountainside.com/shooters-bar-grill,3,0
918,https://www.mdmountainside.com/shop-small,3,0
919,https://www.mdmountainside.com/shop-small-saturday-at-barkin-basement-thrift-shop,3,0
920,https://www.mdmountainside.com/shop-small-saturday-at-fort-cumberland-emporium,3,0
921,https://www.mdmountainside.com/shop-small?from=1,3,0
922,https://www.mdmountainside.com/shop-small?from=11,3,0
923,https://www.mdmountainside.com/shop-small?from=21,3,0
924,https://www.mdmountainside.com/shop-small?from=31,3,0
925,https://www.mdmountainside.com/shop-small?from=41,3,0
926,https://www.mdmountainside.com/shopping,3,0
927,https://www.mdmountainside.com/shopping?from=1,3,0
928,https://www.mdmountainside.com/shopping?from=11,3,0
929,https://www.mdmountainside.com/shopping?from=21,3,0
930,https://www.mdmountainside.com/shopping?from=31,3,0
931,https://www.mdmountainside.com/shopping?from=41,3,0
932,https://www.mdmountainside.com/shopping?from=51,3,0
933,https://www.mdmountainside.com/shopping?from=61,3,0
934,https://www.mdmountainside.com/shopping?from=71,3,0
935,https://www.mdmountainside.com/shopping?from=81,3,0
936,https://www.mdmountainside.com/sideling-hill-creek-nature-preserve,3,0
937,https://www.mdmountainside.com/simplee-kountry,3,0
938,https://www.mdmountainside.com/simply-formal-,3,0
939,https://www.mdmountainside.com/sips-for-survivors-at-toasted-goat-winery,3,0
940,https://www.mdmountainside.com/sitemap,2,0
941,https://www.mdmountainside.com/sitn-jaw,3,0
942,https://www.mdmountainside.com/sitn-jaw2,3,0
943,https://www.mdmountainside.com/sitn-jaw23,3,0
944,https://www.mdmountainside.com/sitn-jaw234,3,0
945,https://www.mdmountainside.com/sitn-jaw2345,3,0
946,https://www.mdmountainside.com/sitn-jaw23456,3,0
947,https://www.mdmountainside.com/skewers,3,0
948,https://www.mdmountainside.com/skid-row-in-concert,3,0
949,https://www.mdmountainside.com/sleep-inn-,3,0
950,https://www.mdmountainside.com/small-business-saturday-2018,3,0
951,https://www.mdmountainside.com/smittys-tire-truck-service,3,0
952,https://www.mdmountainside.com/souls-harbor-church,3,0
953,https://www.mdmountainside.com/south-cumberland-pharmacy,3,0
954,https://www.mdmountainside.com/spa-and-wellness,3,0
955,https://www.mdmountainside.com/special-love-friday-at-1812-brewery,3,0
956,https://www.mdmountainside.com/specialty-food,3,0
957,https://www.mdmountainside.com/spectrum-design-services-llc,3,0
958,https://www.mdmountainside.com/sponaugle-towing,3,0
959,https://www.mdmountainside.com/spring,2,0
960,https://www.mdmountainside.com/spring-gap-boat-access,3,0
961,https://www.mdmountainside.com/spun-from-light-woven-in-silence-paintings-on-glass-by-john-lyon-paul,3,0
962,https://www.mdmountainside.com/ss-peter-paul-shrine,3,0
963,https://www.mdmountainside.com/st-ambrose-church,3,0
964,https://www.mdmountainside.com/st-georges-episcopal-church,3,0
965,https://www.mdmountainside.com/st-james-episcopal-church,3,0
966,https://www.mdmountainside.com/st-johns-episcopal-church,3,0
967,https://www.mdmountainside.com/st-johns-lutheran-church,3,0
968,https://www.mdmountainside.com/st-lukes-lutheran-church,3,0
969,https://www.mdmountainside.com/st-marks-community-church,3,0
970,https://www.mdmountainside.com/st-marys-catholic-church,3,0
971,https://www.mdmountainside.com/st-matthews-united-church-of-christ,3,0
972,https://www.mdmountainside.com/st-michaels-catholic-church-,3,0
973,https://www.mdmountainside.com/st-patricks-catholic-church,3,0
974,https://www.mdmountainside.com/st-pauls-lutheran-church,3,0
975,https://www.mdmountainside.com/st-pauls-lutheran-church2,3,0
976,https://www.mdmountainside.com/st-peters-episcopal-church,3,0
977,https://www.mdmountainside.com/st-peters-rectory,3,0
978,https://www.mdmountainside.com/standard-bank,3,0
979,https://www.mdmountainside.com/standard-bank-cumberland,3,0
980,https://www.mdmountainside.com/staples,3,0
981,https://www.mdmountainside.com/station-x-hobby-store,3,0
982,https://www.mdmountainside.com/steeped-in-traditions,3,0
983,https://www.mdmountainside.com/sterling-optical,3,0
984,https://www.mdmountainside.com/steves-pharmacy,3,0
985,https://www.mdmountainside.com/stonebridge,3,0
986,https://www.mdmountainside.com/storybook-holiday-2018,3,0
987,https://www.mdmountainside.com/storytime-at-the-book-center-2018,3,0
988,https://www.mdmountainside.com/strangerz-acoustic-sob-bbq-and-pink-and-drink-after-party-at-1812,3,0
989,https://www.mdmountainside.com/submit-an-event,2,0
990,https://www.mdmountainside.com/subway,3,0
991,https://www.mdmountainside.com/summer,2,0
992,https://www.mdmountainside.com/summer-mountain-cluster-dog-shows,3,0
993,https://www.mdmountainside.com/summer-music-academy,3,0
994,https://www.mdmountainside.com/summer-of-heritage,2,0
995,https://www.mdmountainside.com/summer-of-heritage?fbclid=IwAR0moo06v_OU-3wGoZewl-SvxjSS-jlom0rnekFrW6DHc8z7ZmH19gJhFZM,2,0
996,https://www.mdmountainside.com/summer?fbclid=IwAR1K4yjnGeOUkPo3eTvjxfCu3so8ZCUqV36-F1bzS3_TuSozi-pHoJpNi40,2,0
997,https://www.mdmountainside.com/summer?fbclid=IwAR2Ugr5VvVQlMkOugHgqmr-uHEs-aVZNXeLs6ymQ9jt0vM8T8kKP_d3nnok,2,0
998,https://www.mdmountainside.com/summer?fbclid=IwAR2cEfwhwsD1ZRpQaVc3GX5kaHTwSHhsbNVsW6HUvNjbMtsy9-nal0qi210,2,0
999,https://www.mdmountainside.com/summer?fbclid=IwAR2uc0zc6byAoXy3SjtOYFXkdEeuvinluSMxNzTaAP2-r7sbpuACKQdzf_s,2,0
1000,https://www.mdmountainside.com/summer?fbclid=IwAR2w5ksyUzICy4r-nL0B1-yiOXfOxNOVG4u8zgFpbLJDQSPJDNegZV1bY78,2,0
1001,https://www.mdmountainside.com/summer?goal=0_2f4e1e8384-205082d997-245207921&mc_cid=205082d997&mc_eid=52f77e06bd,2,0
1002,https://www.mdmountainside.com/sunday-in-the-park-concert-series-28-speedway,3,0
1003,https://www.mdmountainside.com/sunday-in-the-park-concert-series-cramer-brothers,3,0
1004,https://www.mdmountainside.com/sunday-in-the-park-concert-series-hot-sauce-willie,3,0
1005,https://www.mdmountainside.com/sunday-in-the-park-concert-series-jazz-in-the-park-with-tom-harrison,3,0
1006,https://www.mdmountainside.com/sunday-in-the-park-concert-series-not-really-dan--steely-dan-tribute,3,0
1007,https://www.mdmountainside.com/sunday-in-the-park-concert-series-potomac-concert-band,3,0
1008,https://www.mdmountainside.com/sunday-in-the-park-concert-series-shades-of-blue,3,0
1009,https://www.mdmountainside.com/sunday-in-the-park-concert-series-shanty-irish,3,0
1010,https://www.mdmountainside.com/sunday-in-the-park-concert-series-surrender-dorothy,3,0
1011,https://www.mdmountainside.com/sunday-in-the-park-concert-series-tarnished-silver,3,0
1012,https://www.mdmountainside.com/super-8-motel,3,0
1013,https://www.mdmountainside.com/super-shoes,3,0
1014,https://www.mdmountainside.com/superhero-adventure-challenge,3,0
1015,https://www.mdmountainside.com/susquehanna-bank,3,0
1016,https://www.mdmountainside.com/taco-bell,3,0
1017,https://www.mdmountainside.com/tech-at-the-gap-igniting-innovation-18,3,0
1018,https://www.mdmountainside.com/terrys-jewelry,3,0
1019,https://www.mdmountainside.com/texas-grillhouse,3,0
1020,https://www.mdmountainside.com/the-acoustic-music-of-charlie-mcclanahan-and-good-carma-catering-at-1812-brewery,3,0
1021,https://www.mdmountainside.com/the-best-christmas-pageant-ever,3,0
1022,https://www.mdmountainside.com/the-book-center,3,0
1023,https://www.mdmountainside.com/the-church-of-saint-patrick,3,0
1024,https://www.mdmountainside.com/the-churchill-pub-restaurant,3,0
1025,https://www.mdmountainside.com/the-culinaire-cafe,3,0
1026,https://www.mdmountainside.com/the-draft-sports-bar-grille,3,0
1027,https://www.mdmountainside.com/the-edge-of-earth-and-sky,3,0
1028,https://www.mdmountainside.com/the-fall-foliage-experience-train,3,0
1029,https://www.mdmountainside.com/the-filling-station-diner,3,0
1030,https://www.mdmountainside.com/the-froyo-factory,3,0
1031,https://www.mdmountainside.com/the-gordon-roberts-house,3,0
1032,https://www.mdmountainside.com/the-greater-cumberland-regional-airport,3,0
1033,https://www.mdmountainside.com/the-gulf-war-memorial,3,0
1034,https://www.mdmountainside.com/the-hazen-gallery-at-allegany-college-of-maryland,3,0
1035,https://www.mdmountainside.com/the-irvin-allen--michael-cresap-museum-inc,3,0
1036,https://www.mdmountainside.com/the-knot-hole-craft-shop,3,0
1037,https://www.mdmountainside.com/the-magic-of-vince-a-tribute-to-the-great-houdini,3,0
1038,https://www.mdmountainside.com/the-manhattan-social,3,0
1039,https://www.mdmountainside.com/the-outback-lounge,3,0
1040,https://www.mdmountainside.com/the-palace-theatre,3,0
1041,https://www.mdmountainside.com/the-plate-scrapers-live-on-the-mccoury-family-stage,3,0
1042,https://www.mdmountainside.com/the-pros-from-dover-and-klavuhns-family,3,0
1043,https://www.mdmountainside.com/the-pros-from-dover-and-klavuhns-family-concessions-at-1812-brewery,3,0
1044,https://www.mdmountainside.com/the-rocky-horror-picture-show-(1975),3,0
1045,https://www.mdmountainside.com/the-shoe-dept,3,0
1046,https://www.mdmountainside.com/the-spa-at-rocky-gap-casino-,3,0
1047,https://www.mdmountainside.com/the-spanish-musical-diaspora-iberia-y-amrica,3,0
1048,https://www.mdmountainside.com/the-spring-dance-concert,3,0
1049,https://www.mdmountainside.com/the-strawberry-dog,3,0
1050,https://www.mdmountainside.com/the-summit,2,0
1051,https://www.mdmountainside.com/the-tea-cupboard,3,0
1052,https://www.mdmountainside.com/the-vapor-room,3,0
1053,https://www.mdmountainside.com/the-vapor-room2,3,0
1054,https://www.mdmountainside.com/things-to-do,2,0
1055,https://www.mdmountainside.com/third-friday-dance-session,3,0
1056,https://www.mdmountainside.com/third-friday-dance-session2,3,0
1057,https://www.mdmountainside.com/third-friday-dance-session23,3,0
1058,https://www.mdmountainside.com/thirsty-thursday-game-nights-at-1812,3,0
1059,https://www.mdmountainside.com/thrasher-carriage-museum,3,0
1060,https://www.mdmountainside.com/three-guys-guns,3,0
1061,https://www.mdmountainside.com/timbrook-honda-of-cumberland,3,0
1062,https://www.mdmountainside.com/tnt-dakota-saloon,3,0
1063,https://www.mdmountainside.com/to-sing-to-the-lute,3,0
1064,https://www.mdmountainside.com/to-sing-to-the-lute-cumberland,3,0
1065,https://www.mdmountainside.com/toasted-goat-and-hotel-gunter-grand-opening-and-ribbon-cutting,3,0
1066,https://www.mdmountainside.com/toasted-goat-winery-tasting-room,3,0
1067,https://www.mdmountainside.com/todds-smokin-bar-b-q,3,0
1068,https://www.mdmountainside.com/top-10-fall-activities,2,0
1069,https://www.mdmountainside.com/tourism-grant-2019,2,0
1070,https://www.mdmountainside.com/town-creek-aqueduct-boat-access,3,0
1071,https://www.mdmountainside.com/town-hill-bed-breakfast,3,0
1072,https://www.mdmountainside.com/trail-inn-and-campground,3,0
1073,https://www.mdmountainside.com/trail-inn-lodging-and-campground,3,0
1074,https://www.mdmountainside.com/trailguide-features-cumberland-md,2,0
1075,https://www.mdmountainside.com/trails,2,0
1076,https://www.mdmountainside.com/transportation,3,0
1077,https://www.mdmountainside.com/transportation?from=1,3,0
1078,https://www.mdmountainside.com/transportation?from=11,3,0
1079,https://www.mdmountainside.com/transportation?from=21,3,0
1080,https://www.mdmountainside.com/transportation?from=31,3,0
1081,https://www.mdmountainside.com/twisteez-ice-cream,3,0
1082,https://www.mdmountainside.com/uncle-jacks-pizzeria-pub,3,0
1083,https://www.mdmountainside.com/union-grove-one-room-schoolhouse,3,0
1084,https://www.mdmountainside.com/valentines-day-2019,2,0
1085,https://www.mdmountainside.com/valero,3,0
1086,https://www.mdmountainside.com/vanmeters-gas-grocery,3,0
1087,https://www.mdmountainside.com/victorian-creations,3,0
1088,https://www.mdmountainside.com/vietnam-veterans-of-america-chapter-172-museum,3,0
1089,https://www.mdmountainside.com/wal-mart-supercenter,3,0
1090,https://www.mdmountainside.com/walkers-exxon,3,0
1091,https://www.mdmountainside.com/walmart-supercenter,3,0
1092,https://www.mdmountainside.com/walmart-vision-center,3,0
1093,https://www.mdmountainside.com/walsh-mccagh-kellough-pharmacy,3,0
1094,https://www.mdmountainside.com/warrant-in-concert,3,0
1095,https://www.mdmountainside.com/warrior-mountain-paintball,3,0
1096,https://www.mdmountainside.com/wasabi-japanese-cuisine,3,0
1097,https://www.mdmountainside.com/water-fun,3,0
1098,https://www.mdmountainside.com/weddings,2,0
1099,https://www.mdmountainside.com/weinerfest,3,0
1100,https://www.mdmountainside.com/weinerfest-ii,3,0
1101,https://www.mdmountainside.com/weinerfest-ii-presents-hot-sauce-willie,3,0
1102,https://www.mdmountainside.com/weinerfest-ii-presents-queen-city-funk-and-soul,3,0
1103,https://www.mdmountainside.com/weis-market-mcmullen-hwy,3,0
1104,https://www.mdmountainside.com/welsh-memorial-baptist-church,3,0
1105,https://www.mdmountainside.com/wendys-old-fashioned-hamburgers,3,0
1106,https://www.mdmountainside.com/wendys-old-fashioned-hamburgers-2,3,0
1107,https://www.mdmountainside.com/western-maryland-animal-hospital,3,0
1108,https://www.mdmountainside.com/western-maryland-craft-beverage-festival,3,0
1109,https://www.mdmountainside.com/western-maryland-dermatology,3,0
1110,https://www.mdmountainside.com/western-maryland-gallery,3,0
1111,https://www.mdmountainside.com/western-maryland-health-system,3,0
1112,https://www.mdmountainside.com/western-maryland-music-center,3,0
1113,https://www.mdmountainside.com/western-maryland-music-festival,3,0
1114,https://www.mdmountainside.com/western-maryland-railway-station-at-canal-place,3,0
1115,https://www.mdmountainside.com/western-maryland-scenic-railroad,3,0
1116,https://www.mdmountainside.com/western-maryland-scenic-railroad-gift-shop,3,0
1117,https://www.mdmountainside.com/western-md-street-rod-roundup,3,0
1118,https://www.mdmountainside.com/western-mountains-chapter-of-the-maryland-native-plant-society,3,0
1119,https://www.mdmountainside.com/westernport-boat-access,3,0
1120,https://www.mdmountainside.com/westernport-church-of-the-brethren,3,0
1121,https://www.mdmountainside.com/westernport-heritage-society-station-museum,3,0
1122,https://www.mdmountainside.com/white-christmas,3,0
1123,https://www.mdmountainside.com/white-christmas-matinee,3,0
1124,https://www.mdmountainside.com/wholesome-harvest-co-op,3,0
1125,https://www.mdmountainside.com/williams-stained-glass-studio,3,0
1126,https://www.mdmountainside.com/wills-creek-exhibition,3,0
1127,https://www.mdmountainside.com/window-expressions,3,0
1128,https://www.mdmountainside.com/winifred-road-church-of-christ,3,0
1129,https://www.mdmountainside.com/winnies-rock-cauldron-cabaret,3,0
1130,https://www.mdmountainside.com/winterland-on-the-western-maryland,3,0
1131,https://www.mdmountainside.com/winters-towing,3,0
1132,https://www.mdmountainside.com/wmhs-farmers-market,3,0
1133,https://www.mdmountainside.com/world-war-i-in-your-attic-western-maryland-in-the-first-world-war,3,0
1134,https://www.mdmountainside.com/worn-out-flannels-and-sweet-dreams-food-truck-at-1812-brewery,3,0
1135,https://www.mdmountainside.com/worn-out-flannels-plus-chef-pauls-kitchen-at-1812-brewery,3,0
1136,https://www.mdmountainside.com/yamato-steakhouse-of-japan,3,0
1137,https://www.mdmountainside.com/yellow-cab-co,3,0
1138,https://www.mdmountainside.com/yellow-k-records,3,0
1139,https://www.mdmountainside.com/zula-patrol-down-to-earth,3,0
