,URL,Accessibility Violations,Accessibility Passes
0,https://www.mdmountainside.com/,4,0
1,https://www.mdmountainside.com/10th-annual-mountain-maryland-plein-air,5,0
2,https://www.mdmountainside.com/1812-brewery,5,0
3,https://www.mdmountainside.com/1812-brewery-farmerscraftsflea-market,5,0
4,https://www.mdmountainside.com/1812-brewery-farmerscraftsflea-market2,5,0
5,https://www.mdmountainside.com/1812-brewery-farmerscraftsflea-market23,5,0
6,https://www.mdmountainside.com/1812-brewery-farmerscraftsflea-market234,5,0
7,https://www.mdmountainside.com/1812-brewery-holiday-flea-market-and-brunch-with-santa,5,0
8,https://www.mdmountainside.com/1812-brewery-presents-musician-gibb-cochrum-and-food-by-chef-pauls-kitchen,5,0
9,https://www.mdmountainside.com/1812-brewery-presents-musician-jacob-blank-and-bbq-beast,4,0
10,https://www.mdmountainside.com/1812-octobeerfest-dinner-with-good-carma-catering,5,0
11,https://www.mdmountainside.com/1812s-howl-o-ween-party,5,0
12,https://www.mdmountainside.com/18th-annual-labor-day-supercruise,5,0
13,https://www.mdmountainside.com/1978-bishop-walsh-city-championship-football-reunion-with-night-traveler-and-wamba-caravan-89,5,0
14,https://www.mdmountainside.com/2018-cumberland-holiday-historic-home-tour,5,0
15,https://www.mdmountainside.com/2018-halloween-bash-with-rubix-kube,5,0
16,https://www.mdmountainside.com/2018-western-maryland-kidney-ride,5,0
17,https://www.mdmountainside.com/2019-destination-guide,4,0
18,https://www.mdmountainside.com/2nd-annual-ugly-christmas-sweater-party-at-1812-brewery,5,0
19,https://www.mdmountainside.com/2nd-annual-ymca-dragons-on-the-lake,6,0
20,https://www.mdmountainside.com/30th-annual-iron-furnace-5k-and-fun-walk,5,0
21,https://www.mdmountainside.com/32nd-annual-coney-days-coney-days-campfire,5,0
22,https://www.mdmountainside.com/32nd-annual-coney-days-sunday-in-the-park,5,0
23,https://www.mdmountainside.com/3m-challenge-bike-ride,5,0
24,https://www.mdmountainside.com/4th-annual-brush-tunnel-marathon-and-half-marathon,5,0
25,https://www.mdmountainside.com/4th-of-july-fireworks,4,0
26,https://www.mdmountainside.com/5th-annual-gap-marathon-and-half-marathon,5,0
27,https://www.mdmountainside.com/5th-annual-howards-run-festival,5,0
28,https://www.mdmountainside.com/5th-last-dale-murray-memorial-benefit-motorcycle-ride,5,0
29,https://www.mdmountainside.com/69th-annual-south-cumberland-business-and-civic-association-marsha-l-thomas-memorial-halloween-parade,4,0
30,https://www.mdmountainside.com/7-cs-lodging,5,0
31,https://www.mdmountainside.com/9-decatur-guest-house-and-hostel,5,0
32,https://www.mdmountainside.com/9-north-centre-for-the-arts,5,0
33,https://www.mdmountainside.com/?fbclid=IwAR0IxhFOSItNOypFXaMzorh3kQ0vL5fw3XBhO8MYsh2VH9agoIAQJlBifyw,4,0
34,https://www.mdmountainside.com/Delfest,4,0
35,https://www.mdmountainside.com/a-festival-of-lessons-and-carols-for-christmas,5,0
36,https://www.mdmountainside.com/about,5,0
37,https://www.mdmountainside.com/about-allegany-county-tourism,4,0
38,https://www.mdmountainside.com/accent-on-health-chiropractic-massage,5,0
39,https://www.mdmountainside.com/acre-coworking,5,0
40,https://www.mdmountainside.com/al-gar-federal-credit-union,5,0
41,https://www.mdmountainside.com/aldi-grocery-store,5,0
42,https://www.mdmountainside.com/ali-ghan-shrine-club,5,0
43,https://www.mdmountainside.com/allegania,5,0
44,https://www.mdmountainside.com/allegany-arts-council,5,0
45,https://www.mdmountainside.com/allegany-chiropractic-center,5,0
46,https://www.mdmountainside.com/allegany-college-of-maryland,5,0
47,https://www.mdmountainside.com/allegany-county-fair-ag-expo,5,0
48,https://www.mdmountainside.com/allegany-county-fairgrounds,5,0
49,https://www.mdmountainside.com/allegany-county-library-system,5,0
50,https://www.mdmountainside.com/allegany-county-march-for-babies,5,0
51,https://www.mdmountainside.com/allegany-county-restaurant-week,5,0
52,https://www.mdmountainside.com/allegany-county-restaurant-week-2018,4,0
53,https://www.mdmountainside.com/allegany-county-schools,5,0
54,https://www.mdmountainside.com/allegany-county-teachers-credit-union,5,0
55,https://www.mdmountainside.com/allegany-county-transit-,5,0
56,https://www.mdmountainside.com/allegany-county-visitor-center,5,0
57,https://www.mdmountainside.com/allegany-liquor-store,5,0
58,https://www.mdmountainside.com/allegany-museum,5,0
59,https://www.mdmountainside.com/allegheny-trail-house-bed-breakfast,5,0
60,https://www.mdmountainside.com/alpacas-at-rivers-edge-farm,5,0
61,https://www.mdmountainside.com/an-evening-at-1812-with-gibb-cochrum-and-mighty-kimchi-food-truck,5,0
62,https://www.mdmountainside.com/annies-sleep-center,5,0
63,https://www.mdmountainside.com/appalachia-awakening,5,0
64,https://www.mdmountainside.com/appalachian-festival,5,0
65,https://www.mdmountainside.com/appels-gateway,5,0
66,https://www.mdmountainside.com/applebees-restaurant,5,0
67,https://www.mdmountainside.com/apples-east-coast-motorcycle-rally,5,0
68,https://www.mdmountainside.com/arbys,5,0
69,https://www.mdmountainside.com/ark-candles-soaps,5,0
70,https://www.mdmountainside.com/around-the-back-family-chiropractic,5,0
71,https://www.mdmountainside.com/art-exhibit-by-sheri-sensabaugh-the-fabric-of-my-life,5,0
72,https://www.mdmountainside.com/art-exhibition-art-and-soul-ii-by-susan-g-devan,5,0
73,https://www.mdmountainside.com/arts-and-culture,4,0
74,https://www.mdmountainside.com/aspen-dental,5,0
75,https://www.mdmountainside.com/azads-of-cumberland-at-the-qashqai-gallery,5,0
76,https://www.mdmountainside.com/b-rads-pizza,5,0
77,https://www.mdmountainside.com/back-by-popular-demand-the-fly-birds,5,0
78,https://www.mdmountainside.com/baltimore-street-collectibles,5,0
79,https://www.mdmountainside.com/baltimore-street-grill,5,0
80,https://www.mdmountainside.com/banana-leaf,5,0
81,https://www.mdmountainside.com/banks,5,0
82,https://www.mdmountainside.com/barbaras-hallmark,5,0
83,https://www.mdmountainside.com/bark4life,4,0
84,https://www.mdmountainside.com/barkin-basement-thrift-shop,5,0
85,https://www.mdmountainside.com/barkin-basement-thrift-shop-sidewalk-sale,5,0
86,https://www.mdmountainside.com/bars-and-nighttlife,5,0
87,https://www.mdmountainside.com/bars-and-nighttlife?from=1,5,0
88,https://www.mdmountainside.com/bars-and-nighttlife?from=11,5,0
89,https://www.mdmountainside.com/bars-and-nighttlife?from=21,5,0
90,https://www.mdmountainside.com/bars-and-nighttlife?from=31,5,0
91,https://www.mdmountainside.com/bartons-towing-auto-service,5,0
92,https://www.mdmountainside.com/basecamp-coffee-company,5,0
93,https://www.mdmountainside.com/baxters-gourmet-catering,5,0
94,https://www.mdmountainside.com/bay-runner-shuttle,5,0
95,https://www.mdmountainside.com/bb-country-meats,5,0
96,https://www.mdmountainside.com/beckmans-greene-street-pharmacy-inc,5,0
97,https://www.mdmountainside.com/bed-and-breakfasts,4,0
98,https://www.mdmountainside.com/beer-pairing-dinner-featuring-1812-brewery-and-good-carma-catering,5,0
99,https://www.mdmountainside.com/beer-wine-spirits-,5,0
100,https://www.mdmountainside.com/beginnings-montessori,5,0
101,https://www.mdmountainside.com/ber-chayim-temple-,5,0
102,https://www.mdmountainside.com/best-of-the-blue-ridge-2019,4,0
103,https://www.mdmountainside.com/best-western-braddock,5,0
104,https://www.mdmountainside.com/bethel-holiness-church,5,0
105,https://www.mdmountainside.com/big-lots,5,0
106,https://www.mdmountainside.com/bills-place,5,0
107,https://www.mdmountainside.com/black-guy-fawkes-on-stage-at-1812-brewery,5,0
108,https://www.mdmountainside.com/black-guy-fawkes-plus-good-carma-catering-at-1812-brewery,5,0
109,https://www.mdmountainside.com/black-oak-bottom-boat-access,5,0
110,https://www.mdmountainside.com/blog,4,0
111,https://www.mdmountainside.com/blog/allegany-county-ice-cream-trail,5,0
112,https://www.mdmountainside.com/blog/best-places-to-cool-off,4,0
113,https://www.mdmountainside.com/blog/cumberland-historic-walking-tour,4,0
114,https://www.mdmountainside.com/blog/favorite-places-for-a-warm-drink-on-a-cold-day,5,0
115,https://www.mdmountainside.com/blog/happy-mlb-opening-day,4,0
116,https://www.mdmountainside.com/blog/he-really-did-sleep-here-george-washington-in-allegany-county,5,0
117,https://www.mdmountainside.com/blog/love-is-in-the-mountain-maryland-air,4,0
118,https://www.mdmountainside.com/blog/made-in-allegany-county-md,5,0
119,https://www.mdmountainside.com/blog/mothers-day-in-mountain-maryland,4,0
120,https://www.mdmountainside.com/blog/mountain-maryland-easter-egg-hunts,4,0
121,https://www.mdmountainside.com/blog/must-do-winter-activities,4,0
122,https://www.mdmountainside.com/blog/national-day-of-unplugging,4,0
123,https://www.mdmountainside.com/blog/plan-for-vacation-day,4,0
124,https://www.mdmountainside.com/blog/spooktacular-halloween-activities-2018,4,0
125,https://www.mdmountainside.com/blog/spring-bucket-list,4,0
126,https://www.mdmountainside.com/blog/summer-bucket-list,4,0
127,https://www.mdmountainside.com/blog/summer-of-music,4,0
128,https://www.mdmountainside.com/blog/summer-of-music?fbclid=IwAR1Hog0BuyYL_dcQyw_yV4bncwFB8MrkfYI6vd2F7_da1zT4sOjoxsZ3Lp0,4,0
129,https://www.mdmountainside.com/blog/summer-of-music?fbclid=IwAR1v_T9fc8LNOhnJY5SIfDnMCo8zbeXRsnIJA4K8ILLLlF0HjzE6NPlEJIs,4,0
130,https://www.mdmountainside.com/blog/summer-of-music?fbclid=IwAR2-ZCnKWpZF_txfXMyAGV8zRybLsGRgWDqxGNut5pdugmrOFEfJIhHG3Xw,4,0
131,https://www.mdmountainside.com/blog/summer-of-music?fbclid=IwAR3EnxNgUTGEAaJ7b3a_AK2ejOeEeOW1qlbPJHj3z7TTWaFfHOKnimDbKLw,4,0
132,https://www.mdmountainside.com/blog/summer-of-music?fbclid=IwAR3LB-0kOWqXkWVnYjb_-1o4BMJ2NV3j24SLJvCewVd9Xs6ZPEdRxs0osvM,4,0
133,https://www.mdmountainside.com/blog/top-activities-for-the-whole-family,4,0
134,https://www.mdmountainside.com/blog/top-five-reasons-to-bike-allegany-county-md,4,0
135,https://www.mdmountainside.com/blog/top-places-for-a-great-margarita-in-allegany-county-md,4,0
136,https://www.mdmountainside.com/blog/top-places-to-dine-al-fresco-allegany-county-the-mountain-side-of-maryland,4,0
137,https://www.mdmountainside.com/blog/unforgettable-leaf-peeping-locations,4,0
138,https://www.mdmountainside.com/blog/why-do-you-enjoy-cycling-in-mountain-maryland,4,0
139,https://www.mdmountainside.com/blog/your-guide-to-small-business-saturday,4,0
140,https://www.mdmountainside.com/blue-highway-concert,5,0
141,https://www.mdmountainside.com/bob-evans-restaurant-,5,0
142,https://www.mdmountainside.com/bonds-landing-boat-access,5,0
143,https://www.mdmountainside.com/breakfast-with-the-elves-2018,5,0
144,https://www.mdmountainside.com/brews-wines-and-spirits,5,0
145,https://www.mdmountainside.com/buckleys-24-hr-towing,5,0
146,https://www.mdmountainside.com/buffalo-wild-wings,5,0
147,https://www.mdmountainside.com/busters-treats,6,0
148,https://www.mdmountainside.com/buttercup-boutique,5,0
149,https://www.mdmountainside.com/byways,5,0
150,https://www.mdmountainside.com/c-o-canal-national-park-camping,5,0
151,https://www.mdmountainside.com/c-william-gilchrist-gallery-and-museum,5,0
152,https://www.mdmountainside.com/cabins-and-campgrounds,4,0
153,https://www.mdmountainside.com/cafe-mark,5,0
154,https://www.mdmountainside.com/calvary-baptist-church-calvary-christian-academy,5,0
155,https://www.mdmountainside.com/calvary-bible-church--independent-baptist,5,0
156,https://www.mdmountainside.com/camp-potomac,5,0
157,https://www.mdmountainside.com/canal-boat-replica-the-cumberland,5,0
158,https://www.mdmountainside.com/canal-place-farmers-market,5,0
159,https://www.mdmountainside.com/canal-place-heritage-park,5,0
160,https://www.mdmountainside.com/canine-couture,5,0
161,https://www.mdmountainside.com/caporales-bakery-inc,5,0
162,https://www.mdmountainside.com/cartridges-galore,5,0
163,https://www.mdmountainside.com/casinos,5,0
164,https://www.mdmountainside.com/catering,5,0
165,https://www.mdmountainside.com/catering?from=1,5,0
166,https://www.mdmountainside.com/catering?from=21,5,0
167,https://www.mdmountainside.com/centenary-united-methodist-church,5,0
168,https://www.mdmountainside.com/central-assembly-of-god,5,0
169,https://www.mdmountainside.com/ces-at-frostburg-state-university,5,0
170,https://www.mdmountainside.com/ces-at-frostburg-state-university-presents-1st-project,5,0
171,https://www.mdmountainside.com/ces-at-frostburg-state-university-presents-an-evening-with-jo-dee-messina,6,0
172,https://www.mdmountainside.com/ces-at-frostburg-state-university-presents-banda-magda,5,0
173,https://www.mdmountainside.com/ces-at-frostburg-state-university-presents-carol-of-the-king-the-irish-dance-christmas-spectacular,5,0
174,https://www.mdmountainside.com/ces-at-frostburg-state-university-presents-catapult-the-amazing-magic-of-shadow-dance,5,0
175,https://www.mdmountainside.com/ces-at-frostburg-state-university-presents-christian-sands-trio,5,0
176,https://www.mdmountainside.com/ces-at-frostburg-state-university-presents-cirque-flip-fabrique-in-blizzard,6,0
177,https://www.mdmountainside.com/ces-at-frostburg-state-university-presents-cirque-mei-elite-circus-artists-and-acrobats-of-hebei-china,6,0
178,https://www.mdmountainside.com/ces-at-frostburg-state-university-presents-crys-matthews,6,0
179,https://www.mdmountainside.com/ces-at-frostburg-state-university-presents-crys-matthews-workshop-sing-dont-shout-an-alternative-approach,6,0
180,https://www.mdmountainside.com/ces-at-frostburg-state-university-presents-derek-brown-featuring-fsu-jazz-orchestra-and-faculty,6,0
181,https://www.mdmountainside.com/ces-at-frostburg-state-university-presents-ghost-note,6,0
182,https://www.mdmountainside.com/ces-at-frostburg-state-university-presents-jeff-coffin-and-roy-wooten,5,0
183,https://www.mdmountainside.com/ces-at-frostburg-state-university-presents-kaia-kater-with-anna-and-elizabeth,5,0
184,https://www.mdmountainside.com/ces-at-frostburg-state-university-presents-malamanya,6,0
185,https://www.mdmountainside.com/ces-at-frostburg-state-university-presents-maryland-symphony-orchestra-immortal-mozart-schuberts-fifth-symphony,5,0
186,https://www.mdmountainside.com/ces-at-frostburg-state-university-presents-maryland-symphony-orchestra-in-the-american-symphony,6,0
187,https://www.mdmountainside.com/ces-at-frostburg-state-university-presents-ren-marie-and-experiment-in-truth,5,0
188,https://www.mdmountainside.com/ces-at-frostburg-state-university-presents-russian-national-ballet-in-don-quixote,6,0
189,https://www.mdmountainside.com/ces-at-frostburg-state-university-presents-russian-national-ballet-in-giselle,5,0
190,https://www.mdmountainside.com/ces-at-frostburg-state-university-presents-six-appeal,5,0
191,https://www.mdmountainside.com/ces-at-frostburg-state-university-presents-songs-of-ireland-a-celtic-celebration,5,0
192,https://www.mdmountainside.com/ces-at-frostburg-state-university-presents-stacey-kay,5,0
193,https://www.mdmountainside.com/ces-at-frostburg-state-university-presents-terry-barber-countertenor-in-christmas-presence,6,0
194,https://www.mdmountainside.com/ces-at-frostburg-state-university-presents-the-brubeck-brothers-quartet-celebrates-dave-brubecks-centennial,6,0
195,https://www.mdmountainside.com/ces-at-frostburg-state-university-presents-the-lique,6,0
196,https://www.mdmountainside.com/ces-at-frostburg-state-university-presents-thomas-pandolfi-into-the-night-with-gershwin,6,0
197,https://www.mdmountainside.com/ces-at-frostburg-state-university-presents-veronica-swift,6,0
198,https://www.mdmountainside.com/ces-concert-series-presents-an-evening-with-leann-rimes,5,0
199,https://www.mdmountainside.com/ces-presents-dom-flemons-in-the-appalachian-festival-capstone-concert,6,0
200,https://www.mdmountainside.com/charis-winery-distillery,5,0
201,https://www.mdmountainside.com/charlies-motel,5,0
202,https://www.mdmountainside.com/chco-revolutionary-war-plaque-reading,5,0
203,https://www.mdmountainside.com/chef-pauls,5,0
204,https://www.mdmountainside.com/chessie-federal-credit-union,5,0
205,https://www.mdmountainside.com/chick-fil-a-at-queen-city-centre,5,0
206,https://www.mdmountainside.com/chick-fil-a-country-club-mall,5,0
207,https://www.mdmountainside.com/chick-fil-a-lavale,5,0
208,https://www.mdmountainside.com/chicken-coupe,5,0
209,https://www.mdmountainside.com/childrens-medical-group,5,0
210,https://www.mdmountainside.com/chinese-bandits-and-cruise-in-at-windsor-castle,5,0
211,https://www.mdmountainside.com/chopsticks-chinese-restaurant,5,0
212,https://www.mdmountainside.com/christ-lutheran-church,5,0
213,https://www.mdmountainside.com/christ-memorial-baptist-church,5,0
214,https://www.mdmountainside.com/christ-united-methodist-church,5,0
215,https://www.mdmountainside.com/christmas-city-express-morning-excursion,5,0
216,https://www.mdmountainside.com/church-of-jesus-christ-of-latter-day-saints,5,0
217,https://www.mdmountainside.com/church-of-the-brethren,5,0
218,https://www.mdmountainside.com/churches,5,0
219,https://www.mdmountainside.com/churches?from=1,5,0
220,https://www.mdmountainside.com/churches?from=11,5,0
221,https://www.mdmountainside.com/churches?from=21,5,0
222,https://www.mdmountainside.com/churches?from=31,5,0
223,https://www.mdmountainside.com/churches?from=41,5,0
224,https://www.mdmountainside.com/churches?from=51,5,0
225,https://www.mdmountainside.com/churches?from=61,5,0
226,https://www.mdmountainside.com/churches?from=71,5,0
227,https://www.mdmountainside.com/circle-k,5,0
228,https://www.mdmountainside.com/city-lights-american-grill-bar,5,0
229,https://www.mdmountainside.com/city-of-cumberland-parks-recreation-department,4,0
230,https://www.mdmountainside.com/city-place-farmers-market,6,0
231,https://www.mdmountainside.com/clarysville-motel,5,0
232,https://www.mdmountainside.com/clatter-coffee,5,0
233,https://www.mdmountainside.com/closer,5,0
234,https://www.mdmountainside.com/closer-matinee,5,0
235,https://www.mdmountainside.com/co-canal-cargo-boat-replica-tours,5,0
236,https://www.mdmountainside.com/co-canal-national-historical-park-museum,5,0
237,https://www.mdmountainside.com/co-canal-towpath,5,0
238,https://www.mdmountainside.com/come-early-stay-late-2019,3,0
239,https://www.mdmountainside.com/comfort-inn-suites,5,0
240,https://www.mdmountainside.com/community-model-railroad-club,5,0
241,https://www.mdmountainside.com/coney-christmas,5,0
242,https://www.mdmountainside.com/constitution-park,5,0
243,https://www.mdmountainside.com/constitution-park-pool-opens-for-the-season,6,0
244,https://www.mdmountainside.com/contact-us,4,0
245,https://www.mdmountainside.com/contest-home,5,0
246,https://www.mdmountainside.com/contest-home?fbclid=IwAR0Yfm33iuos4egB5I_YQaD4QFnmVg1go131jwDVa3QpBJGp8pZGkDNIcBA,5,0
247,https://www.mdmountainside.com/contest-home?fbclid=IwAR1rqV0KzozimLAq2_V0UGFN8hJRMT7qVLV2usZOSeZkuBEojQT0AGnfeGk,5,0
248,https://www.mdmountainside.com/coops-bunns,5,0
249,https://www.mdmountainside.com/corner-tavern-cafe,5,0
250,https://www.mdmountainside.com/cornerstone-baptist-church,5,0
251,https://www.mdmountainside.com/country-club-mall,5,0
252,https://www.mdmountainside.com/country-club-mall-cinemas,5,0
253,https://www.mdmountainside.com/country-road-primitives,5,0
254,https://www.mdmountainside.com/crabby-pig,5,0
255,https://www.mdmountainside.com/cracker-barrel,5,0
256,https://www.mdmountainside.com/cresaptown-united-methodist-church,5,0
257,https://www.mdmountainside.com/crestmont-ltd,5,0
258,https://www.mdmountainside.com/cruisin-main-street,5,0
259,https://www.mdmountainside.com/cumberland-choral-society-holiday-concert,5,0
260,https://www.mdmountainside.com/cumberland-choral-society-holiday-concert-2,6,0
261,https://www.mdmountainside.com/cumberland-choral-society-winter-concert,5,0
262,https://www.mdmountainside.com/cumberland-choral-society-winter-concert-2,5,0
263,https://www.mdmountainside.com/cumberland-christmas-tree-lighting-2018,5,0
264,https://www.mdmountainside.com/cumberland-church-of-christ,5,0
265,https://www.mdmountainside.com/cumberland-community-church,5,0
266,https://www.mdmountainside.com/cumberland-country-club,5,0
267,https://www.mdmountainside.com/cumberland-cycles,5,0
268,https://www.mdmountainside.com/cumberland-dining,5,0
269,https://www.mdmountainside.com/cumberland-grace-brethren-church,5,0
270,https://www.mdmountainside.com/cumberland-historic-cemetery-organization,5,0
271,https://www.mdmountainside.com/cumberland-inn-spa,5,0
272,https://www.mdmountainside.com/cumberland-optical,5,0
273,https://www.mdmountainside.com/cumberland-theatre-creative-arts-center,5,0
274,https://www.mdmountainside.com/cumberland-trail-connection-,5,0
275,https://www.mdmountainside.com/cumberland-ymca,5,0
276,https://www.mdmountainside.com/curtis-coney-island-famous-weiners,5,0
277,https://www.mdmountainside.com/cvs-pharmacy-cumberland,5,0
278,https://www.mdmountainside.com/cvs-pharmacy-lavale,5,0
279,https://www.mdmountainside.com/cycles-things,5,0
280,https://www.mdmountainside.com/cycling,5,0
281,https://www.mdmountainside.com/dairy-queen-cumberland,5,0
282,https://www.mdmountainside.com/dairy-queen-lavale,5,0
283,https://www.mdmountainside.com/dan-stevens-and-sweet-dreams-food-truck-at-1812-brewery,5,0
284,https://www.mdmountainside.com/dans-mountain-state-park,5,0
285,https://www.mdmountainside.com/dantes-bar,5,0
286,https://www.mdmountainside.com/datri-subs,5,0
287,https://www.mdmountainside.com/datris-restaurant,5,0
288,https://www.mdmountainside.com/davincis-pizza,5,0
289,https://www.mdmountainside.com/davis-memorial-united-methodist-church,5,0
290,https://www.mdmountainside.com/dawson-united-methodist-church,5,0
291,https://www.mdmountainside.com/day-of-the-dead-skull-painting-workshop,5,0
292,https://www.mdmountainside.com/dd-pit-n-go-2,5,0
293,https://www.mdmountainside.com/delfest,4,0
294,https://www.mdmountainside.com/delfest/resources,4,0
295,https://www.mdmountainside.com/delfest/resources/beer-and-ice,5,0
296,https://www.mdmountainside.com/delfest/resources/gas-stations,5,0
297,https://www.mdmountainside.com/delfest/resources/grocery-stores,5,0
298,https://www.mdmountainside.com/delfest/resources/transportation,4,0
299,https://www.mdmountainside.com/delgrossos-park-laguna-splash-water-park,5,0
300,https://www.mdmountainside.com/dennys--lavale,5,0
301,https://www.mdmountainside.com/deomonts-muffler-brake,5,0
302,https://www.mdmountainside.com/dig-deep-brewing-co,5,0
303,https://www.mdmountainside.com/diplomat-motel,5,0
304,https://www.mdmountainside.com/dirty-mae-live-on-the-mccoury-family-stage,5,0
305,https://www.mdmountainside.com/discover-downtown-cumberland-blues,5,0
306,https://www.mdmountainside.com/discover-downtown-cumberland-with-grand-ole-ditch,4,0
307,https://www.mdmountainside.com/divine-reflections,5,0
308,https://www.mdmountainside.com/dollar-dip-at-dans-mountain-pool,5,0
309,https://www.mdmountainside.com/dominos-pizza-cumberland,5,0
310,https://www.mdmountainside.com/dominos-pizza-frostburg,5,0
311,https://www.mdmountainside.com/downtown-cumberland-farmers-market,5,0
312,https://www.mdmountainside.com/downtown-cumberland-merchants-holiday-party-with-ursula-ricks,5,0
313,https://www.mdmountainside.com/downtown-cumberlands-shop-small-saturday,5,0
314,https://www.mdmountainside.com/dracula,6,0
315,https://www.mdmountainside.com/dragons-on-the-lake,5,0
316,https://www.mdmountainside.com/dragons-on-the-lake-2019,5,0
317,https://www.mdmountainside.com/drive-in-fly-in-august-2019,5,0
318,https://www.mdmountainside.com/drive-in-fly-in-sepetmber-2019,5,0
319,https://www.mdmountainside.com/dubs-at-the-gap,5,0
320,https://www.mdmountainside.com/dubs-at-the-gap-2019,5,0
321,https://www.mdmountainside.com/dubs-at-the-gap-cruise-bbq-at-1812-brewery,5,0
322,https://www.mdmountainside.com/dunhams-sports,5,0
323,https://www.mdmountainside.com/early-rise-flies,5,0
324,https://www.mdmountainside.com/eastern-express,5,0
325,https://www.mdmountainside.com/eat-and-drink,4,0
326,https://www.mdmountainside.com/eckhart-baptist-church,5,0
327,https://www.mdmountainside.com/education,5,0
328,https://www.mdmountainside.com/ehc-camp-grow-cook-it,5,0
329,https://www.mdmountainside.com/ehc-camp-science-discovery,5,0
330,https://www.mdmountainside.com/ehc-camp-young-naturalists,5,0
331,https://www.mdmountainside.com/el-canelo-restaurant--frostburg,5,0
332,https://www.mdmountainside.com/el-jinete-restaurant,5,0
333,https://www.mdmountainside.com/elements-wellness-spa,5,0
334,https://www.mdmountainside.com/elks-derby-day,5,0
335,https://www.mdmountainside.com/ellies-deli,5,0
336,https://www.mdmountainside.com/embassy-theatre,5,0
337,https://www.mdmountainside.com/emmanuel-episcopal-church,5,0
338,https://www.mdmountainside.com/emmanuel-episcopal-church-tunnel-tours,5,0
339,https://www.mdmountainside.com/enterprise-rent-a-car,5,0
340,https://www.mdmountainside.com/escape-fake-news,5,0
341,https://www.mdmountainside.com/et-at-the-palace-theatre,5,0
342,https://www.mdmountainside.com/european-desserts-and-more,5,0
343,https://www.mdmountainside.com/evening-flyer,5,0
344,https://www.mdmountainside.com/event-calendar,5,0
345,https://www.mdmountainside.com/event-calendar?fbclid=IwAR1c5PBpdJrqisYi9VKH-lWDHPJ45hTbhBwdiB6_bFQsIo_x-p0IlSzcqYA,5,0
346,https://www.mdmountainside.com/event-calendar?from=1,5,0
347,https://www.mdmountainside.com/event-calendar?from=11,5,0
348,https://www.mdmountainside.com/event-calendar?from=21,5,0
349,https://www.mdmountainside.com/event-calendar?from=31,5,0
350,https://www.mdmountainside.com/event-calendar?from=41,5,0
351,https://www.mdmountainside.com/event-calendar?from=51,5,0
352,https://www.mdmountainside.com/event-calendar?from=61,5,0
353,https://www.mdmountainside.com/event-submission-confirmation,4,0
354,https://www.mdmountainside.com/evergreen-heritage-center,5,0
355,https://www.mdmountainside.com/ex2-adventure-race,5,0
356,https://www.mdmountainside.com/exit-strategy-escape-room,5,0
357,https://www.mdmountainside.com/f-brooke-whiting-house-collection,5,0
358,https://www.mdmountainside.com/facebook-giveaway-national-cheeseburger-day,4,0
359,https://www.mdmountainside.com/fairfield-inn-and-suites,5,0
360,https://www.mdmountainside.com/fairgrounds-boat-access,5,0
361,https://www.mdmountainside.com/faith-presbyterian-church-in-america-pca,5,0
362,https://www.mdmountainside.com/fall-arts,4,0
363,https://www.mdmountainside.com/fall-cemetery-tour,5,0
364,https://www.mdmountainside.com/fall-for-downtown-festival-cumberland-md,5,0
365,https://www.mdmountainside.com/fall-frostburg-flyer,5,0
366,https://www.mdmountainside.com/fall-in-love-with-the-arts-2018,4,0
367,https://www.mdmountainside.com/family-fun,6,0
368,https://www.mdmountainside.com/family-fun?from=1,6,0
369,https://www.mdmountainside.com/family-fun?from=11,5,0
370,https://www.mdmountainside.com/family-fun?from=21,5,0
371,https://www.mdmountainside.com/family-fun?from=31,5,0
372,https://www.mdmountainside.com/family-fun?from=41,6,0
373,https://www.mdmountainside.com/family-pizza-train,5,0
374,https://www.mdmountainside.com/farmers-markets,5,0
375,https://www.mdmountainside.com/farms,5,0
376,https://www.mdmountainside.com/fat-pig,5,0
377,https://www.mdmountainside.com/fatboys-pizza-shack,5,0
378,https://www.mdmountainside.com/favorites,4,0
379,https://www.mdmountainside.com/femina-in-toto-a-compilation-of-design-by-women,5,0
380,https://www.mdmountainside.com/fifteen-mile-creek-boat-access,5,0
381,https://www.mdmountainside.com/first-annual-mountain-maryland-trail-fest,5,0
382,https://www.mdmountainside.com/first-assembly-of-god-church,5,0
383,https://www.mdmountainside.com/first-assembly-of-god2,5,0
384,https://www.mdmountainside.com/first-church-of-the-nazarene,5,0
385,https://www.mdmountainside.com/first-congregational-church-of-frostburg,5,0
386,https://www.mdmountainside.com/first-english-baptist-church,5,0
387,https://www.mdmountainside.com/first-friday-art-club-fall-haiku-writing,5,0
388,https://www.mdmountainside.com/first-friday-art-club-family-comedy-night,5,0
389,https://www.mdmountainside.com/first-friday-art-club-thankfulness-art-and-potluck,5,0
390,https://www.mdmountainside.com/first-friday-art-club-ugly-sweater-party,5,0
391,https://www.mdmountainside.com/first-peoples-community-federal-credit-union,5,0
392,https://www.mdmountainside.com/first-peoples-community-federal-credit-union-cresaptown,5,0
393,https://www.mdmountainside.com/first-peoples-community-federal-credit-union-frostburg,5,0
394,https://www.mdmountainside.com/first-peoples-community-federal-credit-union-industrial-blvd,5,0
395,https://www.mdmountainside.com/first-peoples-community-federal-credit-union-lavale,5,0
396,https://www.mdmountainside.com/first-peoples-community-federal-credit-union-lonaconing,5,0
397,https://www.mdmountainside.com/first-peoples-community-federal-credit-union-queen-city-drive,5,0
398,https://www.mdmountainside.com/first-presbyterian-church,5,0
399,https://www.mdmountainside.com/first-presbyterian-church-of-frostburg,5,0
400,https://www.mdmountainside.com/first-united-bank-trust,5,0
401,https://www.mdmountainside.com/fish-and-hunt,6,0
402,https://www.mdmountainside.com/fishers-body-shop,5,0
403,https://www.mdmountainside.com/flintstone-mennonite-church,5,0
404,https://www.mdmountainside.com/flowerland,5,0
405,https://www.mdmountainside.com/for-media,4,0
406,https://www.mdmountainside.com/fore-sisters-golf-course,5,0
407,https://www.mdmountainside.com/form-return,4,0
408,https://www.mdmountainside.com/fort-cumberland-emporium,5,0
409,https://www.mdmountainside.com/four-t-herb-shoppe,5,0
410,https://www.mdmountainside.com/fourth-friday-tea-series,5,0
411,https://www.mdmountainside.com/fourth-friday-tea-series2,5,0
412,https://www.mdmountainside.com/fourth-friday-tea-series23,5,0
413,https://www.mdmountainside.com/fourth-friday-tea-series234,5,0
414,https://www.mdmountainside.com/foxs-pizza-den-of-frostburg,5,0
415,https://www.mdmountainside.com/fratelli-italian-cuisine-bar,5,0
416,https://www.mdmountainside.com/friday-after-black-friday,5,0
417,https://www.mdmountainside.com/friendship-haven-church,5,0
418,https://www.mdmountainside.com/frostburg-assembly-of-god-church,5,0
419,https://www.mdmountainside.com/frostburg-candlelight-tour-2018,5,0
420,https://www.mdmountainside.com/frostburg-farmers-market,5,0
421,https://www.mdmountainside.com/frostburg-fiber-depot,5,0
422,https://www.mdmountainside.com/frostburg-flyer,5,0
423,https://www.mdmountainside.com/frostburg-flyer2,5,0
424,https://www.mdmountainside.com/frostburg-flyer23,5,0
425,https://www.mdmountainside.com/frostburg-freeze,5,0
426,https://www.mdmountainside.com/frostburg-halloween-parade,5,0
427,https://www.mdmountainside.com/frostburg-inn,5,0
428,https://www.mdmountainside.com/frostburg-medical-center,5,0
429,https://www.mdmountainside.com/frostburg-museum,5,0
430,https://www.mdmountainside.com/frostburg-palace-theatre-jazz-series-presents-paul-bollenback-and-power-3,5,0
431,https://www.mdmountainside.com/frostburg-state-hosting-evening-with-bestselling-author-peter-stark,4,0
432,https://www.mdmountainside.com/frostburg-state-university,5,0
433,https://www.mdmountainside.com/frostburg-state-university-appalachian-festival,5,0
434,https://www.mdmountainside.com/frostburg-tree-lighting-ceremony,5,0
435,https://www.mdmountainside.com/frostburg-united-methodist-church,5,0
436,https://www.mdmountainside.com/frostburg-vision-center,5,0
437,https://www.mdmountainside.com/frostburg-wines-train-featuring-toasted-goat-winery,5,0
438,https://www.mdmountainside.com/frostburg-winter-market,5,0
439,https://www.mdmountainside.com/frostburgfirst-a-maryland-main-street-community,5,0
440,https://www.mdmountainside.com/frostoberfest-2018,4,0
441,https://www.mdmountainside.com/fruit-bowl2,5,0
442,https://www.mdmountainside.com/fsu-bookstore,5,0
443,https://www.mdmountainside.com/fsu-center-for-literary-arts,5,0
444,https://www.mdmountainside.com/fsu-lane-center,5,0
445,https://www.mdmountainside.com/fsu-planetarium-,5,0
446,https://www.mdmountainside.com/fsu-stephanie-ann-roper-gallery,5,0
447,https://www.mdmountainside.com/funky-repurps-and-more,5,0
448,https://www.mdmountainside.com/gabriel-brothers-gabes,5,0
449,https://www.mdmountainside.com/gas-stations,5,0
450,https://www.mdmountainside.com/gellar-drapkin-and-jazz-at-toasted-goat-winery,5,0
451,https://www.mdmountainside.com/general-art-store-star-gallery,5,0
452,https://www.mdmountainside.com/genes-famliy-restaurant,5,0
453,https://www.mdmountainside.com/george-washingtons-headquarters,5,0
454,https://www.mdmountainside.com/georges-creek-pharmacy,5,0
455,https://www.mdmountainside.com/get-out-play-outfitters,5,0
456,https://www.mdmountainside.com/getting-around,4,0
457,https://www.mdmountainside.com/gg-tire,5,0
458,https://www.mdmountainside.com/ghost-tour-of-historic-cumberland,5,0
459,https://www.mdmountainside.com/ghouley-pub-crawl,5,0
460,https://www.mdmountainside.com/giannis-pizza-wings-cumberland,5,0
461,https://www.mdmountainside.com/giannis-pizza-wings-frostburg,5,0
462,https://www.mdmountainside.com/gilchrist-gardens-gala,5,0
463,https://www.mdmountainside.com/gilchrist-museum-exhibition-obrien-and-carter,5,0
464,https://www.mdmountainside.com/gingers-asian-kitchen,5,0
465,https://www.mdmountainside.com/giuseppes,5,0
466,https://www.mdmountainside.com/global-truck-outfitters,5,0
467,https://www.mdmountainside.com/gods-ark-of-safety-church,5,0
468,https://www.mdmountainside.com/golf,5,0
469,https://www.mdmountainside.com/gonzaga-health-center,5,0
470,https://www.mdmountainside.com/good-carma-catering,5,0
471,https://www.mdmountainside.com/goodwill-store--lavale,5,0
472,https://www.mdmountainside.com/gostomskis-gunsmith-service,5,0
473,https://www.mdmountainside.com/grace-baptist-church,5,0
474,https://www.mdmountainside.com/grace-memorial-community-church,5,0
475,https://www.mdmountainside.com/grand-china-buffet,5,0
476,https://www.mdmountainside.com/great-allegheny-passage,5,0
477,https://www.mdmountainside.com/great-allegheny-passage-relay,5,0
478,https://www.mdmountainside.com/green-ridge-state-forest,5,0
479,https://www.mdmountainside.com/greene-street-service-center,5,0
480,https://www.mdmountainside.com/grocery-and-convenience-stores,5,0
481,https://www.mdmountainside.com/grocery-and-convenience-stores?from=1,5,0
482,https://www.mdmountainside.com/grocery-and-convenience-stores?from=11,5,0
483,https://www.mdmountainside.com/grocery-and-convenience-stores?from=21,5,0
484,https://www.mdmountainside.com/grocery-and-convenience-stores?from=31,5,0
485,https://www.mdmountainside.com/halloween-at-evergreen-barn-dance,5,0
486,https://www.mdmountainside.com/halloween-spooktacular-in-downtown-cumberland,4,0
487,https://www.mdmountainside.com/hampton-inn-cumberland,5,0
488,https://www.mdmountainside.com/hampton-inn-frostburg,5,0
489,https://www.mdmountainside.com/handmade-holiday-fair-2018,5,0
490,https://www.mdmountainside.com/harrigans-restaurant-and-lounge,5,0
491,https://www.mdmountainside.com/harry-trayhnam-and-alhambra-at-1812-brewery,5,0
492,https://www.mdmountainside.com/hartleys-pizza,5,0
493,https://www.mdmountainside.com/harveys-florist-greenhouses-inc,5,0
494,https://www.mdmountainside.com/hast-farm-event-venue,5,0
495,https://www.mdmountainside.com/health-matters-urgent-care,5,0
496,https://www.mdmountainside.com/healthy-parks-healthy-people-wellness-fair,5,0
497,https://www.mdmountainside.com/hennys-grill-bar,5,0
498,https://www.mdmountainside.com/hertz-rent-a-car,5,0
499,https://www.mdmountainside.com/highland-baptist-church,5,0
500,https://www.mdmountainside.com/highland-harley-davidson-shop,5,0
501,https://www.mdmountainside.com/highlands-american-music-series-presents-the-becky-buller-band,5,0
502,https://www.mdmountainside.com/hillside-animal-hospital,5,0
503,https://www.mdmountainside.com/historic-city-center,5,0
504,https://www.mdmountainside.com/history-and-heritage,6,0
505,https://www.mdmountainside.com/history-and-heritage?from=1,6,0
506,https://www.mdmountainside.com/history-and-heritage?from=11,5,0
507,https://www.mdmountainside.com/history-and-heritage?from=21,5,0
508,https://www.mdmountainside.com/history-and-heritage?from=31,5,0
509,https://www.mdmountainside.com/hobbies-plus,5,0
510,https://www.mdmountainside.com/holiday-inn-express-and-suites-lavale,5,0
511,https://www.mdmountainside.com/holiday-open-house,5,0
512,https://www.mdmountainside.com/holidays-2018,4,0
513,https://www.mdmountainside.com/holideal,3,0
514,https://www.mdmountainside.com/hoppy-hour-at-1812-brewery,5,0
515,https://www.mdmountainside.com/hospitals-and-health-care,5,0
516,https://www.mdmountainside.com/hospitals-and-health-care?from=1,5,0
517,https://www.mdmountainside.com/hospitals-and-health-care?from=21,5,0
518,https://www.mdmountainside.com/hotel-gunter,5,0
519,https://www.mdmountainside.com/hotels-and-motels,4,0
520,https://www.mdmountainside.com/hummingbird-cafe,5,0
521,https://www.mdmountainside.com/hurry-back-tavern-,5,0
522,https://www.mdmountainside.com/hush-skin-care-mountain-massage-wellness-spa,5,0
523,https://www.mdmountainside.com/independent-ink,5,0
524,https://www.mdmountainside.com/indie-lit-festival-2018,5,0
525,https://www.mdmountainside.com/inn-on-decatur,5,0
526,https://www.mdmountainside.com/inquiry,4,0
527,https://www.mdmountainside.com/integration-studios,5,0
528,https://www.mdmountainside.com/iron-rail-days,5,0
529,https://www.mdmountainside.com/j-bartles-jewelry,5,0
530,https://www.mdmountainside.com/j-j-bait-llc,5,0
531,https://www.mdmountainside.com/j-rs-custom-screenprint-embroidery,5,0
532,https://www.mdmountainside.com/jacob-blank-on-the-keyboard-chef-pauls-kitchen-at-1812-brewery,5,0
533,https://www.mdmountainside.com/janice-ray-and-roc-plus-sob-bbq-at-1812-brewery,5,0
534,https://www.mdmountainside.com/jb-farms,5,0
535,https://www.mdmountainside.com/jenkins-collision-center,5,0
536,https://www.mdmountainside.com/jins-asian-cuisine,5,0
537,https://www.mdmountainside.com/jjs-sons,5,0
538,https://www.mdmountainside.com/jl-truck-repair-tire-service-inc,5,0
539,https://www.mdmountainside.com/jo-ann-fabrics-and-craft-store,5,0
540,https://www.mdmountainside.com/joes-viaduct-restaurant,5,0
541,https://www.mdmountainside.com/johnstons-garage,5,0
542,https://www.mdmountainside.com/jolly-roger-discount-liquors,5,0
543,https://www.mdmountainside.com/junie-b-in-jingle-bells-batman-smells,5,0
544,https://www.mdmountainside.com/k-bar-and-lunch,5,0
545,https://www.mdmountainside.com/karaoke,5,0
546,https://www.mdmountainside.com/karaoke-with-mary-sheetz,5,0
547,https://www.mdmountainside.com/kebbies-diaper-bag,5,0
548,https://www.mdmountainside.com/kegs-and-eggs-at-1812-brewery,5,0
549,https://www.mdmountainside.com/kegs-and-eggs-brunch,4,0
550,https://www.mdmountainside.com/kegs-and-eggs-brunch-and-dinner-at-1812-brewery,4,0
551,https://www.mdmountainside.com/kensington-assisted-living,5,0
552,https://www.mdmountainside.com/kentucky-fried-chicken-cumberland,5,0
553,https://www.mdmountainside.com/kentucky-fried-chicken-lavale,5,0
554,https://www.mdmountainside.com/kerr-brothers-guns,5,0
555,https://www.mdmountainside.com/kids-kingdom,5,0
556,https://www.mdmountainside.com/kids-saturday,5,0
557,https://www.mdmountainside.com/kingdom-hall-of-jehovahs-witnesses,5,0
558,https://www.mdmountainside.com/klines-restaurant,5,0
559,https://www.mdmountainside.com/knieriem-tires,5,0
560,https://www.mdmountainside.com/kohls,5,0
561,https://www.mdmountainside.com/langleys-auto-service,5,0
562,https://www.mdmountainside.com/larry-keel-experience,6,0
563,https://www.mdmountainside.com/lashbaughs-bar-and-grill,5,0
564,https://www.mdmountainside.com/lavale-baptist-church-sbc,5,0
565,https://www.mdmountainside.com/lavale-farmers-market,5,0
566,https://www.mdmountainside.com/lavale-united-methodist-church,5,0
567,https://www.mdmountainside.com/lavale-veterinary-hospital,5,0
568,https://www.mdmountainside.com/leaning-pine-farm,5,0
569,https://www.mdmountainside.com/lefty-grove-memorial-park,6,0
570,https://www.mdmountainside.com/lennox-east,5,0
571,https://www.mdmountainside.com/lennys-leathers,5,0
572,https://www.mdmountainside.com/lew-lew-belle-boutique,5,0
573,https://www.mdmountainside.com/lgs-pizzeria-and-pub,5,0
574,https://www.mdmountainside.com/liberty-wine-and-liquor,5,0
575,https://www.mdmountainside.com/lifetime-eyecare-center,5,0
576,https://www.mdmountainside.com/lighthouse-christian-academy-and-daycare,5,0
577,https://www.mdmountainside.com/lighthouse-of-hope-church,5,0
578,https://www.mdmountainside.com/lights-by-the-lake-2018,5,0
579,https://www.mdmountainside.com/lil-corner-market,5,0
580,https://www.mdmountainside.com/lindys-restaurant,5,0
581,https://www.mdmountainside.com/little-caesars-pizza,5,0
582,https://www.mdmountainside.com/little-orleans-campground-park-area,5,0
583,https://www.mdmountainside.com/little-orleans-lodge,5,0
584,https://www.mdmountainside.com/living-stone-church-of-the-brethren,5,0
585,https://www.mdmountainside.com/living-waters-ministries,5,0
586,https://www.mdmountainside.com/livvys-soft-serve,5,0
587,https://www.mdmountainside.com/local-craftsflea-market-and-soups-and-suds-for-a-clause,5,0
588,https://www.mdmountainside.com/local-farmerscraftflea-market-plus-brunch-with-santa-at-1812-brewery,5,0
589,https://www.mdmountainside.com/lonaconing-iron-furnace-and-park-,5,0
590,https://www.mdmountainside.com/long-john-silver,5,0
591,https://www.mdmountainside.com/lorenzos-frostburg-bakery,5,0
592,https://www.mdmountainside.com/loyola-university-maryland-retreat-center,5,0
593,https://www.mdmountainside.com/luckys-liquor-store,5,0
594,https://www.mdmountainside.com/m-and-m-bake-shop,5,0
595,https://www.mdmountainside.com/macdonalds-body-shop,5,0
596,https://www.mdmountainside.com/maddcatt-vapors,5,0
597,https://www.mdmountainside.com/madison-paige-boutique,5,0
598,https://www.mdmountainside.com/main-street-books,5,0
599,https://www.mdmountainside.com/main-street-pub,6,0
600,https://www.mdmountainside.com/making-smart-choices-about-health-insurance,5,0
601,https://www.mdmountainside.com/making-strides-against-breast-cancer-of-western-maryland,4,0
602,https://www.mdmountainside.com/mamma-mia,5,0
603,https://www.mdmountainside.com/mamma-mia-matinee,5,0
604,https://www.mdmountainside.com/manhattan-centre-golf-gallery,5,0
605,https://www.mdmountainside.com/maranantha-christian-fellowship,5,0
606,https://www.mdmountainside.com/marios-italian-eatery,5,0
607,https://www.mdmountainside.com/marketing-and-tourism-summit,4,0
608,https://www.mdmountainside.com/martins-food-market,5,0
609,https://www.mdmountainside.com/martins-food-market-lavale,5,0
610,https://www.mdmountainside.com/maryland-discount-beverage-center,5,0
611,https://www.mdmountainside.com/marylandwest-virginia-model-railroad-exhibit,5,0
612,https://www.mdmountainside.com/mason-complex-boat-access,6,0
613,https://www.mdmountainside.com/master-gardener-class,5,0
614,https://www.mdmountainside.com/mccoole-boat-access,5,0
615,https://www.mdmountainside.com/mcdonalds-1,5,0
616,https://www.mdmountainside.com/mcdonalds-2,5,0
617,https://www.mdmountainside.com/mcdonalds-3,5,0
618,https://www.mdmountainside.com/mcdonalds-4,5,0
619,https://www.mdmountainside.com/mcdonalds-5,5,0
620,https://www.mdmountainside.com/mcdonalds-6,5,0
621,https://www.mdmountainside.com/mcdonalds-7,5,0
622,https://www.mdmountainside.com/mcdonalds-8,5,0
623,https://www.mdmountainside.com/mcfarland-candies,5,0
624,https://www.mdmountainside.com/mcta-presents-traditional-irish-musician-dylan-foley,4,0
625,https://www.mdmountainside.com/md-mountain-weddings,4,0
626,https://www.mdmountainside.com/meeting-planners,4,0
627,https://www.mdmountainside.com/meg-romero-studio,5,0
628,https://www.mdmountainside.com/megan-bradley-5k-memorial-run-for-casa-of-allegany-county,5,0
629,https://www.mdmountainside.com/memorial-heights-baptist-church,5,0
630,https://www.mdmountainside.com/meteor-shower-a-play-by-steve-martin,6,0
631,https://www.mdmountainside.com/metropolitan-ame-church,5,0
632,https://www.mdmountainside.com/mexico-farms-equestrian-center,5,0
633,https://www.mdmountainside.com/mezzos,5,0
634,https://www.mdmountainside.com/midlife-crisis-on-stage-at-1812-brewery,5,0
635,https://www.mdmountainside.com/milestone-cube-company,5,0
636,https://www.mdmountainside.com/millstone-country-store,5,0
637,https://www.mdmountainside.com/minecraft-gaming,5,0
638,https://www.mdmountainside.com/miracle-on-34th-street-the-musical,6,0
639,https://www.mdmountainside.com/misty-blue-fashions,5,0
640,https://www.mdmountainside.com/mixx-112-boutique,5,0
641,https://www.mdmountainside.com/monument-unveiling-of-world-war-1-veteran-lest-umstot,4,0
642,https://www.mdmountainside.com/moonlight-madness-in-downtown-cumberland,5,0
643,https://www.mdmountainside.com/mortons-jewelry,5,0
644,https://www.mdmountainside.com/motel-6--lavale,5,0
645,https://www.mdmountainside.com/mount-savage-historical-society,5,0
646,https://www.mdmountainside.com/mountain-city-coffeehouse-creamery,5,0
647,https://www.mdmountainside.com/mountain-city-traditional-arts,5,0
648,https://www.mdmountainside.com/mountain-ducks-guide-service,5,0
649,https://www.mdmountainside.com/mountain-maryland-2018-photo-contest,4,0
650,https://www.mdmountainside.com/mountain-maryland-artist-studio-tours,5,0
651,https://www.mdmountainside.com/mountain-maryland-photo-contest,4,0
652,https://www.mdmountainside.com/mountain-maryland-photo-contest-2019,4,0
653,https://www.mdmountainside.com/mountain-maryland-trails,5,0
654,https://www.mdmountainside.com/mountain-maryland-trails-presents-3m-challenge-bike-race,5,0
655,https://www.mdmountainside.com/mountain-moonshine-train,5,0
656,https://www.mdmountainside.com/mountaineer-country-tours,5,0
657,https://www.mdmountainside.com/mountainmarylanddeluxe,4,0
658,https://www.mdmountainside.com/mountainshine-creative-llc,5,0
659,https://www.mdmountainside.com/mountainside-baroque-off-the-beaten-path,5,0
660,https://www.mdmountainside.com/mountainside-bike-tours,5,0
661,https://www.mdmountainside.com/movie-screening,6,0
662,https://www.mdmountainside.com/mr-tire-auto-service-center,5,0
663,https://www.mdmountainside.com/mr-toads-pottery,5,0
664,https://www.mdmountainside.com/mt-bank,5,0
665,https://www.mdmountainside.com/mt-bank-frostburg-2,5,0
666,https://www.mdmountainside.com/mt-bank-lavale,5,0
667,https://www.mdmountainside.com/mt-bank-south-cumberland,5,0
668,https://www.mdmountainside.com/mt-bank-westernport,5,0
669,https://www.mdmountainside.com/murder-mystery,5,0
670,https://www.mdmountainside.com/murder-mystery-bullets-and-bbq,5,0
671,https://www.mdmountainside.com/murder-mystery2,5,0
672,https://www.mdmountainside.com/murder-mystery23,5,0
673,https://www.mdmountainside.com/murder-mystery234,5,0
674,https://www.mdmountainside.com/murder-mystery2345,5,0
675,https://www.mdmountainside.com/murder-mystery23456,5,0
676,https://www.mdmountainside.com/murder-mystery234567,5,0
677,https://www.mdmountainside.com/murder-mystery2345678,5,0
678,https://www.mdmountainside.com/murder-mystery23456789,5,0
679,https://www.mdmountainside.com/music-by-fred-n-josh-food-by-good-carma-catering-at-1812,6,0
680,https://www.mdmountainside.com/music-by-jacob-blank-at-toasted-goat,6,0
681,https://www.mdmountainside.com/musician-chris-workman-at-1812-brewery,4,0
682,https://www.mdmountainside.com/musician-dan-stevens-plus-good-carma-catering-at-1812,6,0
683,https://www.mdmountainside.com/musician-greg-kerr-and-klavuhns-family-concessions-at-1812,6,0
684,https://www.mdmountainside.com/musician-jacob-blank-and-good-carma-catering-at-1812,6,0
685,https://www.mdmountainside.com/musician-shelby-herbert-and-chef-pauls-kitchen-at-1812-brewery,5,0
686,https://www.mdmountainside.com/national-night-out,5,0
687,https://www.mdmountainside.com/national-night-out-cumberland,5,0
688,https://www.mdmountainside.com/national-night-out-kick-off-event,5,0
689,https://www.mdmountainside.com/national-road-monument,5,0
690,https://www.mdmountainside.com/national-road-toll-house,5,0
691,https://www.mdmountainside.com/native-american-heritage-month-with-caitlin-hudgins,5,0
692,https://www.mdmountainside.com/natures-art,5,0
693,https://www.mdmountainside.com/naylors-ace-hardware,5,0
694,https://www.mdmountainside.com/never-forgotten,4,0
695,https://www.mdmountainside.com/new-life-tabernacle,5,0
696,https://www.mdmountainside.com/new-years-eve-2019,5,0
697,https://www.mdmountainside.com/new-years-eve-celebration-at-toasted-goat-winery,5,0
698,https://www.mdmountainside.com/new-years-eve-in-downtown-cumberland,4,0
699,https://www.mdmountainside.com/new-years-eve-murder-mystery-train,5,0
700,https://www.mdmountainside.com/news,4,0
701,https://www.mdmountainside.com/news-mountain-maryland-marketing-and-tourism-summit-launches-in-allegany-county-maryland,4,0
702,https://www.mdmountainside.com/news/2018-destination-guide,4,0
703,https://www.mdmountainside.com/news/allegany-county-tourism-announces-winners-for-2018-mountain-maryland-photo-contest,4,0
704,https://www.mdmountainside.com/news/best-of-awards,4,0
705,https://www.mdmountainside.com/news/blue-ridge-outdoors-best-of-awards-2019,4,0
706,https://www.mdmountainside.com/news/cumberland-maryland-selected-as-one-of-travel-channels-50-most-charming-small-towns-in-america,4,0
707,https://www.mdmountainside.com/news/cumberland-md-selected-as-top-adventure-town,4,0
708,https://www.mdmountainside.com/news/enterprise-rent-a-car-films-in-cumberland-md,5,0
709,https://www.mdmountainside.com/newsletter-signup,4,0
710,https://www.mdmountainside.com/night-of-the-living-dead,5,0
711,https://www.mdmountainside.com/night-of-the-living-dead-matinee,5,0
712,https://www.mdmountainside.com/niners-canal-pub,5,0
713,https://www.mdmountainside.com/noises-off,5,0
714,https://www.mdmountainside.com/noises-off-matinee,5,0
715,https://www.mdmountainside.com/november-book-club-meeting,5,0
716,https://www.mdmountainside.com/nye-murder-mystery-train,5,0
717,https://www.mdmountainside.com/oak-barrel-cafe2,5,0
718,https://www.mdmountainside.com/oak-barrel-citgo,5,0
719,https://www.mdmountainside.com/october-book-group,5,0
720,https://www.mdmountainside.com/oldtown-bethel-assembly-of-god,5,0
721,https://www.mdmountainside.com/ollies-bargain-outlet,5,0
722,https://www.mdmountainside.com/one-act-play-festival-2018,5,0
723,https://www.mdmountainside.com/one-stop-liquors,5,0
724,https://www.mdmountainside.com/oscars-restaurant,5,0
725,https://www.mdmountainside.com/our-farmers-markets,5,0
726,https://www.mdmountainside.com/outdoors,4,0
727,https://www.mdmountainside.com/outfitters,5,0
728,https://www.mdmountainside.com/papa-johns,5,0
729,https://www.mdmountainside.com/parks-and-forests,4,0
730,https://www.mdmountainside.com/parkview-liquor-store,5,0
731,https://www.mdmountainside.com/parris-n-glendening-recreational-complex,5,0
732,https://www.mdmountainside.com/partners,4,0
733,https://www.mdmountainside.com/partners/tourism-reinvestment-marketing-grant-program,4,0
734,https://www.mdmountainside.com/passages-of-the-western-potomac-heritage-area,4,0
735,https://www.mdmountainside.com/past-perfect--a-bargain-boutique,5,0
736,https://www.mdmountainside.com/patricks-pub,5,0
737,https://www.mdmountainside.com/paw-paw-tunnel-tours,4,0
738,https://www.mdmountainside.com/peppers-overstock-room,5,0
739,https://www.mdmountainside.com/pet-care,5,0
740,https://www.mdmountainside.com/pet-wants-mountain-maryland,5,0
741,https://www.mdmountainside.com/petsmart,5,0
742,https://www.mdmountainside.com/phantoom-of-the-universe,5,0
743,https://www.mdmountainside.com/pharmacare-bedford-road,5,0
744,https://www.mdmountainside.com/pharmacare-of-frostburg,5,0
745,https://www.mdmountainside.com/pharmacare-west,5,0
746,https://www.mdmountainside.com/pharmacare-willowbrook,5,0
747,https://www.mdmountainside.com/phoenix-landing-wellness--art-music-and-holistic-wellness,5,0
748,https://www.mdmountainside.com/photo-contest,4,0
749,https://www.mdmountainside.com/photo-contest-submission-confirmation,4,0
750,https://www.mdmountainside.com/photography-of-parker-reinecker-and-work-of-the-quad-state-bodgers,6,0
751,https://www.mdmountainside.com/pig-out-in-the-park,5,0
752,https://www.mdmountainside.com/pig-out-in-the-park-a-backyard-bbq-bash,6,0
753,https://www.mdmountainside.com/pirates-ahoy,5,0
754,https://www.mdmountainside.com/pizza-hut,5,0
755,https://www.mdmountainside.com/pizza-hut2,5,0
756,https://www.mdmountainside.com/pizza-hut23,5,0
757,https://www.mdmountainside.com/places-to-stay,4,0
758,https://www.mdmountainside.com/plan-visit,4,0
759,https://www.mdmountainside.com/platinum-coach-limousine-service,5,0
760,https://www.mdmountainside.com/playing-for-pennies-(mcdonald-and-nash)-plus-queen-city-creamery-at-1812-brewery,5,0
761,https://www.mdmountainside.com/playing-for-pennies-plus-three-great-food-trucks-at-1812-brewery,6,0
762,https://www.mdmountainside.com/port-west-restaurant,5,0
763,https://www.mdmountainside.com/potomac-eagle-scenic-railroad,5,0
764,https://www.mdmountainside.com/potomac-valley-pharmacy,5,0
765,https://www.mdmountainside.com/powells-auto-parts-towing,5,0
766,https://www.mdmountainside.com/presents-for-paws,5,0
767,https://www.mdmountainside.com/press-room,4,0
768,https://www.mdmountainside.com/princess-restaurant,5,0
769,https://www.mdmountainside.com/privacy,4,0
770,https://www.mdmountainside.com/project-rachel-information-session,5,0
771,https://www.mdmountainside.com/prosperity-united-methodist-church,5,0
772,https://www.mdmountainside.com/public-reading-the-granny-chronicles,5,0
773,https://www.mdmountainside.com/puccini-restaurant,5,0
774,https://www.mdmountainside.com/put-yourself-first,5,0
775,https://www.mdmountainside.com/quality-inn-suites,5,0
776,https://www.mdmountainside.com/queen-city-creamery,5,0
777,https://www.mdmountainside.com/queen-city-film-festival-(qcff)-2018,5,0
778,https://www.mdmountainside.com/queen-city-flea-market,5,0
779,https://www.mdmountainside.com/queen-city-motors,5,0
780,https://www.mdmountainside.com/queen-city-taxi,5,0
781,https://www.mdmountainside.com/ramada-downtown-cumberland,5,0
782,https://www.mdmountainside.com/rawlings-united-methodist-church,5,0
783,https://www.mdmountainside.com/red-ridge-auto-repair,5,0
784,https://www.mdmountainside.com/rent-a-wreck,5,0
785,https://www.mdmountainside.com/request-a-guide,4,0
786,https://www.mdmountainside.com/resources,4,0
787,https://www.mdmountainside.com/restaurants,5,0
788,https://www.mdmountainside.com/restaurants?from=1,5,0
789,https://www.mdmountainside.com/restaurants?from=11,5,0
790,https://www.mdmountainside.com/restaurants?from=21,5,0
791,https://www.mdmountainside.com/restaurants?from=31,5,0
792,https://www.mdmountainside.com/restaurants?from=41,5,0
793,https://www.mdmountainside.com/restoring-the-american-chestnut-a-research-and-volunteer-effort,5,0
794,https://www.mdmountainside.com/results,5,0
795,https://www.mdmountainside.com/results?from=1,5,0
796,https://www.mdmountainside.com/results?from=101,5,0
797,https://www.mdmountainside.com/results?from=11,6,0
798,https://www.mdmountainside.com/results?from=111,5,0
799,https://www.mdmountainside.com/results?from=121,5,0
800,https://www.mdmountainside.com/results?from=131,5,0
801,https://www.mdmountainside.com/results?from=141,5,0
802,https://www.mdmountainside.com/results?from=151,5,0
803,https://www.mdmountainside.com/results?from=161,5,0
804,https://www.mdmountainside.com/results?from=171,5,0
805,https://www.mdmountainside.com/results?from=181,5,0
806,https://www.mdmountainside.com/results?from=191,5,0
807,https://www.mdmountainside.com/results?from=201,5,0
808,https://www.mdmountainside.com/results?from=21,5,0
809,https://www.mdmountainside.com/results?from=211,5,0
810,https://www.mdmountainside.com/results?from=221,5,0
811,https://www.mdmountainside.com/results?from=231,5,0
812,https://www.mdmountainside.com/results?from=241,5,0
813,https://www.mdmountainside.com/results?from=251,5,0
814,https://www.mdmountainside.com/results?from=261,5,0
815,https://www.mdmountainside.com/results?from=271,5,0
816,https://www.mdmountainside.com/results?from=281,5,0
817,https://www.mdmountainside.com/results?from=291,5,0
818,https://www.mdmountainside.com/results?from=301,5,0
819,https://www.mdmountainside.com/results?from=31,5,0
820,https://www.mdmountainside.com/results?from=311,5,0
821,https://www.mdmountainside.com/results?from=321,5,0
822,https://www.mdmountainside.com/results?from=331,5,0
823,https://www.mdmountainside.com/results?from=341,5,0
824,https://www.mdmountainside.com/results?from=351,5,0
825,https://www.mdmountainside.com/results?from=361,5,0
826,https://www.mdmountainside.com/results?from=371,5,0
827,https://www.mdmountainside.com/results?from=381,5,0
828,https://www.mdmountainside.com/results?from=391,5,0
829,https://www.mdmountainside.com/results?from=401,5,0
830,https://www.mdmountainside.com/results?from=41,5,0
831,https://www.mdmountainside.com/results?from=411,5,0
832,https://www.mdmountainside.com/results?from=421,5,0
833,https://www.mdmountainside.com/results?from=431,5,0
834,https://www.mdmountainside.com/results?from=441,5,0
835,https://www.mdmountainside.com/results?from=451,5,0
836,https://www.mdmountainside.com/results?from=461,5,0
837,https://www.mdmountainside.com/results?from=471,5,0
838,https://www.mdmountainside.com/results?from=481,5,0
839,https://www.mdmountainside.com/results?from=491,5,0
840,https://www.mdmountainside.com/results?from=501,5,0
841,https://www.mdmountainside.com/results?from=51,5,0
842,https://www.mdmountainside.com/results?from=511,5,0
843,https://www.mdmountainside.com/results?from=521,5,0
844,https://www.mdmountainside.com/results?from=531,5,0
845,https://www.mdmountainside.com/results?from=541,5,0
846,https://www.mdmountainside.com/results?from=551,5,0
847,https://www.mdmountainside.com/results?from=561,5,0
848,https://www.mdmountainside.com/results?from=571,6,0
849,https://www.mdmountainside.com/results?from=581,5,0
850,https://www.mdmountainside.com/results?from=591,5,0
851,https://www.mdmountainside.com/results?from=601,5,0
852,https://www.mdmountainside.com/results?from=61,5,0
853,https://www.mdmountainside.com/results?from=611,5,0
854,https://www.mdmountainside.com/results?from=621,5,0
855,https://www.mdmountainside.com/results?from=631,5,0
856,https://www.mdmountainside.com/results?from=641,5,0
857,https://www.mdmountainside.com/results?from=651,5,0
858,https://www.mdmountainside.com/results?from=661,5,0
859,https://www.mdmountainside.com/results?from=671,5,0
860,https://www.mdmountainside.com/results?from=681,5,0
861,https://www.mdmountainside.com/results?from=691,5,0
862,https://www.mdmountainside.com/results?from=71,5,0
863,https://www.mdmountainside.com/results?from=81,5,0
864,https://www.mdmountainside.com/results?from=91,6,0
865,https://www.mdmountainside.com/revisiting-the-lonaconing-silk-mill,5,0
866,https://www.mdmountainside.com/rio-grande-inc-restaurante-mexican,5,0
867,https://www.mdmountainside.com/ristorante-ottaviani,5,0
868,https://www.mdmountainside.com/ritas-ice,5,0
869,https://www.mdmountainside.com/rite-aid-pharmacy,5,0
870,https://www.mdmountainside.com/rite-aid-pharmacy-frostburg,5,0
871,https://www.mdmountainside.com/river-access,4,0
872,https://www.mdmountainside.com/river-and-rails-festival,6,0
873,https://www.mdmountainside.com/river-rail-fest,5,0
874,https://www.mdmountainside.com/river-rail-fest-train,5,0
875,https://www.mdmountainside.com/riverside-bmx,5,0
876,https://www.mdmountainside.com/rocktember,5,0
877,https://www.mdmountainside.com/rocky-gap-casino--lbs-place,5,0
878,https://www.mdmountainside.com/rocky-gap-casino--on-the-rocks,5,0
879,https://www.mdmountainside.com/rocky-gap-casino-resort,5,0
880,https://www.mdmountainside.com/rocky-gap-casino-resort--a-little-munch,5,0
881,https://www.mdmountainside.com/rocky-gap-casino-resort--lakeside-dining-room,5,0
882,https://www.mdmountainside.com/rocky-gap-casino-resort--signatures-bar-and-grill,5,0
883,https://www.mdmountainside.com/rocky-gap-golf-course,5,0
884,https://www.mdmountainside.com/rocky-gap-state-park,5,0
885,https://www.mdmountainside.com/rocky-gap-state-park-aviary,5,0
886,https://www.mdmountainside.com/rocky-gap-state-park-campgrounds,5,0
887,https://www.mdmountainside.com/roses--cumberland,5,0
888,https://www.mdmountainside.com/roses--frostburg,5,0
889,https://www.mdmountainside.com/roy-rogers-restaurant,5,0
890,https://www.mdmountainside.com/ruby-tuesday,5,0
891,https://www.mdmountainside.com/rustic-touch,5,0
892,https://www.mdmountainside.com/sadies,5,0
893,https://www.mdmountainside.com/salem-united-church-of-christ,5,0
894,https://www.mdmountainside.com/samhain-the-celtic-origins-of-halloween-fourth-friday-tea,5,0
895,https://www.mdmountainside.com/sand-springs-saloon-steakhouse,5,0
896,https://www.mdmountainside.com/savage-fame-paintball-park,5,0
897,https://www.mdmountainside.com/savage-mountain-punk-festival,6,0
898,https://www.mdmountainside.com/scents-n-things,5,0
899,https://www.mdmountainside.com/schoolhouse-kitchen,5,0
900,https://www.mdmountainside.com/second-baptist-church-sbc,5,0
901,https://www.mdmountainside.com/seoul-house,5,0
902,https://www.mdmountainside.com/september-book-group-discussion,5,0
903,https://www.mdmountainside.com/serenity-garden-labyrinth,5,0
904,https://www.mdmountainside.com/seventh-day-adventist-church2,5,0
905,https://www.mdmountainside.com/shakes-n-jazz,5,0
906,https://www.mdmountainside.com/shaw-mansion-inn,5,0
907,https://www.mdmountainside.com/sheetz-bedford-road,5,0
908,https://www.mdmountainside.com/sheetz-convenience-stores,5,0
909,https://www.mdmountainside.com/sheetz-corriganville,5,0
910,https://www.mdmountainside.com/sheetz-cresaptown,5,0
911,https://www.mdmountainside.com/sheetz-frostburg,5,0
912,https://www.mdmountainside.com/sheetz-green-street,5,0
913,https://www.mdmountainside.com/sheetz-virginia-avenue,5,0
914,https://www.mdmountainside.com/sheetz-winchester-road,5,0
915,https://www.mdmountainside.com/shes-so-pretty,5,0
916,https://www.mdmountainside.com/shoes-diesel-performance,5,0
917,https://www.mdmountainside.com/shooters-bar-grill,5,0
918,https://www.mdmountainside.com/shop-small,5,0
919,https://www.mdmountainside.com/shop-small-saturday-at-barkin-basement-thrift-shop,5,0
920,https://www.mdmountainside.com/shop-small-saturday-at-fort-cumberland-emporium,5,0
921,https://www.mdmountainside.com/shop-small?from=1,5,0
922,https://www.mdmountainside.com/shop-small?from=11,5,0
923,https://www.mdmountainside.com/shop-small?from=21,5,0
924,https://www.mdmountainside.com/shop-small?from=31,5,0
925,https://www.mdmountainside.com/shop-small?from=41,5,0
926,https://www.mdmountainside.com/shopping,5,0
927,https://www.mdmountainside.com/shopping?from=1,5,0
928,https://www.mdmountainside.com/shopping?from=11,5,0
929,https://www.mdmountainside.com/shopping?from=21,5,0
930,https://www.mdmountainside.com/shopping?from=31,5,0
931,https://www.mdmountainside.com/shopping?from=41,5,0
932,https://www.mdmountainside.com/shopping?from=51,5,0
933,https://www.mdmountainside.com/shopping?from=61,5,0
934,https://www.mdmountainside.com/shopping?from=71,5,0
935,https://www.mdmountainside.com/shopping?from=81,5,0
936,https://www.mdmountainside.com/sideling-hill-creek-nature-preserve,5,0
937,https://www.mdmountainside.com/simplee-kountry,5,0
938,https://www.mdmountainside.com/simply-formal-,5,0
939,https://www.mdmountainside.com/sips-for-survivors-at-toasted-goat-winery,5,0
940,https://www.mdmountainside.com/sitemap,4,0
941,https://www.mdmountainside.com/sitn-jaw,5,0
942,https://www.mdmountainside.com/sitn-jaw2,5,0
943,https://www.mdmountainside.com/sitn-jaw23,5,0
944,https://www.mdmountainside.com/sitn-jaw234,5,0
945,https://www.mdmountainside.com/sitn-jaw2345,5,0
946,https://www.mdmountainside.com/sitn-jaw23456,5,0
947,https://www.mdmountainside.com/skewers,5,0
948,https://www.mdmountainside.com/skid-row-in-concert,6,0
949,https://www.mdmountainside.com/sleep-inn-,5,0
950,https://www.mdmountainside.com/small-business-saturday-2018,5,0
951,https://www.mdmountainside.com/smittys-tire-truck-service,5,0
952,https://www.mdmountainside.com/souls-harbor-church,5,0
953,https://www.mdmountainside.com/south-cumberland-pharmacy,5,0
954,https://www.mdmountainside.com/spa-and-wellness,5,0
955,https://www.mdmountainside.com/special-love-friday-at-1812-brewery,5,0
956,https://www.mdmountainside.com/specialty-food,5,0
957,https://www.mdmountainside.com/spectrum-design-services-llc,5,0
958,https://www.mdmountainside.com/sponaugle-towing,5,0
959,https://www.mdmountainside.com/spring,4,0
960,https://www.mdmountainside.com/spring-gap-boat-access,5,0
961,https://www.mdmountainside.com/spun-from-light-woven-in-silence-paintings-on-glass-by-john-lyon-paul,6,0
962,https://www.mdmountainside.com/ss-peter-paul-shrine,5,0
963,https://www.mdmountainside.com/st-ambrose-church,5,0
964,https://www.mdmountainside.com/st-georges-episcopal-church,5,0
965,https://www.mdmountainside.com/st-james-episcopal-church,5,0
966,https://www.mdmountainside.com/st-johns-episcopal-church,5,0
967,https://www.mdmountainside.com/st-johns-lutheran-church,5,0
968,https://www.mdmountainside.com/st-lukes-lutheran-church,5,0
969,https://www.mdmountainside.com/st-marks-community-church,5,0
970,https://www.mdmountainside.com/st-marys-catholic-church,5,0
971,https://www.mdmountainside.com/st-matthews-united-church-of-christ,5,0
972,https://www.mdmountainside.com/st-michaels-catholic-church-,5,0
973,https://www.mdmountainside.com/st-patricks-catholic-church,5,0
974,https://www.mdmountainside.com/st-pauls-lutheran-church,5,0
975,https://www.mdmountainside.com/st-pauls-lutheran-church2,5,0
976,https://www.mdmountainside.com/st-peters-episcopal-church,5,0
977,https://www.mdmountainside.com/st-peters-rectory,5,0
978,https://www.mdmountainside.com/standard-bank,5,0
979,https://www.mdmountainside.com/standard-bank-cumberland,5,0
980,https://www.mdmountainside.com/staples,5,0
981,https://www.mdmountainside.com/station-x-hobby-store,5,0
982,https://www.mdmountainside.com/steeped-in-traditions,5,0
983,https://www.mdmountainside.com/sterling-optical,5,0
984,https://www.mdmountainside.com/steves-pharmacy,5,0
985,https://www.mdmountainside.com/stonebridge,5,0
986,https://www.mdmountainside.com/storybook-holiday-2018,5,0
987,https://www.mdmountainside.com/storytime-at-the-book-center-2018,4,0
988,https://www.mdmountainside.com/strangerz-acoustic-sob-bbq-and-pink-and-drink-after-party-at-1812,5,0
989,https://www.mdmountainside.com/submit-an-event,4,0
990,https://www.mdmountainside.com/subway,5,0
991,https://www.mdmountainside.com/summer,4,0
992,https://www.mdmountainside.com/summer-mountain-cluster-dog-shows,5,0
993,https://www.mdmountainside.com/summer-music-academy,5,0
994,https://www.mdmountainside.com/summer-of-heritage,5,0
995,https://www.mdmountainside.com/summer-of-heritage?fbclid=IwAR0moo06v_OU-3wGoZewl-SvxjSS-jlom0rnekFrW6DHc8z7ZmH19gJhFZM,5,0
996,https://www.mdmountainside.com/summer?fbclid=IwAR1K4yjnGeOUkPo3eTvjxfCu3so8ZCUqV36-F1bzS3_TuSozi-pHoJpNi40,4,0
997,https://www.mdmountainside.com/summer?fbclid=IwAR2Ugr5VvVQlMkOugHgqmr-uHEs-aVZNXeLs6ymQ9jt0vM8T8kKP_d3nnok,4,0
998,https://www.mdmountainside.com/summer?fbclid=IwAR2cEfwhwsD1ZRpQaVc3GX5kaHTwSHhsbNVsW6HUvNjbMtsy9-nal0qi210,4,0
999,https://www.mdmountainside.com/summer?fbclid=IwAR2uc0zc6byAoXy3SjtOYFXkdEeuvinluSMxNzTaAP2-r7sbpuACKQdzf_s,4,0
1000,https://www.mdmountainside.com/summer?fbclid=IwAR2w5ksyUzICy4r-nL0B1-yiOXfOxNOVG4u8zgFpbLJDQSPJDNegZV1bY78,4,0
1001,https://www.mdmountainside.com/summer?goal=0_2f4e1e8384-205082d997-245207921&mc_cid=205082d997&mc_eid=52f77e06bd,4,0
1002,https://www.mdmountainside.com/sunday-in-the-park-concert-series-28-speedway,5,0
1003,https://www.mdmountainside.com/sunday-in-the-park-concert-series-cramer-brothers,5,0
1004,https://www.mdmountainside.com/sunday-in-the-park-concert-series-hot-sauce-willie,5,0
1005,https://www.mdmountainside.com/sunday-in-the-park-concert-series-jazz-in-the-park-with-tom-harrison,5,0
1006,https://www.mdmountainside.com/sunday-in-the-park-concert-series-not-really-dan--steely-dan-tribute,5,0
1007,https://www.mdmountainside.com/sunday-in-the-park-concert-series-potomac-concert-band,5,0
1008,https://www.mdmountainside.com/sunday-in-the-park-concert-series-shades-of-blue,5,0
1009,https://www.mdmountainside.com/sunday-in-the-park-concert-series-shanty-irish,5,0
1010,https://www.mdmountainside.com/sunday-in-the-park-concert-series-surrender-dorothy,5,0
1011,https://www.mdmountainside.com/sunday-in-the-park-concert-series-tarnished-silver,5,0
1012,https://www.mdmountainside.com/super-8-motel,5,0
1013,https://www.mdmountainside.com/super-shoes,5,0
1014,https://www.mdmountainside.com/superhero-adventure-challenge,5,0
1015,https://www.mdmountainside.com/susquehanna-bank,5,0
1016,https://www.mdmountainside.com/taco-bell,5,0
1017,https://www.mdmountainside.com/tech-at-the-gap-igniting-innovation-18,4,0
1018,https://www.mdmountainside.com/terrys-jewelry,5,0
1019,https://www.mdmountainside.com/texas-grillhouse,5,0
1020,https://www.mdmountainside.com/the-acoustic-music-of-charlie-mcclanahan-and-good-carma-catering-at-1812-brewery,5,0
1021,https://www.mdmountainside.com/the-best-christmas-pageant-ever,5,0
1022,https://www.mdmountainside.com/the-book-center,5,0
1023,https://www.mdmountainside.com/the-church-of-saint-patrick,5,0
1024,https://www.mdmountainside.com/the-churchill-pub-restaurant,5,0
1025,https://www.mdmountainside.com/the-culinaire-cafe,5,0
1026,https://www.mdmountainside.com/the-draft-sports-bar-grille,5,0
1027,https://www.mdmountainside.com/the-edge-of-earth-and-sky,5,0
1028,https://www.mdmountainside.com/the-fall-foliage-experience-train,5,0
1029,https://www.mdmountainside.com/the-filling-station-diner,5,0
1030,https://www.mdmountainside.com/the-froyo-factory,5,0
1031,https://www.mdmountainside.com/the-gordon-roberts-house,5,0
1032,https://www.mdmountainside.com/the-greater-cumberland-regional-airport,5,0
1033,https://www.mdmountainside.com/the-gulf-war-memorial,5,0
1034,https://www.mdmountainside.com/the-hazen-gallery-at-allegany-college-of-maryland,5,0
1035,https://www.mdmountainside.com/the-irvin-allen--michael-cresap-museum-inc,5,0
1036,https://www.mdmountainside.com/the-knot-hole-craft-shop,5,0
1037,https://www.mdmountainside.com/the-magic-of-vince-a-tribute-to-the-great-houdini,5,0
1038,https://www.mdmountainside.com/the-manhattan-social,5,0
1039,https://www.mdmountainside.com/the-outback-lounge,5,0
1040,https://www.mdmountainside.com/the-palace-theatre,5,0
1041,https://www.mdmountainside.com/the-plate-scrapers-live-on-the-mccoury-family-stage,4,0
1042,https://www.mdmountainside.com/the-pros-from-dover-and-klavuhns-family,6,0
1043,https://www.mdmountainside.com/the-pros-from-dover-and-klavuhns-family-concessions-at-1812-brewery,6,0
1044,https://www.mdmountainside.com/the-rocky-horror-picture-show-(1975),4,0
1045,https://www.mdmountainside.com/the-shoe-dept,5,0
1046,https://www.mdmountainside.com/the-spa-at-rocky-gap-casino-,5,0
1047,https://www.mdmountainside.com/the-spanish-musical-diaspora-iberia-y-amrica,5,0
1048,https://www.mdmountainside.com/the-spring-dance-concert,5,0
1049,https://www.mdmountainside.com/the-strawberry-dog,5,0
1050,https://www.mdmountainside.com/the-summit,3,0
1051,https://www.mdmountainside.com/the-tea-cupboard,5,0
1052,https://www.mdmountainside.com/the-vapor-room,5,0
1053,https://www.mdmountainside.com/the-vapor-room2,5,0
1054,https://www.mdmountainside.com/things-to-do,4,0
1055,https://www.mdmountainside.com/third-friday-dance-session,5,0
1056,https://www.mdmountainside.com/third-friday-dance-session2,5,0
1057,https://www.mdmountainside.com/third-friday-dance-session23,5,0
1058,https://www.mdmountainside.com/thirsty-thursday-game-nights-at-1812,5,0
1059,https://www.mdmountainside.com/thrasher-carriage-museum,5,0
1060,https://www.mdmountainside.com/three-guys-guns,5,0
1061,https://www.mdmountainside.com/timbrook-honda-of-cumberland,5,0
1062,https://www.mdmountainside.com/tnt-dakota-saloon,5,0
1063,https://www.mdmountainside.com/to-sing-to-the-lute,4,0
1064,https://www.mdmountainside.com/to-sing-to-the-lute-cumberland,4,0
1065,https://www.mdmountainside.com/toasted-goat-and-hotel-gunter-grand-opening-and-ribbon-cutting,5,0
1066,https://www.mdmountainside.com/toasted-goat-winery-tasting-room,5,0
1067,https://www.mdmountainside.com/todds-smokin-bar-b-q,5,0
1068,https://www.mdmountainside.com/top-10-fall-activities,5,0
1069,https://www.mdmountainside.com/tourism-grant-2019,4,0
1070,https://www.mdmountainside.com/town-creek-aqueduct-boat-access,5,0
1071,https://www.mdmountainside.com/town-hill-bed-breakfast,5,0
1072,https://www.mdmountainside.com/trail-inn-and-campground,5,0
1073,https://www.mdmountainside.com/trail-inn-lodging-and-campground,5,0
1074,https://www.mdmountainside.com/trailguide-features-cumberland-md,4,0
1075,https://www.mdmountainside.com/trails,4,0
1076,https://www.mdmountainside.com/transportation,5,0
1077,https://www.mdmountainside.com/transportation?from=1,5,0
1078,https://www.mdmountainside.com/transportation?from=11,5,0
1079,https://www.mdmountainside.com/transportation?from=21,5,0
1080,https://www.mdmountainside.com/transportation?from=31,5,0
1081,https://www.mdmountainside.com/twisteez-ice-cream,5,0
1082,https://www.mdmountainside.com/uncle-jacks-pizzeria-pub,5,0
1083,https://www.mdmountainside.com/union-grove-one-room-schoolhouse,5,0
1084,https://www.mdmountainside.com/valentines-day-2019,4,0
1085,https://www.mdmountainside.com/valero,5,0
1086,https://www.mdmountainside.com/vanmeters-gas-grocery,5,0
1087,https://www.mdmountainside.com/victorian-creations,5,0
1088,https://www.mdmountainside.com/vietnam-veterans-of-america-chapter-172-museum,5,0
1089,https://www.mdmountainside.com/wal-mart-supercenter,5,0
1090,https://www.mdmountainside.com/walkers-exxon,5,0
1091,https://www.mdmountainside.com/walmart-supercenter,5,0
1092,https://www.mdmountainside.com/walmart-vision-center,5,0
1093,https://www.mdmountainside.com/walsh-mccagh-kellough-pharmacy,5,0
1094,https://www.mdmountainside.com/warrant-in-concert,6,0
1095,https://www.mdmountainside.com/warrior-mountain-paintball,5,0
1096,https://www.mdmountainside.com/wasabi-japanese-cuisine,5,0
1097,https://www.mdmountainside.com/water-fun,6,0
1098,https://www.mdmountainside.com/weddings,4,0
1099,https://www.mdmountainside.com/weinerfest,4,0
1100,https://www.mdmountainside.com/weinerfest-ii,6,0
1101,https://www.mdmountainside.com/weinerfest-ii-presents-hot-sauce-willie,5,0
1102,https://www.mdmountainside.com/weinerfest-ii-presents-queen-city-funk-and-soul,5,0
1103,https://www.mdmountainside.com/weis-market-mcmullen-hwy,5,0
1104,https://www.mdmountainside.com/welsh-memorial-baptist-church,5,0
1105,https://www.mdmountainside.com/wendys-old-fashioned-hamburgers,5,0
1106,https://www.mdmountainside.com/wendys-old-fashioned-hamburgers-2,5,0
1107,https://www.mdmountainside.com/western-maryland-animal-hospital,5,0
1108,https://www.mdmountainside.com/western-maryland-craft-beverage-festival,5,0
1109,https://www.mdmountainside.com/western-maryland-dermatology,5,0
1110,https://www.mdmountainside.com/western-maryland-gallery,5,0
1111,https://www.mdmountainside.com/western-maryland-health-system,5,0
1112,https://www.mdmountainside.com/western-maryland-music-center,5,0
1113,https://www.mdmountainside.com/western-maryland-music-festival,5,0
1114,https://www.mdmountainside.com/western-maryland-railway-station-at-canal-place,5,0
1115,https://www.mdmountainside.com/western-maryland-scenic-railroad,5,0
1116,https://www.mdmountainside.com/western-maryland-scenic-railroad-gift-shop,5,0
1117,https://www.mdmountainside.com/western-md-street-rod-roundup,5,0
1118,https://www.mdmountainside.com/western-mountains-chapter-of-the-maryland-native-plant-society,4,0
1119,https://www.mdmountainside.com/westernport-boat-access,5,0
1120,https://www.mdmountainside.com/westernport-church-of-the-brethren,5,0
1121,https://www.mdmountainside.com/westernport-heritage-society-station-museum,5,0
1122,https://www.mdmountainside.com/white-christmas,5,0
1123,https://www.mdmountainside.com/white-christmas-matinee,5,0
1124,https://www.mdmountainside.com/wholesome-harvest-co-op,5,0
1125,https://www.mdmountainside.com/williams-stained-glass-studio,5,0
1126,https://www.mdmountainside.com/wills-creek-exhibition,5,0
1127,https://www.mdmountainside.com/window-expressions,5,0
1128,https://www.mdmountainside.com/winifred-road-church-of-christ,5,0
1129,https://www.mdmountainside.com/winnies-rock-cauldron-cabaret,5,0
1130,https://www.mdmountainside.com/winterland-on-the-western-maryland,5,0
1131,https://www.mdmountainside.com/winters-towing,5,0
1132,https://www.mdmountainside.com/wmhs-farmers-market,5,0
1133,https://www.mdmountainside.com/world-war-i-in-your-attic-western-maryland-in-the-first-world-war,5,0
1134,https://www.mdmountainside.com/worn-out-flannels-and-sweet-dreams-food-truck-at-1812-brewery,4,0
1135,https://www.mdmountainside.com/worn-out-flannels-plus-chef-pauls-kitchen-at-1812-brewery,5,0
1136,https://www.mdmountainside.com/yamato-steakhouse-of-japan,5,0
1137,https://www.mdmountainside.com/yellow-cab-co,5,0
1138,https://www.mdmountainside.com/yellow-k-records,5,0
1139,https://www.mdmountainside.com/zula-patrol-down-to-earth,5,0
