,URL,JavaScript Errors,Console Messages
0,https://www.mdmountainside.com/9-decatur-guest-house-and-hostel,1,0
1,https://www.mdmountainside.com/childrens-medical-group,1,0
2,https://www.mdmountainside.com/closer,1,0
3,https://www.mdmountainside.com/crestmont-ltd,1,0
4,https://www.mdmountainside.com/cumberland-cycles,1,0
5,https://www.mdmountainside.com/curtis-coney-island-famous-weiners,1,0
6,https://www.mdmountainside.com/elks-derby-day,1,0
7,https://www.mdmountainside.com/event-calendar?from=31,1,0
8,https://www.mdmountainside.com/fish-and-hunt,1,0
9,https://www.mdmountainside.com/frostburg-winter-market,1,0
10,https://www.mdmountainside.com/mcfarland-candies,1,0
11,https://www.mdmountainside.com/queen-city-film-festival-(qcff)-2018,1,0
12,https://www.mdmountainside.com/revisiting-the-lonaconing-silk-mill,1,0
13,https://www.mdmountainside.com/rocky-gap-casino-resort--a-little-munch,1,0
14,https://www.mdmountainside.com/sheetz-frostburg,1,0
15,https://www.mdmountainside.com/south-cumberland-pharmacy,1,0
16,https://www.mdmountainside.com/town-hill-bed-breakfast,1,0
17,https://www.mdmountainside.com/vanmeters-gas-grocery,1,0
