,URL,Passes PageRank,No. Anchors with No HREF,Indexable,Indexable Status
0,https://www.mdmountainside.com/,Yes,6,Yes,Indexable
1,https://www.mdmountainside.com/10th-annual-mountain-maryland-plein-air,Yes,3,Yes,Indexable
2,https://www.mdmountainside.com/1812-brewery,Yes,3,Yes,Indexable
3,https://www.mdmountainside.com/1812-brewery-farmerscraftsflea-market,Yes,3,Yes,Indexable
4,https://www.mdmountainside.com/1812-brewery-farmerscraftsflea-market2,Yes,3,Yes,Indexable
5,https://www.mdmountainside.com/1812-brewery-farmerscraftsflea-market23,Yes,3,Yes,Indexable
6,https://www.mdmountainside.com/1812-brewery-farmerscraftsflea-market234,Yes,3,Yes,Indexable
7,https://www.mdmountainside.com/1812-brewery-holiday-flea-market-and-brunch-with-santa,Yes,3,Yes,Indexable
8,https://www.mdmountainside.com/1812-brewery-presents-musician-gibb-cochrum-and-food-by-chef-pauls-kitchen,Yes,3,Yes,Indexable
9,https://www.mdmountainside.com/1812-brewery-presents-musician-jacob-blank-and-bbq-beast,Yes,3,Yes,Indexable
10,https://www.mdmountainside.com/1812-octobeerfest-dinner-with-good-carma-catering,Yes,3,Yes,Indexable
11,https://www.mdmountainside.com/1812s-howl-o-ween-party,Yes,3,Yes,Indexable
12,https://www.mdmountainside.com/18th-annual-labor-day-supercruise,Yes,3,Yes,Indexable
13,https://www.mdmountainside.com/1978-bishop-walsh-city-championship-football-reunion-with-night-traveler-and-wamba-caravan-89,Yes,5,Yes,Indexable
14,https://www.mdmountainside.com/2018-cumberland-holiday-historic-home-tour,Yes,7,Yes,Indexable
15,https://www.mdmountainside.com/2018-halloween-bash-with-rubix-kube,Yes,5,Yes,Indexable
16,https://www.mdmountainside.com/2018-western-maryland-kidney-ride,Yes,5,Yes,Indexable
17,https://www.mdmountainside.com/2nd-annual-ugly-christmas-sweater-party-at-1812-brewery,Yes,5,Yes,Indexable
18,https://www.mdmountainside.com/2nd-annual-ymca-dragons-on-the-lake,Yes,3,Yes,Indexable
19,https://www.mdmountainside.com/30th-annual-iron-furnace-5k-and-fun-walk,Yes,3,Yes,Indexable
20,https://www.mdmountainside.com/32nd-annual-coney-days-coney-days-campfire,Yes,5,Yes,Indexable
21,https://www.mdmountainside.com/32nd-annual-coney-days-sunday-in-the-park,Yes,3,Yes,Indexable
22,https://www.mdmountainside.com/3m-challenge-bike-ride,Yes,3,Yes,Indexable
23,https://www.mdmountainside.com/4th-annual-brush-tunnel-marathon-and-half-marathon,Yes,3,Yes,Indexable
24,https://www.mdmountainside.com/5th-annual-gap-marathon-and-half-marathon,Yes,3,Yes,Indexable
25,https://www.mdmountainside.com/5th-annual-howards-run-festival,Yes,3,Yes,Indexable
26,https://www.mdmountainside.com/5th-last-dale-murray-memorial-benefit-motorcycle-ride,Yes,3,Yes,Indexable
27,https://www.mdmountainside.com/69th-annual-south-cumberland-business-and-civic-association-marsha-l-thomas-memorial-halloween-parade,Yes,3,Yes,Indexable
28,https://www.mdmountainside.com/7-cs-lodging,Yes,3,Yes,Indexable
29,https://www.mdmountainside.com/9-decatur-guest-house-and-hostel,Yes,5,Yes,Indexable
30,https://www.mdmountainside.com/9-north-centre-for-the-arts,Yes,5,Yes,Indexable
31,https://www.mdmountainside.com/a-festival-of-lessons-and-carols-for-christmas,Yes,3,Yes,Indexable
32,https://www.mdmountainside.com/about-allegany-county-tourism,Yes,3,Yes,Indexable
33,https://www.mdmountainside.com/accent-on-health-chiropractic-massage,Yes,3,Yes,Indexable
34,https://www.mdmountainside.com/acre-coworking,Yes,5,Yes,Indexable
35,https://www.mdmountainside.com/al-gar-federal-credit-union,Yes,3,Yes,Indexable
36,https://www.mdmountainside.com/aldi-grocery-store,Yes,3,Yes,Indexable
37,https://www.mdmountainside.com/ali-ghan-shrine-club,Yes,6,Yes,Indexable
38,https://www.mdmountainside.com/allegania,Yes,5,Yes,Indexable
39,https://www.mdmountainside.com/allegany-arts-council,Yes,3,Yes,Indexable
40,https://www.mdmountainside.com/allegany-chiropractic-center,Yes,3,Yes,Indexable
41,https://www.mdmountainside.com/allegany-college-of-maryland,Yes,3,Yes,Indexable
42,https://www.mdmountainside.com/allegany-county-fair-ag-expo,Yes,3,Yes,Indexable
43,https://www.mdmountainside.com/allegany-county-fairgrounds,Yes,3,Yes,Indexable
44,https://www.mdmountainside.com/allegany-county-library-system,Yes,3,Yes,Indexable
45,https://www.mdmountainside.com/allegany-county-march-for-babies,Yes,3,Yes,Indexable
46,https://www.mdmountainside.com/allegany-county-restaurant-week,Yes,3,Yes,Indexable
47,https://www.mdmountainside.com/allegany-county-schools,Yes,3,Yes,Indexable
48,https://www.mdmountainside.com/allegany-county-teachers-credit-union,Yes,3,Yes,Indexable
49,https://www.mdmountainside.com/allegany-county-transit-,Yes,3,Yes,Indexable
50,https://www.mdmountainside.com/allegany-county-visitor-center,Yes,3,Yes,Indexable
51,https://www.mdmountainside.com/allegany-liquor-store,Yes,3,Yes,Indexable
52,https://www.mdmountainside.com/allegany-museum,Yes,3,Yes,Indexable
53,https://www.mdmountainside.com/allegheny-trail-house-bed-breakfast,Yes,3,Yes,Indexable
54,https://www.mdmountainside.com/alpacas-at-rivers-edge-farm,Yes,3,Yes,Indexable
55,https://www.mdmountainside.com/an-evening-at-1812-with-gibb-cochrum-and-mighty-kimchi-food-truck,Yes,3,Yes,Indexable
56,https://www.mdmountainside.com/annies-sleep-center,Yes,3,Yes,Indexable
57,https://www.mdmountainside.com/appalachia-awakening,Yes,3,Yes,Indexable
58,https://www.mdmountainside.com/appalachian-festival,Yes,3,Yes,Indexable
59,https://www.mdmountainside.com/appels-gateway,Yes,3,Yes,Indexable
60,https://www.mdmountainside.com/applebees-restaurant,Yes,5,Yes,Indexable
61,https://www.mdmountainside.com/apples-east-coast-motorcycle-rally,Yes,3,Yes,Indexable
62,https://www.mdmountainside.com/arbys,Yes,3,Yes,Indexable
63,https://www.mdmountainside.com/ark-candles-soaps,Yes,3,Yes,Indexable
64,https://www.mdmountainside.com/around-the-back-family-chiropractic,Yes,3,Yes,Indexable
65,https://www.mdmountainside.com/art-exhibit-by-sheri-sensabaugh-the-fabric-of-my-life,Yes,5,Yes,Indexable
66,https://www.mdmountainside.com/art-exhibition-art-and-soul-ii-by-susan-g-devan,Yes,3,Yes,Indexable
67,https://www.mdmountainside.com/arts-and-culture,Yes,4,Yes,Indexable
68,https://www.mdmountainside.com/aspen-dental,Yes,3,Yes,Indexable
69,https://www.mdmountainside.com/azads-of-cumberland-at-the-qashqai-gallery,Yes,3,Yes,Indexable
70,https://www.mdmountainside.com/b-rads-pizza,Yes,3,Yes,Indexable
71,https://www.mdmountainside.com/back-by-popular-demand-the-fly-birds,Yes,3,Yes,Indexable
72,https://www.mdmountainside.com/baltimore-street-collectibles,Yes,3,Yes,Indexable
73,https://www.mdmountainside.com/baltimore-street-grill,Yes,5,Yes,Indexable
74,https://www.mdmountainside.com/banana-leaf,Yes,3,Yes,Indexable
75,https://www.mdmountainside.com/banks,Yes,6,Yes,Indexable
76,https://www.mdmountainside.com/barbaras-hallmark,Yes,3,Yes,Indexable
77,https://www.mdmountainside.com/bark4life,Yes,3,Yes,Indexable
78,https://www.mdmountainside.com/barkin-basement-thrift-shop,Yes,3,Yes,Indexable
79,https://www.mdmountainside.com/barkin-basement-thrift-shop-sidewalk-sale,Yes,3,Yes,Indexable
80,https://www.mdmountainside.com/bars-and-nighttlife,Yes,6,Yes,Indexable
81,https://www.mdmountainside.com/bartons-towing-auto-service,Yes,3,Yes,Indexable
82,https://www.mdmountainside.com/basecamp-coffee-company,Yes,5,Yes,Indexable
83,https://www.mdmountainside.com/baxters-gourmet-catering,Yes,4,Yes,Indexable
84,https://www.mdmountainside.com/bay-runner-shuttle,Yes,4,Yes,Indexable
85,https://www.mdmountainside.com/bb-country-meats,Yes,5,Yes,Indexable
86,https://www.mdmountainside.com/beckmans-greene-street-pharmacy-inc,Yes,3,Yes,Indexable
87,https://www.mdmountainside.com/bed-and-breakfasts,Yes,2,Yes,Indexable
88,https://www.mdmountainside.com/beer-pairing-dinner-featuring-1812-brewery-and-good-carma-catering,Yes,3,Yes,Indexable
89,https://www.mdmountainside.com/beer-wine-spirits-,Yes,3,Yes,Indexable
90,https://www.mdmountainside.com/beginnings-montessori,Yes,5,Yes,Indexable
91,https://www.mdmountainside.com/ber-chayim-temple-,Yes,5,Yes,Indexable
92,https://www.mdmountainside.com/best-western-braddock,Yes,5,Yes,Indexable
93,https://www.mdmountainside.com/bethel-holiness-church,Yes,5,Yes,Indexable
94,https://www.mdmountainside.com/big-lots,Yes,3,Yes,Indexable
95,https://www.mdmountainside.com/bills-place,Yes,3,Yes,Indexable
96,https://www.mdmountainside.com/black-guy-fawkes-on-stage-at-1812-brewery,Yes,3,Yes,Indexable
97,https://www.mdmountainside.com/black-guy-fawkes-plus-good-carma-catering-at-1812-brewery,Yes,3,Yes,Indexable
98,https://www.mdmountainside.com/black-oak-bottom-boat-access,Yes,6,Yes,Indexable
99,https://www.mdmountainside.com/blog/your-guide-to-small-business-saturday,Yes,1,Yes,Indexable
100,https://www.mdmountainside.com/blue-highway-concert,Yes,3,Yes,Indexable
101,https://www.mdmountainside.com/bob-evans-restaurant-,Yes,3,Yes,Indexable
102,https://www.mdmountainside.com/bonds-landing-boat-access,Yes,5,Yes,Indexable
103,https://www.mdmountainside.com/breakfast-with-the-elves-2018,Yes,3,Yes,Indexable
104,https://www.mdmountainside.com/brews-wines-and-spirits,Yes,4,Yes,Indexable
105,https://www.mdmountainside.com/buckleys-24-hr-towing,Yes,5,Yes,Indexable
106,https://www.mdmountainside.com/buffalo-wild-wings,Yes,3,Yes,Indexable
107,https://www.mdmountainside.com/busters-treats,Yes,4,Yes,Indexable
108,https://www.mdmountainside.com/buttercup-boutique,Yes,3,Yes,Indexable
109,https://www.mdmountainside.com/byways,Yes,1,Yes,Indexable
110,https://www.mdmountainside.com/c-o-canal-national-park-camping,Yes,3,Yes,Indexable
111,https://www.mdmountainside.com/c-william-gilchrist-gallery-and-museum,Yes,3,Yes,Indexable
112,https://www.mdmountainside.com/cabins-and-campgrounds,Yes,2,Yes,Indexable
113,https://www.mdmountainside.com/cafe-mark,Yes,3,Yes,Indexable
114,https://www.mdmountainside.com/calvary-baptist-church-calvary-christian-academy,Yes,5,Yes,Indexable
115,https://www.mdmountainside.com/calvary-bible-church--independent-baptist,Yes,3,Yes,Indexable
116,https://www.mdmountainside.com/camp-potomac,Yes,3,Yes,Indexable
117,https://www.mdmountainside.com/canal-boat-replica-the-cumberland,Yes,3,Yes,Indexable
118,https://www.mdmountainside.com/canal-place-farmers-market,Yes,3,Yes,Indexable
119,https://www.mdmountainside.com/canal-place-heritage-park,Yes,3,Yes,Indexable
120,https://www.mdmountainside.com/canine-couture,Yes,3,Yes,Indexable
121,https://www.mdmountainside.com/caporales-bakery-inc,Yes,3,Yes,Indexable
122,https://www.mdmountainside.com/cartridges-galore,Yes,3,Yes,Indexable
123,https://www.mdmountainside.com/casinos,Yes,4,Yes,Indexable
124,https://www.mdmountainside.com/catering,Yes,6,Yes,Indexable
125,https://www.mdmountainside.com/centenary-united-methodist-church,Yes,3,Yes,Indexable
126,https://www.mdmountainside.com/central-assembly-of-god,Yes,3,Yes,Indexable
127,https://www.mdmountainside.com/ces-at-frostburg-state-university,Yes,3,Yes,Indexable
128,https://www.mdmountainside.com/ces-at-frostburg-state-university-presents-1st-project,Yes,3,Yes,Indexable
129,https://www.mdmountainside.com/ces-at-frostburg-state-university-presents-an-evening-with-jo-dee-messina,Yes,4,Yes,Indexable
130,https://www.mdmountainside.com/ces-at-frostburg-state-university-presents-banda-magda,Yes,3,Yes,Indexable
131,https://www.mdmountainside.com/ces-at-frostburg-state-university-presents-carol-of-the-king-the-irish-dance-christmas-spectacular,Yes,3,Yes,Indexable
132,https://www.mdmountainside.com/ces-at-frostburg-state-university-presents-catapult-the-amazing-magic-of-shadow-dance,Yes,3,Yes,Indexable
133,https://www.mdmountainside.com/ces-at-frostburg-state-university-presents-christian-sands-trio,Yes,5,Yes,Indexable
134,https://www.mdmountainside.com/ces-at-frostburg-state-university-presents-cirque-flip-fabrique-in-blizzard,Yes,6,Yes,Indexable
135,https://www.mdmountainside.com/ces-at-frostburg-state-university-presents-cirque-mei-elite-circus-artists-and-acrobats-of-hebei-china,Yes,6,Yes,Indexable
136,https://www.mdmountainside.com/ces-at-frostburg-state-university-presents-crys-matthews,Yes,6,Yes,Indexable
137,https://www.mdmountainside.com/ces-at-frostburg-state-university-presents-crys-matthews-workshop-sing-dont-shout-an-alternative-approach,Yes,4,Yes,Indexable
138,https://www.mdmountainside.com/ces-at-frostburg-state-university-presents-derek-brown-featuring-fsu-jazz-orchestra-and-faculty,Yes,4,Yes,Indexable
139,https://www.mdmountainside.com/ces-at-frostburg-state-university-presents-ghost-note,Yes,4,Yes,Indexable
140,https://www.mdmountainside.com/ces-at-frostburg-state-university-presents-jeff-coffin-and-roy-wooten,Yes,3,Yes,Indexable
141,https://www.mdmountainside.com/ces-at-frostburg-state-university-presents-kaia-kater-with-anna-and-elizabeth,Yes,5,Yes,Indexable
142,https://www.mdmountainside.com/ces-at-frostburg-state-university-presents-malamanya,Yes,6,Yes,Indexable
143,https://www.mdmountainside.com/ces-at-frostburg-state-university-presents-maryland-symphony-orchestra-immortal-mozart-schuberts-fifth-symphony,Yes,5,Yes,Indexable
144,https://www.mdmountainside.com/ces-at-frostburg-state-university-presents-maryland-symphony-orchestra-in-the-american-symphony,Yes,6,Yes,Indexable
145,https://www.mdmountainside.com/ces-at-frostburg-state-university-presents-ren-marie-and-experiment-in-truth,Yes,5,Yes,Indexable
146,https://www.mdmountainside.com/ces-at-frostburg-state-university-presents-russian-national-ballet-in-don-quixote,Yes,4,Yes,Indexable
147,https://www.mdmountainside.com/ces-at-frostburg-state-university-presents-russian-national-ballet-in-giselle,Yes,3,Yes,Indexable
148,https://www.mdmountainside.com/ces-at-frostburg-state-university-presents-six-appeal,Yes,3,Yes,Indexable
149,https://www.mdmountainside.com/ces-at-frostburg-state-university-presents-songs-of-ireland-a-celtic-celebration,Yes,3,Yes,Indexable
150,https://www.mdmountainside.com/ces-at-frostburg-state-university-presents-stacey-kay,Yes,5,Yes,Indexable
151,https://www.mdmountainside.com/ces-at-frostburg-state-university-presents-terry-barber-countertenor-in-christmas-presence,Yes,4,Yes,Indexable
152,https://www.mdmountainside.com/ces-at-frostburg-state-university-presents-the-brubeck-brothers-quartet-celebrates-dave-brubecks-centennial,Yes,4,Yes,Indexable
153,https://www.mdmountainside.com/ces-at-frostburg-state-university-presents-the-lique,Yes,4,Yes,Indexable
154,https://www.mdmountainside.com/ces-at-frostburg-state-university-presents-thomas-pandolfi-into-the-night-with-gershwin,Yes,4,Yes,Indexable
155,https://www.mdmountainside.com/ces-at-frostburg-state-university-presents-veronica-swift,Yes,4,Yes,Indexable
156,https://www.mdmountainside.com/ces-concert-series-presents-an-evening-with-leann-rimes,Yes,3,Yes,Indexable
157,https://www.mdmountainside.com/ces-presents-dom-flemons-in-the-appalachian-festival-capstone-concert,Yes,4,Yes,Indexable
158,https://www.mdmountainside.com/charis-winery-distillery,Yes,3,Yes,Indexable
159,https://www.mdmountainside.com/charlies-motel,Yes,3,Yes,Indexable
160,https://www.mdmountainside.com/chco-revolutionary-war-plaque-reading,Yes,3,Yes,Indexable
161,https://www.mdmountainside.com/chef-pauls,Yes,3,Yes,Indexable
162,https://www.mdmountainside.com/chessie-federal-credit-union,Yes,3,Yes,Indexable
163,https://www.mdmountainside.com/chick-fil-a-at-queen-city-centre,Yes,3,Yes,Indexable
164,https://www.mdmountainside.com/chick-fil-a-country-club-mall,Yes,3,Yes,Indexable
165,https://www.mdmountainside.com/chick-fil-a-lavale,Yes,5,Yes,Indexable
166,https://www.mdmountainside.com/chicken-coupe,Yes,3,Yes,Indexable
167,https://www.mdmountainside.com/childrens-medical-group,Yes,5,Yes,Indexable
168,https://www.mdmountainside.com/chinese-bandits-and-cruise-in-at-windsor-castle,Yes,5,Yes,Indexable
169,https://www.mdmountainside.com/chopsticks-chinese-restaurant,Yes,3,Yes,Indexable
170,https://www.mdmountainside.com/christ-lutheran-church,Yes,3,Yes,Indexable
171,https://www.mdmountainside.com/christ-memorial-baptist-church,Yes,5,Yes,Indexable
172,https://www.mdmountainside.com/christ-united-methodist-church,Yes,3,Yes,Indexable
173,https://www.mdmountainside.com/christmas-city-express-morning-excursion,Yes,3,Yes,Indexable
174,https://www.mdmountainside.com/church-of-jesus-christ-of-latter-day-saints,Yes,3,Yes,Indexable
175,https://www.mdmountainside.com/church-of-the-brethren,Yes,3,Yes,Indexable
176,https://www.mdmountainside.com/churches,Yes,6,Yes,Indexable
177,https://www.mdmountainside.com/circle-k,Yes,3,Yes,Indexable
178,https://www.mdmountainside.com/city-lights-american-grill-bar,Yes,3,Yes,Indexable
179,https://www.mdmountainside.com/city-of-cumberland-parks-recreation-department,Yes,3,Yes,Indexable
180,https://www.mdmountainside.com/city-place-farmers-market,Yes,3,Yes,Indexable
181,https://www.mdmountainside.com/clarysville-motel,Yes,3,Yes,Indexable
182,https://www.mdmountainside.com/clatter-coffee,Yes,3,Yes,Indexable
183,https://www.mdmountainside.com/closer,Yes,5,Yes,Indexable
184,https://www.mdmountainside.com/closer-matinee,Yes,3,Yes,Indexable
185,https://www.mdmountainside.com/co-canal-cargo-boat-replica-tours,Yes,3,Yes,Indexable
186,https://www.mdmountainside.com/co-canal-national-historical-park-museum,Yes,3,Yes,Indexable
187,https://www.mdmountainside.com/co-canal-towpath,Yes,3,Yes,Indexable
188,https://www.mdmountainside.com/comfort-inn-suites,Yes,3,Yes,Indexable
189,https://www.mdmountainside.com/community-model-railroad-club,Yes,3,Yes,Indexable
190,https://www.mdmountainside.com/coney-christmas,Yes,3,Yes,Indexable
191,https://www.mdmountainside.com/constitution-park,Yes,3,Yes,Indexable
192,https://www.mdmountainside.com/constitution-park-pool-opens-for-the-season,Yes,3,Yes,Indexable
193,https://www.mdmountainside.com/contact-us,Yes,2,Yes,Indexable
194,https://www.mdmountainside.com/contest-home,Yes,3,Yes,Indexable
195,https://www.mdmountainside.com/coops-bunns,Yes,3,Yes,Indexable
196,https://www.mdmountainside.com/corner-tavern-cafe,Yes,3,Yes,Indexable
197,https://www.mdmountainside.com/cornerstone-baptist-church,Yes,3,Yes,Indexable
198,https://www.mdmountainside.com/country-club-mall,Yes,5,Yes,Indexable
199,https://www.mdmountainside.com/country-club-mall-cinemas,Yes,3,Yes,Indexable
200,https://www.mdmountainside.com/country-road-primitives,Yes,3,Yes,Indexable
201,https://www.mdmountainside.com/crabby-pig,Yes,5,Yes,Indexable
202,https://www.mdmountainside.com/cracker-barrel,Yes,3,Yes,Indexable
203,https://www.mdmountainside.com/cresaptown-united-methodist-church,Yes,3,Yes,Indexable
204,https://www.mdmountainside.com/crestmont-ltd,Yes,5,Yes,Indexable
205,https://www.mdmountainside.com/cruisin-main-street,Yes,3,Yes,Indexable
206,https://www.mdmountainside.com/cumberland-choral-society-holiday-concert,Yes,3,Yes,Indexable
207,https://www.mdmountainside.com/cumberland-choral-society-holiday-concert-2,Yes,3,Yes,Indexable
208,https://www.mdmountainside.com/cumberland-choral-society-winter-concert,Yes,3,Yes,Indexable
209,https://www.mdmountainside.com/cumberland-choral-society-winter-concert-2,Yes,3,Yes,Indexable
210,https://www.mdmountainside.com/cumberland-christmas-tree-lighting-2018,Yes,3,Yes,Indexable
211,https://www.mdmountainside.com/cumberland-church-of-christ,Yes,3,Yes,Indexable
212,https://www.mdmountainside.com/cumberland-community-church,Yes,5,Yes,Indexable
213,https://www.mdmountainside.com/cumberland-country-club,Yes,3,Yes,Indexable
214,https://www.mdmountainside.com/cumberland-cycles,Yes,5,Yes,Indexable
215,https://www.mdmountainside.com/cumberland-dining,Yes,6,Yes,Indexable
216,https://www.mdmountainside.com/cumberland-grace-brethren-church,Yes,3,Yes,Indexable
217,https://www.mdmountainside.com/cumberland-historic-cemetery-organization,Yes,3,Yes,Indexable
218,https://www.mdmountainside.com/cumberland-inn-spa,Yes,5,Yes,Indexable
219,https://www.mdmountainside.com/cumberland-optical,Yes,3,Yes,Indexable
220,https://www.mdmountainside.com/cumberland-theatre-creative-arts-center,Yes,3,Yes,Indexable
221,https://www.mdmountainside.com/cumberland-trail-connection-,Yes,3,Yes,Indexable
222,https://www.mdmountainside.com/cumberland-ymca,Yes,3,Yes,Indexable
223,https://www.mdmountainside.com/curtis-coney-island-famous-weiners,Yes,5,Yes,Indexable
224,https://www.mdmountainside.com/cvs-pharmacy-cumberland,Yes,3,Yes,Indexable
225,https://www.mdmountainside.com/cvs-pharmacy-lavale,Yes,4,Yes,Indexable
226,https://www.mdmountainside.com/cycles-things,Yes,3,Yes,Indexable
227,https://www.mdmountainside.com/cycling,Yes,1,Yes,Indexable
228,https://www.mdmountainside.com/dairy-queen-cumberland,Yes,4,Yes,Indexable
229,https://www.mdmountainside.com/dairy-queen-lavale,Yes,3,Yes,Indexable
230,https://www.mdmountainside.com/dan-stevens-and-sweet-dreams-food-truck-at-1812-brewery,Yes,3,Yes,Indexable
231,https://www.mdmountainside.com/dans-mountain-state-park,Yes,3,Yes,Indexable
232,https://www.mdmountainside.com/dantes-bar,Yes,3,Yes,Indexable
233,https://www.mdmountainside.com/datri-subs,Yes,3,Yes,Indexable
234,https://www.mdmountainside.com/datris-restaurant,Yes,3,Yes,Indexable
235,https://www.mdmountainside.com/davincis-pizza,Yes,5,Yes,Indexable
236,https://www.mdmountainside.com/davis-memorial-united-methodist-church,Yes,3,Yes,Indexable
237,https://www.mdmountainside.com/dawson-united-methodist-church,Yes,3,Yes,Indexable
238,https://www.mdmountainside.com/day-of-the-dead-skull-painting-workshop,Yes,3,Yes,Indexable
239,https://www.mdmountainside.com/dd-pit-n-go-2,Yes,3,Yes,Indexable
240,https://www.mdmountainside.com/delfest/resources/beer-and-ice,Yes,4,Yes,Indexable
241,https://www.mdmountainside.com/delfest/resources/gas-stations,Yes,4,Yes,Indexable
242,https://www.mdmountainside.com/delfest/resources/grocery-stores,Yes,4,Yes,Indexable
243,https://www.mdmountainside.com/delgrossos-park-laguna-splash-water-park,Yes,3,Yes,Indexable
244,https://www.mdmountainside.com/dennys--lavale,Yes,3,Yes,Indexable
245,https://www.mdmountainside.com/deomonts-muffler-brake,Yes,3,Yes,Indexable
246,https://www.mdmountainside.com/dig-deep-brewing-co,Yes,3,Yes,Indexable
247,https://www.mdmountainside.com/diplomat-motel,Yes,3,Yes,Indexable
248,https://www.mdmountainside.com/dirty-mae-live-on-the-mccoury-family-stage,Yes,3,Yes,Indexable
249,https://www.mdmountainside.com/discover-downtown-cumberland-blues,Yes,3,Yes,Indexable
250,https://www.mdmountainside.com/discover-downtown-cumberland-with-grand-ole-ditch,Yes,3,Yes,Indexable
251,https://www.mdmountainside.com/divine-reflections,Yes,3,Yes,Indexable
252,https://www.mdmountainside.com/dollar-dip-at-dans-mountain-pool,Yes,3,Yes,Indexable
253,https://www.mdmountainside.com/dominos-pizza-cumberland,Yes,3,Yes,Indexable
254,https://www.mdmountainside.com/dominos-pizza-frostburg,Yes,3,Yes,Indexable
255,https://www.mdmountainside.com/downtown-cumberland-farmers-market,Yes,3,Yes,Indexable
256,https://www.mdmountainside.com/downtown-cumberland-merchants-holiday-party-with-ursula-ricks,Yes,3,Yes,Indexable
257,https://www.mdmountainside.com/downtown-cumberlands-shop-small-saturday,Yes,3,Yes,Indexable
258,https://www.mdmountainside.com/dracula,Yes,3,Yes,Indexable
259,https://www.mdmountainside.com/dragons-on-the-lake,Yes,3,Yes,Indexable
260,https://www.mdmountainside.com/dragons-on-the-lake-2019,Yes,3,Yes,Indexable
261,https://www.mdmountainside.com/drive-in-fly-in-august-2019,Yes,3,Yes,Indexable
262,https://www.mdmountainside.com/drive-in-fly-in-sepetmber-2019,Yes,3,Yes,Indexable
263,https://www.mdmountainside.com/dubs-at-the-gap,Yes,3,Yes,Indexable
264,https://www.mdmountainside.com/dubs-at-the-gap-2019,Yes,3,Yes,Indexable
265,https://www.mdmountainside.com/dubs-at-the-gap-cruise-bbq-at-1812-brewery,Yes,3,Yes,Indexable
266,https://www.mdmountainside.com/dunhams-sports,Yes,3,Yes,Indexable
267,https://www.mdmountainside.com/early-rise-flies,Yes,3,Yes,Indexable
268,https://www.mdmountainside.com/eastern-express,Yes,3,Yes,Indexable
269,https://www.mdmountainside.com/eckhart-baptist-church,Yes,5,Yes,Indexable
270,https://www.mdmountainside.com/education,Yes,6,Yes,Indexable
271,https://www.mdmountainside.com/ehc-camp-grow-cook-it,Yes,3,Yes,Indexable
272,https://www.mdmountainside.com/ehc-camp-science-discovery,Yes,3,Yes,Indexable
273,https://www.mdmountainside.com/ehc-camp-young-naturalists,Yes,3,Yes,Indexable
274,https://www.mdmountainside.com/el-canelo-restaurant--frostburg,Yes,3,Yes,Indexable
275,https://www.mdmountainside.com/el-jinete-restaurant,Yes,3,Yes,Indexable
276,https://www.mdmountainside.com/elements-wellness-spa,Yes,3,Yes,Indexable
277,https://www.mdmountainside.com/elks-derby-day,Yes,5,Yes,Indexable
278,https://www.mdmountainside.com/ellies-deli,Yes,3,Yes,Indexable
279,https://www.mdmountainside.com/embassy-theatre,Yes,3,Yes,Indexable
280,https://www.mdmountainside.com/emmanuel-episcopal-church,Yes,5,Yes,Indexable
281,https://www.mdmountainside.com/emmanuel-episcopal-church-tunnel-tours,Yes,5,Yes,Indexable
282,https://www.mdmountainside.com/enterprise-rent-a-car,Yes,6,Yes,Indexable
283,https://www.mdmountainside.com/escape-fake-news,Yes,5,Yes,Indexable
284,https://www.mdmountainside.com/et-at-the-palace-theatre,Yes,3,Yes,Indexable
285,https://www.mdmountainside.com/european-desserts-and-more,Yes,3,Yes,Indexable
286,https://www.mdmountainside.com/evening-flyer,Yes,5,Yes,Indexable
287,https://www.mdmountainside.com/event-calendar,Yes,6,Yes,Indexable
288,https://www.mdmountainside.com/evergreen-heritage-center,Yes,3,Yes,Indexable
289,https://www.mdmountainside.com/ex2-adventure-race,Yes,5,Yes,Indexable
290,https://www.mdmountainside.com/exit-strategy-escape-room,Yes,3,Yes,Indexable
291,https://www.mdmountainside.com/f-brooke-whiting-house-collection,Yes,3,Yes,Indexable
292,https://www.mdmountainside.com/fairfield-inn-and-suites,Yes,3,Yes,Indexable
293,https://www.mdmountainside.com/fairgrounds-boat-access,Yes,5,Yes,Indexable
294,https://www.mdmountainside.com/faith-presbyterian-church-in-america-pca,Yes,5,Yes,Indexable
295,https://www.mdmountainside.com/fall-cemetery-tour,Yes,5,Yes,Indexable
296,https://www.mdmountainside.com/fall-for-downtown-festival-cumberland-md,Yes,3,Yes,Indexable
297,https://www.mdmountainside.com/fall-frostburg-flyer,Yes,3,Yes,Indexable
298,https://www.mdmountainside.com/family-fun,Yes,6,Yes,Indexable
299,https://www.mdmountainside.com/family-pizza-train,Yes,3,Yes,Indexable
300,https://www.mdmountainside.com/farmers-markets,Yes,3,Yes,Indexable
301,https://www.mdmountainside.com/farms,Yes,4,Yes,Indexable
302,https://www.mdmountainside.com/fat-pig,Yes,3,Yes,Indexable
303,https://www.mdmountainside.com/fatboys-pizza-shack,Yes,3,Yes,Indexable
304,https://www.mdmountainside.com/femina-in-toto-a-compilation-of-design-by-women,Yes,7,Yes,Indexable
305,https://www.mdmountainside.com/fifteen-mile-creek-boat-access,Yes,3,Yes,Indexable
306,https://www.mdmountainside.com/first-annual-mountain-maryland-trail-fest,Yes,5,Yes,Indexable
307,https://www.mdmountainside.com/first-assembly-of-god-church,Yes,3,Yes,Indexable
308,https://www.mdmountainside.com/first-assembly-of-god2,Yes,5,Yes,Indexable
309,https://www.mdmountainside.com/first-church-of-the-nazarene,Yes,3,Yes,Indexable
310,https://www.mdmountainside.com/first-congregational-church-of-frostburg,Yes,3,Yes,Indexable
311,https://www.mdmountainside.com/first-english-baptist-church,Yes,3,Yes,Indexable
312,https://www.mdmountainside.com/first-friday-art-club-fall-haiku-writing,Yes,3,Yes,Indexable
313,https://www.mdmountainside.com/first-friday-art-club-family-comedy-night,Yes,3,Yes,Indexable
314,https://www.mdmountainside.com/first-friday-art-club-thankfulness-art-and-potluck,Yes,3,Yes,Indexable
315,https://www.mdmountainside.com/first-friday-art-club-ugly-sweater-party,Yes,3,Yes,Indexable
316,https://www.mdmountainside.com/first-peoples-community-federal-credit-union,Yes,3,Yes,Indexable
317,https://www.mdmountainside.com/first-peoples-community-federal-credit-union-cresaptown,Yes,3,Yes,Indexable
318,https://www.mdmountainside.com/first-peoples-community-federal-credit-union-frostburg,Yes,3,Yes,Indexable
319,https://www.mdmountainside.com/first-peoples-community-federal-credit-union-industrial-blvd,Yes,3,Yes,Indexable
320,https://www.mdmountainside.com/first-peoples-community-federal-credit-union-lavale,Yes,3,Yes,Indexable
321,https://www.mdmountainside.com/first-peoples-community-federal-credit-union-lonaconing,Yes,3,Yes,Indexable
322,https://www.mdmountainside.com/first-peoples-community-federal-credit-union-queen-city-drive,Yes,3,Yes,Indexable
323,https://www.mdmountainside.com/first-presbyterian-church,Yes,3,Yes,Indexable
324,https://www.mdmountainside.com/first-presbyterian-church-of-frostburg,Yes,3,Yes,Indexable
325,https://www.mdmountainside.com/first-united-bank-trust,Yes,3,Yes,Indexable
326,https://www.mdmountainside.com/fish-and-hunt,Yes,4,Yes,Indexable
327,https://www.mdmountainside.com/fishers-body-shop,Yes,3,Yes,Indexable
328,https://www.mdmountainside.com/flintstone-mennonite-church,Yes,3,Yes,Indexable
329,https://www.mdmountainside.com/flowerland,Yes,3,Yes,Indexable
330,https://www.mdmountainside.com/fore-sisters-golf-course,Yes,3,Yes,Indexable
331,https://www.mdmountainside.com/fort-cumberland-emporium,Yes,3,Yes,Indexable
332,https://www.mdmountainside.com/four-t-herb-shoppe,Yes,3,Yes,Indexable
333,https://www.mdmountainside.com/fourth-friday-tea-series,Yes,3,Yes,Indexable
334,https://www.mdmountainside.com/fourth-friday-tea-series2,Yes,3,Yes,Indexable
335,https://www.mdmountainside.com/fourth-friday-tea-series23,Yes,3,Yes,Indexable
336,https://www.mdmountainside.com/fourth-friday-tea-series234,Yes,3,Yes,Indexable
337,https://www.mdmountainside.com/foxs-pizza-den-of-frostburg,Yes,3,Yes,Indexable
338,https://www.mdmountainside.com/fratelli-italian-cuisine-bar,Yes,3,Yes,Indexable
339,https://www.mdmountainside.com/friday-after-black-friday,Yes,3,Yes,Indexable
340,https://www.mdmountainside.com/friendship-haven-church,Yes,3,Yes,Indexable
341,https://www.mdmountainside.com/frostburg-assembly-of-god-church,Yes,3,Yes,Indexable
342,https://www.mdmountainside.com/frostburg-candlelight-tour-2018,Yes,3,Yes,Indexable
343,https://www.mdmountainside.com/frostburg-farmers-market,Yes,3,Yes,Indexable
344,https://www.mdmountainside.com/frostburg-fiber-depot,Yes,3,Yes,Indexable
345,https://www.mdmountainside.com/frostburg-flyer,Yes,3,Yes,Indexable
346,https://www.mdmountainside.com/frostburg-flyer2,Yes,3,Yes,Indexable
347,https://www.mdmountainside.com/frostburg-flyer23,Yes,3,Yes,Indexable
348,https://www.mdmountainside.com/frostburg-freeze,Yes,3,Yes,Indexable
349,https://www.mdmountainside.com/frostburg-halloween-parade,Yes,3,Yes,Indexable
350,https://www.mdmountainside.com/frostburg-inn,Yes,3,Yes,Indexable
351,https://www.mdmountainside.com/frostburg-medical-center,Yes,3,Yes,Indexable
352,https://www.mdmountainside.com/frostburg-museum,Yes,3,Yes,Indexable
353,https://www.mdmountainside.com/frostburg-palace-theatre-jazz-series-presents-paul-bollenback-and-power-3,Yes,3,Yes,Indexable
354,https://www.mdmountainside.com/frostburg-state-hosting-evening-with-bestselling-author-peter-stark,Yes,3,Yes,Indexable
355,https://www.mdmountainside.com/frostburg-state-university,Yes,3,Yes,Indexable
356,https://www.mdmountainside.com/frostburg-state-university-appalachian-festival,Yes,5,Yes,Indexable
357,https://www.mdmountainside.com/frostburg-tree-lighting-ceremony,Yes,3,Yes,Indexable
358,https://www.mdmountainside.com/frostburg-united-methodist-church,Yes,3,Yes,Indexable
359,https://www.mdmountainside.com/frostburg-vision-center,Yes,3,Yes,Indexable
360,https://www.mdmountainside.com/frostburg-wines-train-featuring-toasted-goat-winery,Yes,6,Yes,Indexable
361,https://www.mdmountainside.com/frostburg-winter-market,Yes,5,Yes,Indexable
362,https://www.mdmountainside.com/frostburgfirst-a-maryland-main-street-community,Yes,3,Yes,Indexable
363,https://www.mdmountainside.com/frostoberfest-2018,Yes,3,Yes,Indexable
364,https://www.mdmountainside.com/fruit-bowl2,Yes,3,Yes,Indexable
365,https://www.mdmountainside.com/fsu-bookstore,Yes,3,Yes,Indexable
366,https://www.mdmountainside.com/fsu-center-for-literary-arts,Yes,4,Yes,Indexable
367,https://www.mdmountainside.com/fsu-lane-center,Yes,3,Yes,Indexable
368,https://www.mdmountainside.com/fsu-planetarium-,Yes,3,Yes,Indexable
369,https://www.mdmountainside.com/fsu-stephanie-ann-roper-gallery,Yes,3,Yes,Indexable
370,https://www.mdmountainside.com/funky-repurps-and-more,Yes,3,Yes,Indexable
371,https://www.mdmountainside.com/gabriel-brothers-gabes,Yes,3,Yes,Indexable
372,https://www.mdmountainside.com/gas-stations,Yes,6,Yes,Indexable
373,https://www.mdmountainside.com/gellar-drapkin-and-jazz-at-toasted-goat-winery,Yes,3,Yes,Indexable
374,https://www.mdmountainside.com/general-art-store-star-gallery,Yes,3,Yes,Indexable
375,https://www.mdmountainside.com/genes-famliy-restaurant,Yes,3,Yes,Indexable
376,https://www.mdmountainside.com/george-washingtons-headquarters,Yes,3,Yes,Indexable
377,https://www.mdmountainside.com/georges-creek-pharmacy,Yes,3,Yes,Indexable
378,https://www.mdmountainside.com/get-out-play-outfitters,Yes,3,Yes,Indexable
379,https://www.mdmountainside.com/gg-tire,Yes,3,Yes,Indexable
380,https://www.mdmountainside.com/ghost-tour-of-historic-cumberland,Yes,3,Yes,Indexable
381,https://www.mdmountainside.com/ghouley-pub-crawl,Yes,3,Yes,Indexable
382,https://www.mdmountainside.com/giannis-pizza-wings-cumberland,Yes,3,Yes,Indexable
383,https://www.mdmountainside.com/giannis-pizza-wings-frostburg,Yes,3,Yes,Indexable
384,https://www.mdmountainside.com/gilchrist-gardens-gala,Yes,3,Yes,Indexable
385,https://www.mdmountainside.com/gilchrist-museum-exhibition-obrien-and-carter,Yes,3,Yes,Indexable
386,https://www.mdmountainside.com/gingers-asian-kitchen,Yes,3,Yes,Indexable
387,https://www.mdmountainside.com/giuseppes,Yes,3,Yes,Indexable
388,https://www.mdmountainside.com/global-truck-outfitters,Yes,3,Yes,Indexable
389,https://www.mdmountainside.com/gods-ark-of-safety-church,Yes,5,Yes,Indexable
390,https://www.mdmountainside.com/golf,Yes,4,Yes,Indexable
391,https://www.mdmountainside.com/gonzaga-health-center,Yes,3,Yes,Indexable
392,https://www.mdmountainside.com/good-carma-catering,Yes,3,Yes,Indexable
393,https://www.mdmountainside.com/goodwill-store--lavale,Yes,5,Yes,Indexable
394,https://www.mdmountainside.com/gostomskis-gunsmith-service,Yes,3,Yes,Indexable
395,https://www.mdmountainside.com/grace-baptist-church,Yes,3,Yes,Indexable
396,https://www.mdmountainside.com/grace-memorial-community-church,Yes,3,Yes,Indexable
397,https://www.mdmountainside.com/grand-china-buffet,Yes,3,Yes,Indexable
398,https://www.mdmountainside.com/great-allegheny-passage,Yes,3,Yes,Indexable
399,https://www.mdmountainside.com/great-allegheny-passage-relay,Yes,3,Yes,Indexable
400,https://www.mdmountainside.com/green-ridge-state-forest,Yes,5,Yes,Indexable
401,https://www.mdmountainside.com/greene-street-service-center,Yes,3,Yes,Indexable
402,https://www.mdmountainside.com/grocery-and-convenience-stores,Yes,6,Yes,Indexable
403,https://www.mdmountainside.com/halloween-at-evergreen-barn-dance,Yes,3,Yes,Indexable
404,https://www.mdmountainside.com/halloween-spooktacular-in-downtown-cumberland,Yes,3,Yes,Indexable
405,https://www.mdmountainside.com/hampton-inn-cumberland,Yes,3,Yes,Indexable
406,https://www.mdmountainside.com/hampton-inn-frostburg,Yes,3,Yes,Indexable
407,https://www.mdmountainside.com/handmade-holiday-fair-2018,Yes,3,Yes,Indexable
408,https://www.mdmountainside.com/harrigans-restaurant-and-lounge,Yes,3,Yes,Indexable
409,https://www.mdmountainside.com/harry-trayhnam-and-alhambra-at-1812-brewery,Yes,3,Yes,Indexable
410,https://www.mdmountainside.com/hartleys-pizza,Yes,3,Yes,Indexable
411,https://www.mdmountainside.com/harveys-florist-greenhouses-inc,Yes,5,Yes,Indexable
412,https://www.mdmountainside.com/hast-farm-event-venue,Yes,3,Yes,Indexable
413,https://www.mdmountainside.com/health-matters-urgent-care,Yes,3,Yes,Indexable
414,https://www.mdmountainside.com/healthy-parks-healthy-people-wellness-fair,Yes,3,Yes,Indexable
415,https://www.mdmountainside.com/hennys-grill-bar,Yes,3,Yes,Indexable
416,https://www.mdmountainside.com/hertz-rent-a-car,Yes,3,Yes,Indexable
417,https://www.mdmountainside.com/highland-baptist-church,Yes,3,Yes,Indexable
418,https://www.mdmountainside.com/highland-harley-davidson-shop,Yes,5,Yes,Indexable
419,https://www.mdmountainside.com/highlands-american-music-series-presents-the-becky-buller-band,Yes,3,Yes,Indexable
420,https://www.mdmountainside.com/hillside-animal-hospital,Yes,3,Yes,Indexable
421,https://www.mdmountainside.com/historic-city-center,Yes,3,Yes,Indexable
422,https://www.mdmountainside.com/history-and-heritage,Yes,6,Yes,Indexable
423,https://www.mdmountainside.com/hobbies-plus,Yes,5,Yes,Indexable
424,https://www.mdmountainside.com/holiday-inn-express-and-suites-lavale,Yes,3,Yes,Indexable
425,https://www.mdmountainside.com/holiday-open-house,Yes,3,Yes,Indexable
426,https://www.mdmountainside.com/holidays-2018,Yes,2,Yes,Indexable
427,https://www.mdmountainside.com/hoppy-hour-at-1812-brewery,Yes,3,Yes,Indexable
428,https://www.mdmountainside.com/hospitals-and-health-care,Yes,6,Yes,Indexable
429,https://www.mdmountainside.com/hotel-gunter,Yes,3,Yes,Indexable
430,https://www.mdmountainside.com/hotels-and-motels,Yes,4,Yes,Indexable
431,https://www.mdmountainside.com/hummingbird-cafe,Yes,5,Yes,Indexable
432,https://www.mdmountainside.com/hurry-back-tavern-,Yes,5,Yes,Indexable
433,https://www.mdmountainside.com/hush-skin-care-mountain-massage-wellness-spa,Yes,3,Yes,Indexable
434,https://www.mdmountainside.com/independent-ink,Yes,3,Yes,Indexable
435,https://www.mdmountainside.com/indie-lit-festival-2018,Yes,3,Yes,Indexable
436,https://www.mdmountainside.com/inn-on-decatur,Yes,3,Yes,Indexable
437,https://www.mdmountainside.com/integration-studios,Yes,3,Yes,Indexable
438,https://www.mdmountainside.com/iron-rail-days,Yes,3,Yes,Indexable
439,https://www.mdmountainside.com/j-bartles-jewelry,Yes,3,Yes,Indexable
440,https://www.mdmountainside.com/j-j-bait-llc,Yes,5,Yes,Indexable
441,https://www.mdmountainside.com/j-rs-custom-screenprint-embroidery,Yes,3,Yes,Indexable
442,https://www.mdmountainside.com/jacob-blank-on-the-keyboard-chef-pauls-kitchen-at-1812-brewery,Yes,3,Yes,Indexable
443,https://www.mdmountainside.com/janice-ray-and-roc-plus-sob-bbq-at-1812-brewery,Yes,3,Yes,Indexable
444,https://www.mdmountainside.com/jb-farms,Yes,3,Yes,Indexable
445,https://www.mdmountainside.com/jenkins-collision-center,Yes,3,Yes,Indexable
446,https://www.mdmountainside.com/jins-asian-cuisine,Yes,5,Yes,Indexable
447,https://www.mdmountainside.com/jjs-sons,Yes,5,Yes,Indexable
448,https://www.mdmountainside.com/jl-truck-repair-tire-service-inc,Yes,3,Yes,Indexable
449,https://www.mdmountainside.com/jo-ann-fabrics-and-craft-store,Yes,3,Yes,Indexable
450,https://www.mdmountainside.com/joes-viaduct-restaurant,Yes,5,Yes,Indexable
451,https://www.mdmountainside.com/johnstons-garage,Yes,5,Yes,Indexable
452,https://www.mdmountainside.com/jolly-roger-discount-liquors,Yes,3,Yes,Indexable
453,https://www.mdmountainside.com/junie-b-in-jingle-bells-batman-smells,Yes,3,Yes,Indexable
454,https://www.mdmountainside.com/k-bar-and-lunch,Yes,5,Yes,Indexable
455,https://www.mdmountainside.com/karaoke,Yes,3,Yes,Indexable
456,https://www.mdmountainside.com/karaoke-with-mary-sheetz,Yes,3,Yes,Indexable
457,https://www.mdmountainside.com/kebbies-diaper-bag,Yes,3,Yes,Indexable
458,https://www.mdmountainside.com/kegs-and-eggs-at-1812-brewery,Yes,3,Yes,Indexable
459,https://www.mdmountainside.com/kegs-and-eggs-brunch,Yes,3,Yes,Indexable
460,https://www.mdmountainside.com/kegs-and-eggs-brunch-and-dinner-at-1812-brewery,Yes,3,Yes,Indexable
461,https://www.mdmountainside.com/kensington-assisted-living,Yes,3,Yes,Indexable
462,https://www.mdmountainside.com/kentucky-fried-chicken-cumberland,Yes,3,Yes,Indexable
463,https://www.mdmountainside.com/kentucky-fried-chicken-lavale,Yes,3,Yes,Indexable
464,https://www.mdmountainside.com/kerr-brothers-guns,Yes,3,Yes,Indexable
465,https://www.mdmountainside.com/kids-kingdom,Yes,3,Yes,Indexable
466,https://www.mdmountainside.com/kids-saturday,Yes,3,Yes,Indexable
467,https://www.mdmountainside.com/kingdom-hall-of-jehovahs-witnesses,Yes,3,Yes,Indexable
468,https://www.mdmountainside.com/klines-restaurant,Yes,3,Yes,Indexable
469,https://www.mdmountainside.com/knieriem-tires,Yes,3,Yes,Indexable
470,https://www.mdmountainside.com/kohls,Yes,3,Yes,Indexable
471,https://www.mdmountainside.com/langleys-auto-service,Yes,3,Yes,Indexable
472,https://www.mdmountainside.com/larry-keel-experience,Yes,3,Yes,Indexable
473,https://www.mdmountainside.com/lashbaughs-bar-and-grill,Yes,3,Yes,Indexable
474,https://www.mdmountainside.com/lavale-baptist-church-sbc,Yes,3,Yes,Indexable
475,https://www.mdmountainside.com/lavale-farmers-market,Yes,3,Yes,Indexable
476,https://www.mdmountainside.com/lavale-united-methodist-church,Yes,3,Yes,Indexable
477,https://www.mdmountainside.com/lavale-veterinary-hospital,Yes,3,Yes,Indexable
478,https://www.mdmountainside.com/leaning-pine-farm,Yes,3,Yes,Indexable
479,https://www.mdmountainside.com/lefty-grove-memorial-park,Yes,3,Yes,Indexable
480,https://www.mdmountainside.com/lennox-east,Yes,3,Yes,Indexable
481,https://www.mdmountainside.com/lennys-leathers,Yes,3,Yes,Indexable
482,https://www.mdmountainside.com/lew-lew-belle-boutique,Yes,3,Yes,Indexable
483,https://www.mdmountainside.com/lgs-pizzeria-and-pub,Yes,3,Yes,Indexable
484,https://www.mdmountainside.com/liberty-wine-and-liquor,Yes,3,Yes,Indexable
485,https://www.mdmountainside.com/lifetime-eyecare-center,Yes,3,Yes,Indexable
486,https://www.mdmountainside.com/lighthouse-christian-academy-and-daycare,Yes,3,Yes,Indexable
487,https://www.mdmountainside.com/lighthouse-of-hope-church,Yes,3,Yes,Indexable
488,https://www.mdmountainside.com/lights-by-the-lake-2018,Yes,3,Yes,Indexable
489,https://www.mdmountainside.com/lil-corner-market,Yes,3,Yes,Indexable
490,https://www.mdmountainside.com/lindys-restaurant,Yes,3,Yes,Indexable
491,https://www.mdmountainside.com/little-caesars-pizza,Yes,3,Yes,Indexable
492,https://www.mdmountainside.com/little-orleans-campground-park-area,Yes,5,Yes,Indexable
493,https://www.mdmountainside.com/little-orleans-lodge,Yes,3,Yes,Indexable
494,https://www.mdmountainside.com/living-stone-church-of-the-brethren,Yes,3,Yes,Indexable
495,https://www.mdmountainside.com/living-waters-ministries,Yes,3,Yes,Indexable
496,https://www.mdmountainside.com/livvys-soft-serve,Yes,3,Yes,Indexable
497,https://www.mdmountainside.com/local-craftsflea-market-and-soups-and-suds-for-a-clause,Yes,3,Yes,Indexable
498,https://www.mdmountainside.com/local-farmerscraftflea-market-plus-brunch-with-santa-at-1812-brewery,Yes,3,Yes,Indexable
499,https://www.mdmountainside.com/lonaconing-iron-furnace-and-park-,Yes,3,Yes,Indexable
500,https://www.mdmountainside.com/long-john-silver,Yes,3,Yes,Indexable
501,https://www.mdmountainside.com/lorenzos-frostburg-bakery,Yes,3,Yes,Indexable
502,https://www.mdmountainside.com/loyola-university-maryland-retreat-center,Yes,3,Yes,Indexable
503,https://www.mdmountainside.com/luckys-liquor-store,Yes,3,Yes,Indexable
504,https://www.mdmountainside.com/m-and-m-bake-shop,Yes,5,Yes,Indexable
505,https://www.mdmountainside.com/macdonalds-body-shop,Yes,3,Yes,Indexable
506,https://www.mdmountainside.com/maddcatt-vapors,Yes,3,Yes,Indexable
507,https://www.mdmountainside.com/madison-paige-boutique,Yes,3,Yes,Indexable
508,https://www.mdmountainside.com/main-street-books,Yes,3,Yes,Indexable
509,https://www.mdmountainside.com/main-street-pub,Yes,3,Yes,Indexable
510,https://www.mdmountainside.com/making-smart-choices-about-health-insurance,Yes,3,Yes,Indexable
511,https://www.mdmountainside.com/making-strides-against-breast-cancer-of-western-maryland,Yes,3,Yes,Indexable
512,https://www.mdmountainside.com/mamma-mia,Yes,3,Yes,Indexable
513,https://www.mdmountainside.com/mamma-mia-matinee,Yes,3,Yes,Indexable
514,https://www.mdmountainside.com/manhattan-centre-golf-gallery,Yes,3,Yes,Indexable
515,https://www.mdmountainside.com/maranantha-christian-fellowship,Yes,3,Yes,Indexable
516,https://www.mdmountainside.com/marios-italian-eatery,Yes,5,Yes,Indexable
517,https://www.mdmountainside.com/marketing-and-tourism-summit,Yes,3,Yes,Indexable
518,https://www.mdmountainside.com/martins-food-market,Yes,3,Yes,Indexable
519,https://www.mdmountainside.com/martins-food-market-lavale,Yes,3,Yes,Indexable
520,https://www.mdmountainside.com/maryland-discount-beverage-center,Yes,3,Yes,Indexable
521,https://www.mdmountainside.com/marylandwest-virginia-model-railroad-exhibit,Yes,3,Yes,Indexable
522,https://www.mdmountainside.com/mason-complex-boat-access,Yes,3,Yes,Indexable
523,https://www.mdmountainside.com/master-gardener-class,Yes,3,Yes,Indexable
524,https://www.mdmountainside.com/mccoole-boat-access,Yes,5,Yes,Indexable
525,https://www.mdmountainside.com/mcdonalds-1,Yes,3,Yes,Indexable
526,https://www.mdmountainside.com/mcdonalds-2,Yes,3,Yes,Indexable
527,https://www.mdmountainside.com/mcdonalds-3,Yes,3,Yes,Indexable
528,https://www.mdmountainside.com/mcdonalds-4,Yes,3,Yes,Indexable
529,https://www.mdmountainside.com/mcdonalds-5,Yes,3,Yes,Indexable
530,https://www.mdmountainside.com/mcdonalds-6,Yes,3,Yes,Indexable
531,https://www.mdmountainside.com/mcdonalds-7,Yes,5,Yes,Indexable
532,https://www.mdmountainside.com/mcdonalds-8,Yes,3,Yes,Indexable
533,https://www.mdmountainside.com/mcfarland-candies,Yes,5,Yes,Indexable
534,https://www.mdmountainside.com/mcta-presents-traditional-irish-musician-dylan-foley,Yes,3,Yes,Indexable
535,https://www.mdmountainside.com/md-mountain-weddings,Yes,3,Yes,Indexable
536,https://www.mdmountainside.com/meeting-planners,Yes,16,Yes,Indexable
537,https://www.mdmountainside.com/meg-romero-studio,Yes,3,Yes,Indexable
538,https://www.mdmountainside.com/megan-bradley-5k-memorial-run-for-casa-of-allegany-county,Yes,3,Yes,Indexable
539,https://www.mdmountainside.com/memorial-heights-baptist-church,Yes,3,Yes,Indexable
540,https://www.mdmountainside.com/meteor-shower-a-play-by-steve-martin,Yes,3,Yes,Indexable
541,https://www.mdmountainside.com/metropolitan-ame-church,Yes,3,Yes,Indexable
542,https://www.mdmountainside.com/mexico-farms-equestrian-center,Yes,3,Yes,Indexable
543,https://www.mdmountainside.com/mezzos,Yes,3,Yes,Indexable
544,https://www.mdmountainside.com/midlife-crisis-on-stage-at-1812-brewery,Yes,3,Yes,Indexable
545,https://www.mdmountainside.com/milestone-cube-company,Yes,3,Yes,Indexable
546,https://www.mdmountainside.com/millstone-country-store,Yes,3,Yes,Indexable
547,https://www.mdmountainside.com/minecraft-gaming,Yes,3,Yes,Indexable
548,https://www.mdmountainside.com/miracle-on-34th-street-the-musical,Yes,3,Yes,Indexable
549,https://www.mdmountainside.com/misty-blue-fashions,Yes,3,Yes,Indexable
550,https://www.mdmountainside.com/mixx-112-boutique,Yes,3,Yes,Indexable
551,https://www.mdmountainside.com/monument-unveiling-of-world-war-1-veteran-lest-umstot,Yes,3,Yes,Indexable
552,https://www.mdmountainside.com/moonlight-madness-in-downtown-cumberland,Yes,3,Yes,Indexable
553,https://www.mdmountainside.com/mortons-jewelry,Yes,3,Yes,Indexable
554,https://www.mdmountainside.com/motel-6--lavale,Yes,3,Yes,Indexable
555,https://www.mdmountainside.com/mount-savage-historical-society,Yes,3,Yes,Indexable
556,https://www.mdmountainside.com/mountain-city-coffeehouse-creamery,Yes,5,Yes,Indexable
557,https://www.mdmountainside.com/mountain-city-traditional-arts,Yes,3,Yes,Indexable
558,https://www.mdmountainside.com/mountain-ducks-guide-service,Yes,3,Yes,Indexable
559,https://www.mdmountainside.com/mountain-maryland-artist-studio-tours,Yes,3,Yes,Indexable
560,https://www.mdmountainside.com/mountain-maryland-trails,Yes,3,Yes,Indexable
561,https://www.mdmountainside.com/mountain-maryland-trails-presents-3m-challenge-bike-race,Yes,3,Yes,Indexable
562,https://www.mdmountainside.com/mountain-moonshine-train,Yes,3,Yes,Indexable
563,https://www.mdmountainside.com/mountaineer-country-tours,Yes,3,Yes,Indexable
564,https://www.mdmountainside.com/mountainshine-creative-llc,Yes,3,Yes,Indexable
565,https://www.mdmountainside.com/mountainside-baroque-off-the-beaten-path,Yes,4,Yes,Indexable
566,https://www.mdmountainside.com/mountainside-bike-tours,Yes,3,Yes,Indexable
567,https://www.mdmountainside.com/movie-screening,Yes,3,Yes,Indexable
568,https://www.mdmountainside.com/mr-tire-auto-service-center,Yes,3,Yes,Indexable
569,https://www.mdmountainside.com/mr-toads-pottery,Yes,3,Yes,Indexable
570,https://www.mdmountainside.com/mt-bank,Yes,3,Yes,Indexable
571,https://www.mdmountainside.com/mt-bank-frostburg-2,Yes,3,Yes,Indexable
572,https://www.mdmountainside.com/mt-bank-lavale,Yes,3,Yes,Indexable
573,https://www.mdmountainside.com/mt-bank-south-cumberland,Yes,3,Yes,Indexable
574,https://www.mdmountainside.com/mt-bank-westernport,Yes,3,Yes,Indexable
575,https://www.mdmountainside.com/murder-mystery,Yes,3,Yes,Indexable
576,https://www.mdmountainside.com/murder-mystery-bullets-and-bbq,Yes,3,Yes,Indexable
577,https://www.mdmountainside.com/murder-mystery2,Yes,3,Yes,Indexable
578,https://www.mdmountainside.com/murder-mystery23,Yes,3,Yes,Indexable
579,https://www.mdmountainside.com/murder-mystery234,Yes,3,Yes,Indexable
580,https://www.mdmountainside.com/murder-mystery2345,Yes,3,Yes,Indexable
581,https://www.mdmountainside.com/murder-mystery23456,Yes,3,Yes,Indexable
582,https://www.mdmountainside.com/murder-mystery234567,Yes,5,Yes,Indexable
583,https://www.mdmountainside.com/murder-mystery2345678,Yes,5,Yes,Indexable
584,https://www.mdmountainside.com/murder-mystery23456789,Yes,3,Yes,Indexable
585,https://www.mdmountainside.com/music-by-fred-n-josh-food-by-good-carma-catering-at-1812,Yes,3,Yes,Indexable
586,https://www.mdmountainside.com/music-by-jacob-blank-at-toasted-goat,Yes,3,Yes,Indexable
587,https://www.mdmountainside.com/musician-chris-workman-at-1812-brewery,Yes,3,Yes,Indexable
588,https://www.mdmountainside.com/musician-dan-stevens-plus-good-carma-catering-at-1812,Yes,3,Yes,Indexable
589,https://www.mdmountainside.com/musician-greg-kerr-and-klavuhns-family-concessions-at-1812,Yes,3,Yes,Indexable
590,https://www.mdmountainside.com/musician-jacob-blank-and-good-carma-catering-at-1812,Yes,3,Yes,Indexable
591,https://www.mdmountainside.com/musician-shelby-herbert-and-chef-pauls-kitchen-at-1812-brewery,Yes,3,Yes,Indexable
592,https://www.mdmountainside.com/national-night-out,Yes,3,Yes,Indexable
593,https://www.mdmountainside.com/national-night-out-cumberland,Yes,3,Yes,Indexable
594,https://www.mdmountainside.com/national-night-out-kick-off-event,Yes,3,Yes,Indexable
595,https://www.mdmountainside.com/national-road-monument,Yes,3,Yes,Indexable
596,https://www.mdmountainside.com/national-road-toll-house,Yes,3,Yes,Indexable
597,https://www.mdmountainside.com/native-american-heritage-month-with-caitlin-hudgins,Yes,3,Yes,Indexable
598,https://www.mdmountainside.com/natures-art,Yes,3,Yes,Indexable
599,https://www.mdmountainside.com/naylors-ace-hardware,Yes,3,Yes,Indexable
600,https://www.mdmountainside.com/never-forgotten,Yes,3,Yes,Indexable
601,https://www.mdmountainside.com/new-life-tabernacle,Yes,3,Yes,Indexable
602,https://www.mdmountainside.com/new-years-eve-celebration-at-toasted-goat-winery,Yes,3,Yes,Indexable
603,https://www.mdmountainside.com/new-years-eve-in-downtown-cumberland,Yes,3,Yes,Indexable
604,https://www.mdmountainside.com/new-years-eve-murder-mystery-train,Yes,3,Yes,Indexable
605,https://www.mdmountainside.com/night-of-the-living-dead,Yes,3,Yes,Indexable
606,https://www.mdmountainside.com/night-of-the-living-dead-matinee,Yes,3,Yes,Indexable
607,https://www.mdmountainside.com/niners-canal-pub,Yes,3,Yes,Indexable
608,https://www.mdmountainside.com/noises-off,Yes,3,Yes,Indexable
609,https://www.mdmountainside.com/noises-off-matinee,Yes,3,Yes,Indexable
610,https://www.mdmountainside.com/november-book-club-meeting,Yes,3,Yes,Indexable
611,https://www.mdmountainside.com/nye-murder-mystery-train,Yes,3,Yes,Indexable
612,https://www.mdmountainside.com/oak-barrel-cafe2,Yes,3,Yes,Indexable
613,https://www.mdmountainside.com/oak-barrel-citgo,Yes,3,Yes,Indexable
614,https://www.mdmountainside.com/october-book-group,Yes,3,Yes,Indexable
615,https://www.mdmountainside.com/oldtown-bethel-assembly-of-god,Yes,3,Yes,Indexable
616,https://www.mdmountainside.com/ollies-bargain-outlet,Yes,3,Yes,Indexable
617,https://www.mdmountainside.com/one-act-play-festival-2018,Yes,3,Yes,Indexable
618,https://www.mdmountainside.com/one-stop-liquors,Yes,3,Yes,Indexable
619,https://www.mdmountainside.com/oscars-restaurant,Yes,3,Yes,Indexable
620,https://www.mdmountainside.com/our-farmers-markets,Yes,4,Yes,Indexable
621,https://www.mdmountainside.com/outdoors,Yes,1,Yes,Indexable
622,https://www.mdmountainside.com/outfitters,Yes,4,Yes,Indexable
623,https://www.mdmountainside.com/papa-johns,Yes,3,Yes,Indexable
624,https://www.mdmountainside.com/parkview-liquor-store,Yes,3,Yes,Indexable
625,https://www.mdmountainside.com/parris-n-glendening-recreational-complex,Yes,3,Yes,Indexable
626,https://www.mdmountainside.com/past-perfect--a-bargain-boutique,Yes,3,Yes,Indexable
627,https://www.mdmountainside.com/patricks-pub,Yes,3,Yes,Indexable
628,https://www.mdmountainside.com/paw-paw-tunnel-tours,Yes,3,Yes,Indexable
629,https://www.mdmountainside.com/peppers-overstock-room,Yes,3,Yes,Indexable
630,https://www.mdmountainside.com/pet-care,Yes,4,Yes,Indexable
631,https://www.mdmountainside.com/pet-wants-mountain-maryland,Yes,3,Yes,Indexable
632,https://www.mdmountainside.com/petsmart,Yes,3,Yes,Indexable
633,https://www.mdmountainside.com/phantoom-of-the-universe,Yes,3,Yes,Indexable
634,https://www.mdmountainside.com/pharmacare-bedford-road,Yes,3,Yes,Indexable
635,https://www.mdmountainside.com/pharmacare-of-frostburg,Yes,3,Yes,Indexable
636,https://www.mdmountainside.com/pharmacare-west,Yes,3,Yes,Indexable
637,https://www.mdmountainside.com/pharmacare-willowbrook,Yes,3,Yes,Indexable
638,https://www.mdmountainside.com/phoenix-landing-wellness--art-music-and-holistic-wellness,Yes,3,Yes,Indexable
639,https://www.mdmountainside.com/photo-contest,Yes,4,Yes,Indexable
640,https://www.mdmountainside.com/photography-of-parker-reinecker-and-work-of-the-quad-state-bodgers,Yes,3,Yes,Indexable
641,https://www.mdmountainside.com/pig-out-in-the-park,Yes,3,Yes,Indexable
642,https://www.mdmountainside.com/pig-out-in-the-park-a-backyard-bbq-bash,Yes,3,Yes,Indexable
643,https://www.mdmountainside.com/pirates-ahoy,Yes,3,Yes,Indexable
644,https://www.mdmountainside.com/pizza-hut,Yes,3,Yes,Indexable
645,https://www.mdmountainside.com/pizza-hut2,Yes,5,Yes,Indexable
646,https://www.mdmountainside.com/pizza-hut23,Yes,3,Yes,Indexable
647,https://www.mdmountainside.com/platinum-coach-limousine-service,Yes,3,Yes,Indexable
648,https://www.mdmountainside.com/playing-for-pennies-(mcdonald-and-nash)-plus-queen-city-creamery-at-1812-brewery,Yes,3,Yes,Indexable
649,https://www.mdmountainside.com/playing-for-pennies-plus-three-great-food-trucks-at-1812-brewery,Yes,3,Yes,Indexable
650,https://www.mdmountainside.com/port-west-restaurant,Yes,3,Yes,Indexable
651,https://www.mdmountainside.com/potomac-eagle-scenic-railroad,Yes,3,Yes,Indexable
652,https://www.mdmountainside.com/potomac-valley-pharmacy,Yes,3,Yes,Indexable
653,https://www.mdmountainside.com/powells-auto-parts-towing,Yes,3,Yes,Indexable
654,https://www.mdmountainside.com/presents-for-paws,Yes,3,Yes,Indexable
655,https://www.mdmountainside.com/princess-restaurant,Yes,3,Yes,Indexable
656,https://www.mdmountainside.com/project-rachel-information-session,Yes,3,Yes,Indexable
657,https://www.mdmountainside.com/prosperity-united-methodist-church,Yes,3,Yes,Indexable
658,https://www.mdmountainside.com/public-reading-the-granny-chronicles,Yes,3,Yes,Indexable
659,https://www.mdmountainside.com/puccini-restaurant,Yes,3,Yes,Indexable
660,https://www.mdmountainside.com/put-yourself-first,Yes,3,Yes,Indexable
661,https://www.mdmountainside.com/quality-inn-suites,Yes,3,Yes,Indexable
662,https://www.mdmountainside.com/queen-city-creamery,Yes,3,Yes,Indexable
663,https://www.mdmountainside.com/queen-city-film-festival-(qcff)-2018,Yes,5,Yes,Indexable
664,https://www.mdmountainside.com/queen-city-flea-market,Yes,3,Yes,Indexable
665,https://www.mdmountainside.com/queen-city-motors,Yes,5,Yes,Indexable
666,https://www.mdmountainside.com/queen-city-taxi,Yes,5,Yes,Indexable
667,https://www.mdmountainside.com/ramada-downtown-cumberland,Yes,5,Yes,Indexable
668,https://www.mdmountainside.com/rawlings-united-methodist-church,Yes,3,Yes,Indexable
669,https://www.mdmountainside.com/red-ridge-auto-repair,Yes,3,Yes,Indexable
670,https://www.mdmountainside.com/rent-a-wreck,Yes,3,Yes,Indexable
671,https://www.mdmountainside.com/restaurants,Yes,6,Yes,Indexable
672,https://www.mdmountainside.com/restoring-the-american-chestnut-a-research-and-volunteer-effort,Yes,3,Yes,Indexable
673,https://www.mdmountainside.com/results,Yes,6,No,Noindex
674,https://www.mdmountainside.com/revisiting-the-lonaconing-silk-mill,Yes,5,Yes,Indexable
675,https://www.mdmountainside.com/rio-grande-inc-restaurante-mexican,Yes,3,Yes,Indexable
676,https://www.mdmountainside.com/ristorante-ottaviani,Yes,3,Yes,Indexable
677,https://www.mdmountainside.com/ritas-ice,Yes,3,Yes,Indexable
678,https://www.mdmountainside.com/rite-aid-pharmacy,Yes,3,Yes,Indexable
679,https://www.mdmountainside.com/rite-aid-pharmacy-frostburg,Yes,3,Yes,Indexable
680,https://www.mdmountainside.com/river-and-rails-festival,Yes,3,Yes,Indexable
681,https://www.mdmountainside.com/river-rail-fest,Yes,3,Yes,Indexable
682,https://www.mdmountainside.com/river-rail-fest-train,Yes,3,Yes,Indexable
683,https://www.mdmountainside.com/riverside-bmx,Yes,3,Yes,Indexable
684,https://www.mdmountainside.com/rocktember,Yes,3,Yes,Indexable
685,https://www.mdmountainside.com/rocky-gap-casino--lbs-place,Yes,3,Yes,Indexable
686,https://www.mdmountainside.com/rocky-gap-casino--on-the-rocks,Yes,3,Yes,Indexable
687,https://www.mdmountainside.com/rocky-gap-casino-resort,Yes,3,Yes,Indexable
688,https://www.mdmountainside.com/rocky-gap-casino-resort--a-little-munch,Yes,5,Yes,Indexable
689,https://www.mdmountainside.com/rocky-gap-casino-resort--lakeside-dining-room,Yes,3,Yes,Indexable
690,https://www.mdmountainside.com/rocky-gap-casino-resort--signatures-bar-and-grill,Yes,3,Yes,Indexable
691,https://www.mdmountainside.com/rocky-gap-golf-course,Yes,3,Yes,Indexable
692,https://www.mdmountainside.com/rocky-gap-state-park,Yes,3,Yes,Indexable
693,https://www.mdmountainside.com/rocky-gap-state-park-aviary,Yes,3,Yes,Indexable
694,https://www.mdmountainside.com/rocky-gap-state-park-campgrounds,Yes,3,Yes,Indexable
695,https://www.mdmountainside.com/roses--cumberland,Yes,3,Yes,Indexable
696,https://www.mdmountainside.com/roses--frostburg,Yes,3,Yes,Indexable
697,https://www.mdmountainside.com/roy-rogers-restaurant,Yes,3,Yes,Indexable
698,https://www.mdmountainside.com/ruby-tuesday,Yes,3,Yes,Indexable
699,https://www.mdmountainside.com/rustic-touch,Yes,3,Yes,Indexable
700,https://www.mdmountainside.com/sadies,Yes,3,Yes,Indexable
701,https://www.mdmountainside.com/salem-united-church-of-christ,Yes,3,Yes,Indexable
702,https://www.mdmountainside.com/samhain-the-celtic-origins-of-halloween-fourth-friday-tea,Yes,3,Yes,Indexable
703,https://www.mdmountainside.com/sand-springs-saloon-steakhouse,Yes,3,Yes,Indexable
704,https://www.mdmountainside.com/savage-fame-paintball-park,Yes,3,Yes,Indexable
705,https://www.mdmountainside.com/savage-mountain-punk-festival,Yes,3,Yes,Indexable
706,https://www.mdmountainside.com/scents-n-things,Yes,4,Yes,Indexable
707,https://www.mdmountainside.com/schoolhouse-kitchen,Yes,3,Yes,Indexable
708,https://www.mdmountainside.com/second-baptist-church-sbc,Yes,3,Yes,Indexable
709,https://www.mdmountainside.com/seoul-house,Yes,3,Yes,Indexable
710,https://www.mdmountainside.com/september-book-group-discussion,Yes,3,Yes,Indexable
711,https://www.mdmountainside.com/serenity-garden-labyrinth,Yes,3,Yes,Indexable
712,https://www.mdmountainside.com/seventh-day-adventist-church2,Yes,3,Yes,Indexable
713,https://www.mdmountainside.com/shakes-n-jazz,Yes,3,Yes,Indexable
714,https://www.mdmountainside.com/shaw-mansion-inn,Yes,3,Yes,Indexable
715,https://www.mdmountainside.com/sheetz-bedford-road,Yes,3,Yes,Indexable
716,https://www.mdmountainside.com/sheetz-convenience-stores,Yes,3,Yes,Indexable
717,https://www.mdmountainside.com/sheetz-corriganville,Yes,3,Yes,Indexable
718,https://www.mdmountainside.com/sheetz-cresaptown,Yes,3,Yes,Indexable
719,https://www.mdmountainside.com/sheetz-frostburg,Yes,5,Yes,Indexable
720,https://www.mdmountainside.com/sheetz-green-street,Yes,5,Yes,Indexable
721,https://www.mdmountainside.com/sheetz-virginia-avenue,Yes,3,Yes,Indexable
722,https://www.mdmountainside.com/sheetz-winchester-road,Yes,3,Yes,Indexable
723,https://www.mdmountainside.com/shes-so-pretty,Yes,3,Yes,Indexable
724,https://www.mdmountainside.com/shoes-diesel-performance,Yes,3,Yes,Indexable
725,https://www.mdmountainside.com/shooters-bar-grill,Yes,3,Yes,Indexable
726,https://www.mdmountainside.com/shop-small,Yes,6,Yes,Indexable
727,https://www.mdmountainside.com/shop-small-saturday-at-barkin-basement-thrift-shop,Yes,3,Yes,Indexable
728,https://www.mdmountainside.com/shop-small-saturday-at-fort-cumberland-emporium,Yes,3,Yes,Indexable
729,https://www.mdmountainside.com/shopping,Yes,6,Yes,Indexable
730,https://www.mdmountainside.com/sideling-hill-creek-nature-preserve,Yes,3,Yes,Indexable
731,https://www.mdmountainside.com/simplee-kountry,Yes,3,Yes,Indexable
732,https://www.mdmountainside.com/simply-formal-,Yes,3,Yes,Indexable
733,https://www.mdmountainside.com/sips-for-survivors-at-toasted-goat-winery,Yes,3,Yes,Indexable
734,https://www.mdmountainside.com/sitn-jaw,Yes,3,Yes,Indexable
735,https://www.mdmountainside.com/sitn-jaw2,Yes,3,Yes,Indexable
736,https://www.mdmountainside.com/sitn-jaw23,Yes,3,Yes,Indexable
737,https://www.mdmountainside.com/sitn-jaw234,Yes,3,Yes,Indexable
738,https://www.mdmountainside.com/sitn-jaw2345,Yes,3,Yes,Indexable
739,https://www.mdmountainside.com/sitn-jaw23456,Yes,3,Yes,Indexable
740,https://www.mdmountainside.com/skewers,Yes,3,Yes,Indexable
741,https://www.mdmountainside.com/skid-row-in-concert,Yes,3,Yes,Indexable
742,https://www.mdmountainside.com/sleep-inn-,Yes,3,Yes,Indexable
743,https://www.mdmountainside.com/small-business-saturday-2018,Yes,3,Yes,Indexable
744,https://www.mdmountainside.com/smittys-tire-truck-service,Yes,3,Yes,Indexable
745,https://www.mdmountainside.com/souls-harbor-church,Yes,3,Yes,Indexable
746,https://www.mdmountainside.com/south-cumberland-pharmacy,Yes,5,Yes,Indexable
747,https://www.mdmountainside.com/spa-and-wellness,Yes,6,Yes,Indexable
748,https://www.mdmountainside.com/special-love-friday-at-1812-brewery,Yes,3,Yes,Indexable
749,https://www.mdmountainside.com/specialty-food,Yes,6,Yes,Indexable
750,https://www.mdmountainside.com/spectrum-design-services-llc,Yes,3,Yes,Indexable
751,https://www.mdmountainside.com/sponaugle-towing,Yes,3,Yes,Indexable
752,https://www.mdmountainside.com/spring-gap-boat-access,Yes,3,Yes,Indexable
753,https://www.mdmountainside.com/spun-from-light-woven-in-silence-paintings-on-glass-by-john-lyon-paul,Yes,3,Yes,Indexable
754,https://www.mdmountainside.com/ss-peter-paul-shrine,Yes,3,Yes,Indexable
755,https://www.mdmountainside.com/st-ambrose-church,Yes,3,Yes,Indexable
756,https://www.mdmountainside.com/st-georges-episcopal-church,Yes,3,Yes,Indexable
757,https://www.mdmountainside.com/st-james-episcopal-church,Yes,3,Yes,Indexable
758,https://www.mdmountainside.com/st-johns-episcopal-church,Yes,3,Yes,Indexable
759,https://www.mdmountainside.com/st-johns-lutheran-church,Yes,3,Yes,Indexable
760,https://www.mdmountainside.com/st-lukes-lutheran-church,Yes,3,Yes,Indexable
761,https://www.mdmountainside.com/st-marks-community-church,Yes,3,Yes,Indexable
762,https://www.mdmountainside.com/st-marys-catholic-church,Yes,3,Yes,Indexable
763,https://www.mdmountainside.com/st-matthews-united-church-of-christ,Yes,3,Yes,Indexable
764,https://www.mdmountainside.com/st-michaels-catholic-church-,Yes,3,Yes,Indexable
765,https://www.mdmountainside.com/st-patricks-catholic-church,Yes,3,Yes,Indexable
766,https://www.mdmountainside.com/st-pauls-lutheran-church,Yes,3,Yes,Indexable
767,https://www.mdmountainside.com/st-pauls-lutheran-church2,Yes,3,Yes,Indexable
768,https://www.mdmountainside.com/st-peters-episcopal-church,Yes,3,Yes,Indexable
769,https://www.mdmountainside.com/st-peters-rectory,Yes,3,Yes,Indexable
770,https://www.mdmountainside.com/standard-bank,Yes,3,Yes,Indexable
771,https://www.mdmountainside.com/standard-bank-cumberland,Yes,3,Yes,Indexable
772,https://www.mdmountainside.com/staples,Yes,3,Yes,Indexable
773,https://www.mdmountainside.com/station-x-hobby-store,Yes,3,Yes,Indexable
774,https://www.mdmountainside.com/steeped-in-traditions,Yes,3,Yes,Indexable
775,https://www.mdmountainside.com/sterling-optical,Yes,3,Yes,Indexable
776,https://www.mdmountainside.com/steves-pharmacy,Yes,3,Yes,Indexable
777,https://www.mdmountainside.com/stonebridge,Yes,4,Yes,Indexable
778,https://www.mdmountainside.com/storybook-holiday-2018,Yes,3,Yes,Indexable
779,https://www.mdmountainside.com/storytime-at-the-book-center-2018,Yes,3,Yes,Indexable
780,https://www.mdmountainside.com/strangerz-acoustic-sob-bbq-and-pink-and-drink-after-party-at-1812,Yes,3,Yes,Indexable
781,https://www.mdmountainside.com/subway,Yes,3,Yes,Indexable
782,https://www.mdmountainside.com/summer-mountain-cluster-dog-shows,Yes,3,Yes,Indexable
783,https://www.mdmountainside.com/summer-music-academy,Yes,3,Yes,Indexable
784,https://www.mdmountainside.com/sunday-in-the-park-concert-series-28-speedway,Yes,3,Yes,Indexable
785,https://www.mdmountainside.com/sunday-in-the-park-concert-series-cramer-brothers,Yes,3,Yes,Indexable
786,https://www.mdmountainside.com/sunday-in-the-park-concert-series-hot-sauce-willie,Yes,3,Yes,Indexable
787,https://www.mdmountainside.com/sunday-in-the-park-concert-series-jazz-in-the-park-with-tom-harrison,Yes,3,Yes,Indexable
788,https://www.mdmountainside.com/sunday-in-the-park-concert-series-not-really-dan--steely-dan-tribute,Yes,3,Yes,Indexable
789,https://www.mdmountainside.com/sunday-in-the-park-concert-series-potomac-concert-band,Yes,3,Yes,Indexable
790,https://www.mdmountainside.com/sunday-in-the-park-concert-series-shades-of-blue,Yes,3,Yes,Indexable
791,https://www.mdmountainside.com/sunday-in-the-park-concert-series-shanty-irish,Yes,3,Yes,Indexable
792,https://www.mdmountainside.com/sunday-in-the-park-concert-series-surrender-dorothy,Yes,3,Yes,Indexable
793,https://www.mdmountainside.com/sunday-in-the-park-concert-series-tarnished-silver,Yes,3,Yes,Indexable
794,https://www.mdmountainside.com/super-8-motel,Yes,3,Yes,Indexable
795,https://www.mdmountainside.com/super-shoes,Yes,3,Yes,Indexable
796,https://www.mdmountainside.com/superhero-adventure-challenge,Yes,3,Yes,Indexable
797,https://www.mdmountainside.com/susquehanna-bank,Yes,3,Yes,Indexable
798,https://www.mdmountainside.com/taco-bell,Yes,3,Yes,Indexable
799,https://www.mdmountainside.com/tech-at-the-gap-igniting-innovation-18,Yes,3,Yes,Indexable
800,https://www.mdmountainside.com/terrys-jewelry,Yes,3,Yes,Indexable
801,https://www.mdmountainside.com/texas-grillhouse,Yes,3,Yes,Indexable
802,https://www.mdmountainside.com/the-acoustic-music-of-charlie-mcclanahan-and-good-carma-catering-at-1812-brewery,Yes,3,Yes,Indexable
803,https://www.mdmountainside.com/the-best-christmas-pageant-ever,Yes,3,Yes,Indexable
804,https://www.mdmountainside.com/the-book-center,Yes,5,Yes,Indexable
805,https://www.mdmountainside.com/the-church-of-saint-patrick,Yes,3,Yes,Indexable
806,https://www.mdmountainside.com/the-churchill-pub-restaurant,Yes,3,Yes,Indexable
807,https://www.mdmountainside.com/the-culinaire-cafe,Yes,3,Yes,Indexable
808,https://www.mdmountainside.com/the-draft-sports-bar-grille,Yes,3,Yes,Indexable
809,https://www.mdmountainside.com/the-edge-of-earth-and-sky,Yes,3,Yes,Indexable
810,https://www.mdmountainside.com/the-fall-foliage-experience-train,Yes,3,Yes,Indexable
811,https://www.mdmountainside.com/the-filling-station-diner,Yes,3,Yes,Indexable
812,https://www.mdmountainside.com/the-froyo-factory,Yes,3,Yes,Indexable
813,https://www.mdmountainside.com/the-gordon-roberts-house,Yes,3,Yes,Indexable
814,https://www.mdmountainside.com/the-greater-cumberland-regional-airport,Yes,4,Yes,Indexable
815,https://www.mdmountainside.com/the-gulf-war-memorial,Yes,3,Yes,Indexable
816,https://www.mdmountainside.com/the-hazen-gallery-at-allegany-college-of-maryland,Yes,3,Yes,Indexable
817,https://www.mdmountainside.com/the-irvin-allen--michael-cresap-museum-inc,Yes,3,Yes,Indexable
818,https://www.mdmountainside.com/the-knot-hole-craft-shop,Yes,5,Yes,Indexable
819,https://www.mdmountainside.com/the-magic-of-vince-a-tribute-to-the-great-houdini,Yes,3,Yes,Indexable
820,https://www.mdmountainside.com/the-manhattan-social,Yes,3,Yes,Indexable
821,https://www.mdmountainside.com/the-outback-lounge,Yes,3,Yes,Indexable
822,https://www.mdmountainside.com/the-palace-theatre,Yes,3,Yes,Indexable
823,https://www.mdmountainside.com/the-plate-scrapers-live-on-the-mccoury-family-stage,Yes,3,Yes,Indexable
824,https://www.mdmountainside.com/the-pros-from-dover-and-klavuhns-family,Yes,3,Yes,Indexable
825,https://www.mdmountainside.com/the-pros-from-dover-and-klavuhns-family-concessions-at-1812-brewery,Yes,3,Yes,Indexable
826,https://www.mdmountainside.com/the-rocky-horror-picture-show-(1975),Yes,3,Yes,Indexable
827,https://www.mdmountainside.com/the-shoe-dept,Yes,3,Yes,Indexable
828,https://www.mdmountainside.com/the-spa-at-rocky-gap-casino-,Yes,3,Yes,Indexable
829,https://www.mdmountainside.com/the-spanish-musical-diaspora-iberia-y-amrica,Yes,4,Yes,Indexable
830,https://www.mdmountainside.com/the-spring-dance-concert,Yes,3,Yes,Indexable
831,https://www.mdmountainside.com/the-strawberry-dog,Yes,3,Yes,Indexable
832,https://www.mdmountainside.com/the-tea-cupboard,Yes,3,Yes,Indexable
833,https://www.mdmountainside.com/the-vapor-room,Yes,3,Yes,Indexable
834,https://www.mdmountainside.com/the-vapor-room2,Yes,3,Yes,Indexable
835,https://www.mdmountainside.com/third-friday-dance-session,Yes,3,Yes,Indexable
836,https://www.mdmountainside.com/third-friday-dance-session2,Yes,3,Yes,Indexable
837,https://www.mdmountainside.com/third-friday-dance-session23,Yes,3,Yes,Indexable
838,https://www.mdmountainside.com/thirsty-thursday-game-nights-at-1812,Yes,3,Yes,Indexable
839,https://www.mdmountainside.com/thrasher-carriage-museum,Yes,3,Yes,Indexable
840,https://www.mdmountainside.com/three-guys-guns,Yes,3,Yes,Indexable
841,https://www.mdmountainside.com/timbrook-honda-of-cumberland,Yes,3,Yes,Indexable
842,https://www.mdmountainside.com/tnt-dakota-saloon,Yes,3,Yes,Indexable
843,https://www.mdmountainside.com/to-sing-to-the-lute,Yes,3,Yes,Indexable
844,https://www.mdmountainside.com/to-sing-to-the-lute-cumberland,Yes,3,Yes,Indexable
845,https://www.mdmountainside.com/toasted-goat-and-hotel-gunter-grand-opening-and-ribbon-cutting,Yes,3,Yes,Indexable
846,https://www.mdmountainside.com/toasted-goat-winery-tasting-room,Yes,3,Yes,Indexable
847,https://www.mdmountainside.com/todds-smokin-bar-b-q,Yes,3,Yes,Indexable
848,https://www.mdmountainside.com/town-creek-aqueduct-boat-access,Yes,3,Yes,Indexable
849,https://www.mdmountainside.com/town-hill-bed-breakfast,Yes,5,Yes,Indexable
850,https://www.mdmountainside.com/trail-inn-and-campground,Yes,3,Yes,Indexable
851,https://www.mdmountainside.com/trail-inn-lodging-and-campground,Yes,3,Yes,Indexable
852,https://www.mdmountainside.com/transportation,Yes,6,Yes,Indexable
853,https://www.mdmountainside.com/twisteez-ice-cream,Yes,3,Yes,Indexable
854,https://www.mdmountainside.com/uncle-jacks-pizzeria-pub,Yes,3,Yes,Indexable
855,https://www.mdmountainside.com/union-grove-one-room-schoolhouse,Yes,3,Yes,Indexable
856,https://www.mdmountainside.com/valero,Yes,3,Yes,Indexable
857,https://www.mdmountainside.com/vanmeters-gas-grocery,Yes,5,Yes,Indexable
858,https://www.mdmountainside.com/victorian-creations,Yes,3,Yes,Indexable
859,https://www.mdmountainside.com/vietnam-veterans-of-america-chapter-172-museum,Yes,3,Yes,Indexable
860,https://www.mdmountainside.com/wal-mart-supercenter,Yes,3,Yes,Indexable
861,https://www.mdmountainside.com/walkers-exxon,Yes,3,Yes,Indexable
862,https://www.mdmountainside.com/walmart-supercenter,Yes,3,Yes,Indexable
863,https://www.mdmountainside.com/walmart-vision-center,Yes,3,Yes,Indexable
864,https://www.mdmountainside.com/walsh-mccagh-kellough-pharmacy,Yes,3,Yes,Indexable
865,https://www.mdmountainside.com/warrant-in-concert,Yes,3,Yes,Indexable
866,https://www.mdmountainside.com/warrior-mountain-paintball,Yes,3,Yes,Indexable
867,https://www.mdmountainside.com/wasabi-japanese-cuisine,Yes,3,Yes,Indexable
868,https://www.mdmountainside.com/water-fun,Yes,6,Yes,Indexable
869,https://www.mdmountainside.com/weddings,Yes,16,Yes,Indexable
870,https://www.mdmountainside.com/weinerfest,Yes,3,Yes,Indexable
871,https://www.mdmountainside.com/weinerfest-ii,Yes,3,Yes,Indexable
872,https://www.mdmountainside.com/weinerfest-ii-presents-hot-sauce-willie,Yes,3,Yes,Indexable
873,https://www.mdmountainside.com/weinerfest-ii-presents-queen-city-funk-and-soul,Yes,3,Yes,Indexable
874,https://www.mdmountainside.com/weis-market-mcmullen-hwy,Yes,3,Yes,Indexable
875,https://www.mdmountainside.com/welsh-memorial-baptist-church,Yes,3,Yes,Indexable
876,https://www.mdmountainside.com/wendys-old-fashioned-hamburgers,Yes,3,Yes,Indexable
877,https://www.mdmountainside.com/wendys-old-fashioned-hamburgers-2,Yes,3,Yes,Indexable
878,https://www.mdmountainside.com/western-maryland-animal-hospital,Yes,3,Yes,Indexable
879,https://www.mdmountainside.com/western-maryland-craft-beverage-festival,Yes,3,Yes,Indexable
880,https://www.mdmountainside.com/western-maryland-dermatology,Yes,5,Yes,Indexable
881,https://www.mdmountainside.com/western-maryland-gallery,Yes,3,Yes,Indexable
882,https://www.mdmountainside.com/western-maryland-health-system,Yes,3,Yes,Indexable
883,https://www.mdmountainside.com/western-maryland-music-center,Yes,3,Yes,Indexable
884,https://www.mdmountainside.com/western-maryland-music-festival,Yes,3,Yes,Indexable
885,https://www.mdmountainside.com/western-maryland-railway-station-at-canal-place,Yes,3,Yes,Indexable
886,https://www.mdmountainside.com/western-maryland-scenic-railroad,Yes,3,Yes,Indexable
887,https://www.mdmountainside.com/western-maryland-scenic-railroad-gift-shop,Yes,3,Yes,Indexable
888,https://www.mdmountainside.com/western-md-street-rod-roundup,Yes,3,Yes,Indexable
889,https://www.mdmountainside.com/western-mountains-chapter-of-the-maryland-native-plant-society,Yes,3,Yes,Indexable
890,https://www.mdmountainside.com/westernport-boat-access,Yes,3,Yes,Indexable
891,https://www.mdmountainside.com/westernport-church-of-the-brethren,Yes,3,Yes,Indexable
892,https://www.mdmountainside.com/westernport-heritage-society-station-museum,Yes,3,Yes,Indexable
893,https://www.mdmountainside.com/white-christmas,Yes,3,Yes,Indexable
894,https://www.mdmountainside.com/white-christmas-matinee,Yes,3,Yes,Indexable
895,https://www.mdmountainside.com/wholesome-harvest-co-op,Yes,3,Yes,Indexable
896,https://www.mdmountainside.com/williams-stained-glass-studio,Yes,3,Yes,Indexable
897,https://www.mdmountainside.com/wills-creek-exhibition,Yes,3,Yes,Indexable
898,https://www.mdmountainside.com/window-expressions,Yes,3,Yes,Indexable
899,https://www.mdmountainside.com/winifred-road-church-of-christ,Yes,3,Yes,Indexable
900,https://www.mdmountainside.com/winnies-rock-cauldron-cabaret,Yes,3,Yes,Indexable
901,https://www.mdmountainside.com/winterland-on-the-western-maryland,Yes,4,Yes,Indexable
902,https://www.mdmountainside.com/winters-towing,Yes,3,Yes,Indexable
903,https://www.mdmountainside.com/wmhs-farmers-market,Yes,3,Yes,Indexable
904,https://www.mdmountainside.com/world-war-i-in-your-attic-western-maryland-in-the-first-world-war,Yes,3,Yes,Indexable
905,https://www.mdmountainside.com/worn-out-flannels-and-sweet-dreams-food-truck-at-1812-brewery,Yes,3,Yes,Indexable
906,https://www.mdmountainside.com/worn-out-flannels-plus-chef-pauls-kitchen-at-1812-brewery,Yes,3,Yes,Indexable
907,https://www.mdmountainside.com/yamato-steakhouse-of-japan,Yes,3,Yes,Indexable
908,https://www.mdmountainside.com/yellow-cab-co,Yes,3,Yes,Indexable
909,https://www.mdmountainside.com/yellow-k-records,Yes,3,Yes,Indexable
910,https://www.mdmountainside.com/zula-patrol-down-to-earth,Yes,3,Yes,Indexable
