,URL,Title,Scheme,HTTP Status Code,HTTP Status,HTTP Error Message,Content Type,Indexable Status,First Parent URL,Canonical URL,No. Internal Linking URLs,Link Equity Score,Crawl Depth,Crawl Source,URL Source
0,https://www.mdmountainside.com/?fbclid=IwAR0IxhFOSItNOypFXaMzorh3kQ0vL5fw3XBhO8MYsh2VH9agoIAQJlBifyw,"The Mountain Side of Maryland - Allegany County, The Mountain Side of Maryland",https,200,OK,None,HTML,Canonicalized,None,https://www.mdmountainside.com/,0,0,Not Set,Google Analytics,Google Analytics
1,https://www.mdmountainside.com/blog/summer-of-music?fbclid=IwAR1Hog0BuyYL_dcQyw_yV4bncwFB8MrkfYI6vd2F7_da1zT4sOjoxsZ3Lp0,"Summer of Music - Allegany County, The Mountain Side of Maryland",https,200,OK,None,HTML,Canonicalized,None,https://www.mdmountainside.com/blog/summer-of-music,0,0,Not Set,Google Analytics,Google Analytics
2,https://www.mdmountainside.com/blog/summer-of-music?fbclid=IwAR1v_T9fc8LNOhnJY5SIfDnMCo8zbeXRsnIJA4K8ILLLlF0HjzE6NPlEJIs,"Summer of Music - Allegany County, The Mountain Side of Maryland",https,200,OK,None,HTML,Canonicalized,None,https://www.mdmountainside.com/blog/summer-of-music,0,0,Not Set,Google Analytics,Google Analytics
3,https://www.mdmountainside.com/blog/summer-of-music?fbclid=IwAR2-ZCnKWpZF_txfXMyAGV8zRybLsGRgWDqxGNut5pdugmrOFEfJIhHG3Xw,"Summer of Music - Allegany County, The Mountain Side of Maryland",https,200,OK,None,HTML,Canonicalized,None,https://www.mdmountainside.com/blog/summer-of-music,0,0,Not Set,Google Analytics,Google Analytics
4,https://www.mdmountainside.com/blog/summer-of-music?fbclid=IwAR3EnxNgUTGEAaJ7b3a_AK2ejOeEeOW1qlbPJHj3z7TTWaFfHOKnimDbKLw,"Summer of Music - Allegany County, The Mountain Side of Maryland",https,200,OK,None,HTML,Canonicalized,None,https://www.mdmountainside.com/blog/summer-of-music,0,0,Not Set,Google Analytics,Google Analytics
5,https://www.mdmountainside.com/blog/summer-of-music?fbclid=IwAR3LB-0kOWqXkWVnYjb_-1o4BMJ2NV3j24SLJvCewVd9Xs6ZPEdRxs0osvM,"Summer of Music - Allegany County, The Mountain Side of Maryland",https,200,OK,None,HTML,Canonicalized,None,https://www.mdmountainside.com/blog/summer-of-music,0,0,Not Set,Google Analytics,Google Analytics
6,https://www.mdmountainside.com/contest-home?fbclid=IwAR0Yfm33iuos4egB5I_YQaD4QFnmVg1go131jwDVa3QpBJGp8pZGkDNIcBA,"Contest-Home - Allegany County, The Mountain Side of Maryland",https,200,OK,None,HTML,Canonicalized,None,https://www.mdmountainside.com/contest-home,0,0,Not Set,Google Analytics,Google Analytics
7,https://www.mdmountainside.com/contest-home?fbclid=IwAR1rqV0KzozimLAq2_V0UGFN8hJRMT7qVLV2usZOSeZkuBEojQT0AGnfeGk,"Contest-Home - Allegany County, The Mountain Side of Maryland",https,200,OK,None,HTML,Canonicalized,None,https://www.mdmountainside.com/contest-home,0,0,Not Set,Google Analytics,Google Analytics
8,https://www.mdmountainside.com/event-calendar?fbclid=IwAR1c5PBpdJrqisYi9VKH-lWDHPJ45hTbhBwdiB6_bFQsIo_x-p0IlSzcqYA,"Events Calendar and Schedule - Allegany County, The Mountain Side of Maryland",https,200,OK,None,HTML,Canonicalized,None,https://www.mdmountainside.com/event-calendar,0,0,Not Set,Google Analytics,Google Analytics
9,https://www.mdmountainside.com/summer-of-heritage?fbclid=IwAR0moo06v_OU-3wGoZewl-SvxjSS-jlom0rnekFrW6DHc8z7ZmH19gJhFZM,"Celebrate the History of Western Maryland with these Summer of Heritage Events - Allegany County, The Mountain Side of Maryland",https,200,OK,None,HTML,Canonicalized,None,https://www.mdmountainside.com/summer-of-heritage,0,0,Not Set,Google Analytics,Google Analytics
10,https://www.mdmountainside.com/summer?fbclid=IwAR1K4yjnGeOUkPo3eTvjxfCu3so8ZCUqV36-F1bzS3_TuSozi-pHoJpNi40,"Summer - Allegany County, The Mountain Side of Maryland",https,200,OK,None,HTML,Canonicalized,None,https://www.mdmountainside.com/summer,0,0,Not Set,Google Analytics,Google Analytics
11,https://www.mdmountainside.com/summer?fbclid=IwAR2Ugr5VvVQlMkOugHgqmr-uHEs-aVZNXeLs6ymQ9jt0vM8T8kKP_d3nnok,"Summer - Allegany County, The Mountain Side of Maryland",https,200,OK,None,HTML,Canonicalized,None,https://www.mdmountainside.com/summer,0,0,Not Set,Google Analytics,Google Analytics
12,https://www.mdmountainside.com/summer?fbclid=IwAR2cEfwhwsD1ZRpQaVc3GX5kaHTwSHhsbNVsW6HUvNjbMtsy9-nal0qi210,"Summer - Allegany County, The Mountain Side of Maryland",https,200,OK,None,HTML,Canonicalized,None,https://www.mdmountainside.com/summer,0,0,Not Set,Google Analytics,Google Analytics
13,https://www.mdmountainside.com/summer?fbclid=IwAR2uc0zc6byAoXy3SjtOYFXkdEeuvinluSMxNzTaAP2-r7sbpuACKQdzf_s,"Summer - Allegany County, The Mountain Side of Maryland",https,200,OK,None,HTML,Canonicalized,None,https://www.mdmountainside.com/summer,0,0,Not Set,Google Analytics,Google Analytics
14,https://www.mdmountainside.com/summer?fbclid=IwAR2w5ksyUzICy4r-nL0B1-yiOXfOxNOVG4u8zgFpbLJDQSPJDNegZV1bY78,"Summer - Allegany County, The Mountain Side of Maryland",https,200,OK,None,HTML,Canonicalized,None,https://www.mdmountainside.com/summer,0,0,Not Set,Google Analytics,Google Analytics
