,URL,No. URLs Referencing Resource
0,https://www.mdmountainside.com/,0
1,https://www.mdmountainside.com/10th-annual-mountain-maryland-plein-air,0
2,https://www.mdmountainside.com/1812-brewery,0
3,https://www.mdmountainside.com/1812-brewery-farmerscraftsflea-market,0
4,https://www.mdmountainside.com/1812-brewery-farmerscraftsflea-market2,0
5,https://www.mdmountainside.com/1812-brewery-farmerscraftsflea-market23,0
6,https://www.mdmountainside.com/1812-brewery-farmerscraftsflea-market234,0
7,https://www.mdmountainside.com/1812-brewery-holiday-flea-market-and-brunch-with-santa,0
8,https://www.mdmountainside.com/1812-brewery-presents-musician-gibb-cochrum-and-food-by-chef-pauls-kitchen,0
9,https://www.mdmountainside.com/1812-brewery-presents-musician-jacob-blank-and-bbq-beast,0
10,https://www.mdmountainside.com/1812-octobeerfest-dinner-with-good-carma-catering,0
11,https://www.mdmountainside.com/1812s-howl-o-ween-party,0
12,https://www.mdmountainside.com/18th-annual-labor-day-supercruise,0
13,https://www.mdmountainside.com/1978-bishop-walsh-city-championship-football-reunion-with-night-traveler-and-wamba-caravan-89,0
14,https://www.mdmountainside.com/2018-cumberland-holiday-historic-home-tour,0
15,https://www.mdmountainside.com/2018-halloween-bash-with-rubix-kube,0
16,https://www.mdmountainside.com/2018-western-maryland-kidney-ride,0
17,https://www.mdmountainside.com/2019-destination-guide,0
18,https://www.mdmountainside.com/2nd-annual-ugly-christmas-sweater-party-at-1812-brewery,0
19,https://www.mdmountainside.com/2nd-annual-ymca-dragons-on-the-lake,0
20,https://www.mdmountainside.com/30th-annual-iron-furnace-5k-and-fun-walk,0
21,https://www.mdmountainside.com/32nd-annual-coney-days-coney-days-campfire,0
22,https://www.mdmountainside.com/32nd-annual-coney-days-sunday-in-the-park,0
23,https://www.mdmountainside.com/3m-challenge-bike-ride,0
24,https://www.mdmountainside.com/4th-annual-brush-tunnel-marathon-and-half-marathon,0
25,https://www.mdmountainside.com/4th-of-july-fireworks,0
26,https://www.mdmountainside.com/5th-annual-gap-marathon-and-half-marathon,0
27,https://www.mdmountainside.com/5th-annual-howards-run-festival,0
28,https://www.mdmountainside.com/5th-last-dale-murray-memorial-benefit-motorcycle-ride,0
29,https://www.mdmountainside.com/69th-annual-south-cumberland-business-and-civic-association-marsha-l-thomas-memorial-halloween-parade,0
30,https://www.mdmountainside.com/7-cs-lodging,0
31,https://www.mdmountainside.com/9-decatur-guest-house-and-hostel,0
32,https://www.mdmountainside.com/9-north-centre-for-the-arts,0
33,https://www.mdmountainside.com/?fbclid=IwAR0IxhFOSItNOypFXaMzorh3kQ0vL5fw3XBhO8MYsh2VH9agoIAQJlBifyw,0
34,https://www.mdmountainside.com/Delfest,0
35,https://www.mdmountainside.com/a-festival-of-lessons-and-carols-for-christmas,0
36,https://www.mdmountainside.com/about,0
37,https://www.mdmountainside.com/about-allegany-county-tourism,0
38,https://www.mdmountainside.com/accent-on-health-chiropractic-massage,0
39,https://www.mdmountainside.com/acre-coworking,0
40,https://www.mdmountainside.com/al-gar-federal-credit-union,0
41,https://www.mdmountainside.com/aldi-grocery-store,0
42,https://www.mdmountainside.com/ali-ghan-shrine-club,0
43,https://www.mdmountainside.com/allegania,0
44,https://www.mdmountainside.com/allegany-arts-council,0
45,https://www.mdmountainside.com/allegany-chiropractic-center,0
46,https://www.mdmountainside.com/allegany-college-of-maryland,0
47,https://www.mdmountainside.com/allegany-county-fair-ag-expo,0
48,https://www.mdmountainside.com/allegany-county-fairgrounds,0
49,https://www.mdmountainside.com/allegany-county-library-system,0
50,https://www.mdmountainside.com/allegany-county-march-for-babies,0
51,https://www.mdmountainside.com/allegany-county-restaurant-week,0
52,https://www.mdmountainside.com/allegany-county-restaurant-week-2018,0
53,https://www.mdmountainside.com/allegany-county-schools,0
54,https://www.mdmountainside.com/allegany-county-teachers-credit-union,0
55,https://www.mdmountainside.com/allegany-county-transit-,0
56,https://www.mdmountainside.com/allegany-county-visitor-center,0
57,https://www.mdmountainside.com/allegany-liquor-store,0
58,https://www.mdmountainside.com/allegany-museum,0
59,https://www.mdmountainside.com/allegheny-trail-house-bed-breakfast,0
60,https://www.mdmountainside.com/alpacas-at-rivers-edge-farm,0
61,https://www.mdmountainside.com/an-evening-at-1812-with-gibb-cochrum-and-mighty-kimchi-food-truck,0
62,https://www.mdmountainside.com/annies-sleep-center,0
63,https://www.mdmountainside.com/appalachia-awakening,0
64,https://www.mdmountainside.com/appalachian-festival,0
65,https://www.mdmountainside.com/appels-gateway,0
66,https://www.mdmountainside.com/applebees-restaurant,0
67,https://www.mdmountainside.com/apples-east-coast-motorcycle-rally,0
68,https://www.mdmountainside.com/arbys,0
69,https://www.mdmountainside.com/ark-candles-soaps,0
70,https://www.mdmountainside.com/around-the-back-family-chiropractic,0
71,https://www.mdmountainside.com/art-exhibit-by-sheri-sensabaugh-the-fabric-of-my-life,0
72,https://www.mdmountainside.com/art-exhibition-art-and-soul-ii-by-susan-g-devan,0
73,https://www.mdmountainside.com/arts-and-culture,0
74,https://www.mdmountainside.com/aspen-dental,0
75,https://www.mdmountainside.com/azads-of-cumberland-at-the-qashqai-gallery,0
76,https://www.mdmountainside.com/b-rads-pizza,0
77,https://www.mdmountainside.com/back-by-popular-demand-the-fly-birds,0
78,https://www.mdmountainside.com/baltimore-street-collectibles,0
79,https://www.mdmountainside.com/baltimore-street-grill,0
80,https://www.mdmountainside.com/banana-leaf,0
81,https://www.mdmountainside.com/banks,0
82,https://www.mdmountainside.com/barbaras-hallmark,0
83,https://www.mdmountainside.com/bark4life,0
84,https://www.mdmountainside.com/barkin-basement-thrift-shop,0
85,https://www.mdmountainside.com/barkin-basement-thrift-shop-sidewalk-sale,0
86,https://www.mdmountainside.com/bars-and-nighttlife,0
87,https://www.mdmountainside.com/bars-and-nighttlife?from=1,0
88,https://www.mdmountainside.com/bars-and-nighttlife?from=11,0
89,https://www.mdmountainside.com/bars-and-nighttlife?from=21,0
90,https://www.mdmountainside.com/bars-and-nighttlife?from=31,0
91,https://www.mdmountainside.com/bartons-towing-auto-service,0
92,https://www.mdmountainside.com/basecamp-coffee-company,0
93,https://www.mdmountainside.com/baxters-gourmet-catering,0
94,https://www.mdmountainside.com/bay-runner-shuttle,0
95,https://www.mdmountainside.com/bb-country-meats,0
96,https://www.mdmountainside.com/beckmans-greene-street-pharmacy-inc,0
97,https://www.mdmountainside.com/bed-and-breakfasts,0
98,https://www.mdmountainside.com/beer-pairing-dinner-featuring-1812-brewery-and-good-carma-catering,0
99,https://www.mdmountainside.com/beer-wine-spirits-,0
100,https://www.mdmountainside.com/beginnings-montessori,0
101,https://www.mdmountainside.com/ber-chayim-temple-,0
102,https://www.mdmountainside.com/best-of-the-blue-ridge-2019,0
103,https://www.mdmountainside.com/best-western-braddock,0
104,https://www.mdmountainside.com/bethel-holiness-church,0
105,https://www.mdmountainside.com/big-lots,0
106,https://www.mdmountainside.com/bills-place,0
107,https://www.mdmountainside.com/black-guy-fawkes-on-stage-at-1812-brewery,0
108,https://www.mdmountainside.com/black-guy-fawkes-plus-good-carma-catering-at-1812-brewery,0
109,https://www.mdmountainside.com/black-oak-bottom-boat-access,0
110,https://www.mdmountainside.com/blog,0
111,https://www.mdmountainside.com/blog/allegany-county-ice-cream-trail,0
112,https://www.mdmountainside.com/blog/best-places-to-cool-off,0
113,https://www.mdmountainside.com/blog/cumberland-historic-walking-tour,0
114,https://www.mdmountainside.com/blog/favorite-places-for-a-warm-drink-on-a-cold-day,0
115,https://www.mdmountainside.com/blog/happy-mlb-opening-day,0
116,https://www.mdmountainside.com/blog/he-really-did-sleep-here-george-washington-in-allegany-county,0
117,https://www.mdmountainside.com/blog/love-is-in-the-mountain-maryland-air,0
118,https://www.mdmountainside.com/blog/made-in-allegany-county-md,0
119,https://www.mdmountainside.com/blog/mothers-day-in-mountain-maryland,0
120,https://www.mdmountainside.com/blog/mountain-maryland-easter-egg-hunts,0
121,https://www.mdmountainside.com/blog/must-do-winter-activities,0
122,https://www.mdmountainside.com/blog/national-day-of-unplugging,0
123,https://www.mdmountainside.com/blog/plan-for-vacation-day,0
124,https://www.mdmountainside.com/blog/spooktacular-halloween-activities-2018,0
125,https://www.mdmountainside.com/blog/spring-bucket-list,0
126,https://www.mdmountainside.com/blog/summer-bucket-list,0
127,https://www.mdmountainside.com/blog/summer-of-music,0
128,https://www.mdmountainside.com/blog/summer-of-music?fbclid=IwAR1Hog0BuyYL_dcQyw_yV4bncwFB8MrkfYI6vd2F7_da1zT4sOjoxsZ3Lp0,0
129,https://www.mdmountainside.com/blog/summer-of-music?fbclid=IwAR1v_T9fc8LNOhnJY5SIfDnMCo8zbeXRsnIJA4K8ILLLlF0HjzE6NPlEJIs,0
130,https://www.mdmountainside.com/blog/summer-of-music?fbclid=IwAR2-ZCnKWpZF_txfXMyAGV8zRybLsGRgWDqxGNut5pdugmrOFEfJIhHG3Xw,0
131,https://www.mdmountainside.com/blog/summer-of-music?fbclid=IwAR3EnxNgUTGEAaJ7b3a_AK2ejOeEeOW1qlbPJHj3z7TTWaFfHOKnimDbKLw,0
132,https://www.mdmountainside.com/blog/summer-of-music?fbclid=IwAR3LB-0kOWqXkWVnYjb_-1o4BMJ2NV3j24SLJvCewVd9Xs6ZPEdRxs0osvM,0
133,https://www.mdmountainside.com/blog/top-activities-for-the-whole-family,0
134,https://www.mdmountainside.com/blog/top-five-reasons-to-bike-allegany-county-md,0
135,https://www.mdmountainside.com/blog/top-places-for-a-great-margarita-in-allegany-county-md,0
136,https://www.mdmountainside.com/blog/top-places-to-dine-al-fresco-allegany-county-the-mountain-side-of-maryland,0
137,https://www.mdmountainside.com/blog/unforgettable-leaf-peeping-locations,0
138,https://www.mdmountainside.com/blog/why-do-you-enjoy-cycling-in-mountain-maryland,0
139,https://www.mdmountainside.com/blog/your-guide-to-small-business-saturday,0
140,https://www.mdmountainside.com/blue-highway-concert,0
141,https://www.mdmountainside.com/bob-evans-restaurant-,0
142,https://www.mdmountainside.com/bonds-landing-boat-access,0
143,https://www.mdmountainside.com/breakfast-with-the-elves-2018,0
144,https://www.mdmountainside.com/brews-wines-and-spirits,0
145,https://www.mdmountainside.com/buckleys-24-hr-towing,0
146,https://www.mdmountainside.com/buffalo-wild-wings,0
147,https://www.mdmountainside.com/busters-treats,0
148,https://www.mdmountainside.com/buttercup-boutique,0
149,https://www.mdmountainside.com/byways,0
150,https://www.mdmountainside.com/c-o-canal-national-park-camping,0
151,https://www.mdmountainside.com/c-william-gilchrist-gallery-and-museum,0
152,https://www.mdmountainside.com/cabins-and-campgrounds,0
153,https://www.mdmountainside.com/cafe-mark,0
154,https://www.mdmountainside.com/calvary-baptist-church-calvary-christian-academy,0
155,https://www.mdmountainside.com/calvary-bible-church--independent-baptist,0
156,https://www.mdmountainside.com/camp-potomac,0
157,https://www.mdmountainside.com/canal-boat-replica-the-cumberland,0
158,https://www.mdmountainside.com/canal-place-farmers-market,0
159,https://www.mdmountainside.com/canal-place-heritage-park,0
160,https://www.mdmountainside.com/canine-couture,0
161,https://www.mdmountainside.com/caporales-bakery-inc,0
162,https://www.mdmountainside.com/cartridges-galore,0
163,https://www.mdmountainside.com/casinos,0
164,https://www.mdmountainside.com/catering,0
165,https://www.mdmountainside.com/catering?from=1,0
166,https://www.mdmountainside.com/catering?from=21,0
167,https://www.mdmountainside.com/centenary-united-methodist-church,0
168,https://www.mdmountainside.com/central-assembly-of-god,0
169,https://www.mdmountainside.com/ces-at-frostburg-state-university,0
170,https://www.mdmountainside.com/ces-at-frostburg-state-university-presents-1st-project,0
171,https://www.mdmountainside.com/ces-at-frostburg-state-university-presents-an-evening-with-jo-dee-messina,0
172,https://www.mdmountainside.com/ces-at-frostburg-state-university-presents-banda-magda,0
173,https://www.mdmountainside.com/ces-at-frostburg-state-university-presents-carol-of-the-king-the-irish-dance-christmas-spectacular,0
174,https://www.mdmountainside.com/ces-at-frostburg-state-university-presents-catapult-the-amazing-magic-of-shadow-dance,0
175,https://www.mdmountainside.com/ces-at-frostburg-state-university-presents-christian-sands-trio,0
176,https://www.mdmountainside.com/ces-at-frostburg-state-university-presents-cirque-flip-fabrique-in-blizzard,0
177,https://www.mdmountainside.com/ces-at-frostburg-state-university-presents-cirque-mei-elite-circus-artists-and-acrobats-of-hebei-china,0
178,https://www.mdmountainside.com/ces-at-frostburg-state-university-presents-crys-matthews,0
179,https://www.mdmountainside.com/ces-at-frostburg-state-university-presents-crys-matthews-workshop-sing-dont-shout-an-alternative-approach,0
180,https://www.mdmountainside.com/ces-at-frostburg-state-university-presents-derek-brown-featuring-fsu-jazz-orchestra-and-faculty,0
181,https://www.mdmountainside.com/ces-at-frostburg-state-university-presents-ghost-note,0
182,https://www.mdmountainside.com/ces-at-frostburg-state-university-presents-jeff-coffin-and-roy-wooten,0
183,https://www.mdmountainside.com/ces-at-frostburg-state-university-presents-kaia-kater-with-anna-and-elizabeth,0
184,https://www.mdmountainside.com/ces-at-frostburg-state-university-presents-malamanya,0
185,https://www.mdmountainside.com/ces-at-frostburg-state-university-presents-maryland-symphony-orchestra-immortal-mozart-schuberts-fifth-symphony,0
186,https://www.mdmountainside.com/ces-at-frostburg-state-university-presents-maryland-symphony-orchestra-in-the-american-symphony,0
187,https://www.mdmountainside.com/ces-at-frostburg-state-university-presents-ren-marie-and-experiment-in-truth,0
188,https://www.mdmountainside.com/ces-at-frostburg-state-university-presents-russian-national-ballet-in-don-quixote,0
189,https://www.mdmountainside.com/ces-at-frostburg-state-university-presents-russian-national-ballet-in-giselle,0
190,https://www.mdmountainside.com/ces-at-frostburg-state-university-presents-six-appeal,0
191,https://www.mdmountainside.com/ces-at-frostburg-state-university-presents-songs-of-ireland-a-celtic-celebration,0
192,https://www.mdmountainside.com/ces-at-frostburg-state-university-presents-stacey-kay,0
193,https://www.mdmountainside.com/ces-at-frostburg-state-university-presents-terry-barber-countertenor-in-christmas-presence,0
194,https://www.mdmountainside.com/ces-at-frostburg-state-university-presents-the-brubeck-brothers-quartet-celebrates-dave-brubecks-centennial,0
195,https://www.mdmountainside.com/ces-at-frostburg-state-university-presents-the-lique,0
196,https://www.mdmountainside.com/ces-at-frostburg-state-university-presents-thomas-pandolfi-into-the-night-with-gershwin,0
197,https://www.mdmountainside.com/ces-at-frostburg-state-university-presents-veronica-swift,0
198,https://www.mdmountainside.com/ces-concert-series-presents-an-evening-with-leann-rimes,0
199,https://www.mdmountainside.com/ces-presents-dom-flemons-in-the-appalachian-festival-capstone-concert,0
200,https://www.mdmountainside.com/charis-winery-distillery,0
201,https://www.mdmountainside.com/charlies-motel,0
202,https://www.mdmountainside.com/chco-revolutionary-war-plaque-reading,0
203,https://www.mdmountainside.com/chef-pauls,0
204,https://www.mdmountainside.com/chessie-federal-credit-union,0
205,https://www.mdmountainside.com/chick-fil-a-at-queen-city-centre,0
206,https://www.mdmountainside.com/chick-fil-a-country-club-mall,0
207,https://www.mdmountainside.com/chick-fil-a-lavale,0
208,https://www.mdmountainside.com/chicken-coupe,0
209,https://www.mdmountainside.com/childrens-medical-group,0
210,https://www.mdmountainside.com/chinese-bandits-and-cruise-in-at-windsor-castle,0
211,https://www.mdmountainside.com/chopsticks-chinese-restaurant,0
212,https://www.mdmountainside.com/christ-lutheran-church,0
213,https://www.mdmountainside.com/christ-memorial-baptist-church,0
214,https://www.mdmountainside.com/christ-united-methodist-church,0
215,https://www.mdmountainside.com/christmas-city-express-morning-excursion,0
216,https://www.mdmountainside.com/church-of-jesus-christ-of-latter-day-saints,0
217,https://www.mdmountainside.com/church-of-the-brethren,0
218,https://www.mdmountainside.com/churches,0
219,https://www.mdmountainside.com/churches?from=1,0
220,https://www.mdmountainside.com/churches?from=11,0
221,https://www.mdmountainside.com/churches?from=21,0
222,https://www.mdmountainside.com/churches?from=31,0
223,https://www.mdmountainside.com/churches?from=41,0
224,https://www.mdmountainside.com/churches?from=51,0
225,https://www.mdmountainside.com/churches?from=61,0
226,https://www.mdmountainside.com/churches?from=71,0
227,https://www.mdmountainside.com/circle-k,0
228,https://www.mdmountainside.com/city-lights-american-grill-bar,0
229,https://www.mdmountainside.com/city-of-cumberland-parks-recreation-department,0
230,https://www.mdmountainside.com/city-place-farmers-market,0
231,https://www.mdmountainside.com/clarysville-motel,0
232,https://www.mdmountainside.com/clatter-coffee,0
233,https://www.mdmountainside.com/closer,0
234,https://www.mdmountainside.com/closer-matinee,0
235,https://www.mdmountainside.com/co-canal-cargo-boat-replica-tours,0
236,https://www.mdmountainside.com/co-canal-national-historical-park-museum,0
237,https://www.mdmountainside.com/co-canal-towpath,0
238,https://www.mdmountainside.com/come-early-stay-late-2019,0
239,https://www.mdmountainside.com/comfort-inn-suites,0
240,https://www.mdmountainside.com/community-model-railroad-club,0
241,https://www.mdmountainside.com/coney-christmas,0
242,https://www.mdmountainside.com/constitution-park,0
243,https://www.mdmountainside.com/constitution-park-pool-opens-for-the-season,0
244,https://www.mdmountainside.com/contact-us,0
245,https://www.mdmountainside.com/contest-home,0
246,https://www.mdmountainside.com/contest-home?fbclid=IwAR0Yfm33iuos4egB5I_YQaD4QFnmVg1go131jwDVa3QpBJGp8pZGkDNIcBA,0
247,https://www.mdmountainside.com/contest-home?fbclid=IwAR1rqV0KzozimLAq2_V0UGFN8hJRMT7qVLV2usZOSeZkuBEojQT0AGnfeGk,0
248,https://www.mdmountainside.com/coops-bunns,0
249,https://www.mdmountainside.com/corner-tavern-cafe,0
250,https://www.mdmountainside.com/cornerstone-baptist-church,0
251,https://www.mdmountainside.com/country-club-mall,0
252,https://www.mdmountainside.com/country-club-mall-cinemas,0
253,https://www.mdmountainside.com/country-road-primitives,0
254,https://www.mdmountainside.com/crabby-pig,0
255,https://www.mdmountainside.com/cracker-barrel,0
256,https://www.mdmountainside.com/cresaptown-united-methodist-church,0
257,https://www.mdmountainside.com/crestmont-ltd,0
258,https://www.mdmountainside.com/cruisin-main-street,0
259,https://www.mdmountainside.com/cumberland-choral-society-holiday-concert,0
260,https://www.mdmountainside.com/cumberland-choral-society-holiday-concert-2,0
261,https://www.mdmountainside.com/cumberland-choral-society-winter-concert,0
262,https://www.mdmountainside.com/cumberland-choral-society-winter-concert-2,0
263,https://www.mdmountainside.com/cumberland-christmas-tree-lighting-2018,0
264,https://www.mdmountainside.com/cumberland-church-of-christ,0
265,https://www.mdmountainside.com/cumberland-community-church,0
266,https://www.mdmountainside.com/cumberland-country-club,0
267,https://www.mdmountainside.com/cumberland-cycles,0
268,https://www.mdmountainside.com/cumberland-dining,0
269,https://www.mdmountainside.com/cumberland-grace-brethren-church,0
270,https://www.mdmountainside.com/cumberland-historic-cemetery-organization,0
271,https://www.mdmountainside.com/cumberland-inn-spa,0
272,https://www.mdmountainside.com/cumberland-optical,0
273,https://www.mdmountainside.com/cumberland-theatre-creative-arts-center,0
274,https://www.mdmountainside.com/cumberland-trail-connection-,0
275,https://www.mdmountainside.com/cumberland-ymca,0
276,https://www.mdmountainside.com/curtis-coney-island-famous-weiners,0
277,https://www.mdmountainside.com/cvs-pharmacy-cumberland,0
278,https://www.mdmountainside.com/cvs-pharmacy-lavale,0
279,https://www.mdmountainside.com/cycles-things,0
280,https://www.mdmountainside.com/cycling,0
281,https://www.mdmountainside.com/dairy-queen-cumberland,0
282,https://www.mdmountainside.com/dairy-queen-lavale,0
283,https://www.mdmountainside.com/dan-stevens-and-sweet-dreams-food-truck-at-1812-brewery,0
284,https://www.mdmountainside.com/dans-mountain-state-park,0
285,https://www.mdmountainside.com/dantes-bar,0
286,https://www.mdmountainside.com/datri-subs,0
287,https://www.mdmountainside.com/datris-restaurant,0
288,https://www.mdmountainside.com/davincis-pizza,0
289,https://www.mdmountainside.com/davis-memorial-united-methodist-church,0
290,https://www.mdmountainside.com/dawson-united-methodist-church,0
291,https://www.mdmountainside.com/day-of-the-dead-skull-painting-workshop,0
292,https://www.mdmountainside.com/dd-pit-n-go-2,0
293,https://www.mdmountainside.com/delfest,0
294,https://www.mdmountainside.com/delfest/resources,0
295,https://www.mdmountainside.com/delfest/resources/beer-and-ice,0
296,https://www.mdmountainside.com/delfest/resources/gas-stations,0
297,https://www.mdmountainside.com/delfest/resources/grocery-stores,0
298,https://www.mdmountainside.com/delfest/resources/transportation,0
299,https://www.mdmountainside.com/delgrossos-park-laguna-splash-water-park,0
300,https://www.mdmountainside.com/dennys--lavale,0
301,https://www.mdmountainside.com/deomonts-muffler-brake,0
302,https://www.mdmountainside.com/dig-deep-brewing-co,0
303,https://www.mdmountainside.com/diplomat-motel,0
304,https://www.mdmountainside.com/dirty-mae-live-on-the-mccoury-family-stage,0
305,https://www.mdmountainside.com/discover-downtown-cumberland-blues,0
306,https://www.mdmountainside.com/discover-downtown-cumberland-with-grand-ole-ditch,0
307,https://www.mdmountainside.com/divine-reflections,0
308,https://www.mdmountainside.com/dollar-dip-at-dans-mountain-pool,0
309,https://www.mdmountainside.com/dominos-pizza-cumberland,0
310,https://www.mdmountainside.com/dominos-pizza-frostburg,0
311,https://www.mdmountainside.com/downtown-cumberland-farmers-market,0
312,https://www.mdmountainside.com/downtown-cumberland-merchants-holiday-party-with-ursula-ricks,0
313,https://www.mdmountainside.com/downtown-cumberlands-shop-small-saturday,0
314,https://www.mdmountainside.com/dracula,0
315,https://www.mdmountainside.com/dragons-on-the-lake,0
316,https://www.mdmountainside.com/dragons-on-the-lake-2019,0
317,https://www.mdmountainside.com/drive-in-fly-in-august-2019,0
318,https://www.mdmountainside.com/drive-in-fly-in-sepetmber-2019,0
319,https://www.mdmountainside.com/dubs-at-the-gap,0
320,https://www.mdmountainside.com/dubs-at-the-gap-2019,0
321,https://www.mdmountainside.com/dubs-at-the-gap-cruise-bbq-at-1812-brewery,0
322,https://www.mdmountainside.com/dunhams-sports,0
323,https://www.mdmountainside.com/early-rise-flies,0
324,https://www.mdmountainside.com/eastern-express,0
325,https://www.mdmountainside.com/eat-and-drink,0
326,https://www.mdmountainside.com/eckhart-baptist-church,0
327,https://www.mdmountainside.com/education,0
328,https://www.mdmountainside.com/ehc-camp-grow-cook-it,0
329,https://www.mdmountainside.com/ehc-camp-science-discovery,0
330,https://www.mdmountainside.com/ehc-camp-young-naturalists,0
331,https://www.mdmountainside.com/el-canelo-restaurant--frostburg,0
332,https://www.mdmountainside.com/el-jinete-restaurant,0
333,https://www.mdmountainside.com/elements-wellness-spa,0
334,https://www.mdmountainside.com/elks-derby-day,0
335,https://www.mdmountainside.com/ellies-deli,0
336,https://www.mdmountainside.com/embassy-theatre,0
337,https://www.mdmountainside.com/emmanuel-episcopal-church,0
338,https://www.mdmountainside.com/emmanuel-episcopal-church-tunnel-tours,0
339,https://www.mdmountainside.com/enterprise-rent-a-car,0
340,https://www.mdmountainside.com/escape-fake-news,0
341,https://www.mdmountainside.com/et-at-the-palace-theatre,0
342,https://www.mdmountainside.com/european-desserts-and-more,0
343,https://www.mdmountainside.com/evening-flyer,0
344,https://www.mdmountainside.com/event-calendar,0
345,https://www.mdmountainside.com/event-calendar?fbclid=IwAR1c5PBpdJrqisYi9VKH-lWDHPJ45hTbhBwdiB6_bFQsIo_x-p0IlSzcqYA,0
346,https://www.mdmountainside.com/event-calendar?from=1,0
347,https://www.mdmountainside.com/event-calendar?from=11,0
348,https://www.mdmountainside.com/event-calendar?from=21,0
349,https://www.mdmountainside.com/event-calendar?from=31,0
350,https://www.mdmountainside.com/event-calendar?from=41,0
351,https://www.mdmountainside.com/event-calendar?from=51,0
352,https://www.mdmountainside.com/event-calendar?from=61,0
353,https://www.mdmountainside.com/event-submission-confirmation,0
354,https://www.mdmountainside.com/evergreen-heritage-center,0
355,https://www.mdmountainside.com/ex2-adventure-race,0
356,https://www.mdmountainside.com/exit-strategy-escape-room,0
357,https://www.mdmountainside.com/f-brooke-whiting-house-collection,0
358,https://www.mdmountainside.com/facebook-giveaway-national-cheeseburger-day,0
359,https://www.mdmountainside.com/fairfield-inn-and-suites,0
360,https://www.mdmountainside.com/fairgrounds-boat-access,0
361,https://www.mdmountainside.com/faith-presbyterian-church-in-america-pca,0
362,https://www.mdmountainside.com/fall-arts,0
363,https://www.mdmountainside.com/fall-cemetery-tour,0
364,https://www.mdmountainside.com/fall-for-downtown-festival-cumberland-md,0
365,https://www.mdmountainside.com/fall-frostburg-flyer,0
366,https://www.mdmountainside.com/fall-in-love-with-the-arts-2018,0
367,https://www.mdmountainside.com/family-fun,0
368,https://www.mdmountainside.com/family-fun?from=1,0
369,https://www.mdmountainside.com/family-fun?from=11,0
370,https://www.mdmountainside.com/family-fun?from=21,0
371,https://www.mdmountainside.com/family-fun?from=31,0
372,https://www.mdmountainside.com/family-fun?from=41,0
373,https://www.mdmountainside.com/family-pizza-train,0
374,https://www.mdmountainside.com/farmers-markets,0
375,https://www.mdmountainside.com/farms,0
376,https://www.mdmountainside.com/fat-pig,0
377,https://www.mdmountainside.com/fatboys-pizza-shack,0
378,https://www.mdmountainside.com/favorites,0
379,https://www.mdmountainside.com/femina-in-toto-a-compilation-of-design-by-women,0
380,https://www.mdmountainside.com/fifteen-mile-creek-boat-access,0
381,https://www.mdmountainside.com/first-annual-mountain-maryland-trail-fest,0
382,https://www.mdmountainside.com/first-assembly-of-god-church,0
383,https://www.mdmountainside.com/first-assembly-of-god2,0
384,https://www.mdmountainside.com/first-church-of-the-nazarene,0
385,https://www.mdmountainside.com/first-congregational-church-of-frostburg,0
386,https://www.mdmountainside.com/first-english-baptist-church,0
387,https://www.mdmountainside.com/first-friday-art-club-fall-haiku-writing,0
388,https://www.mdmountainside.com/first-friday-art-club-family-comedy-night,0
389,https://www.mdmountainside.com/first-friday-art-club-thankfulness-art-and-potluck,0
390,https://www.mdmountainside.com/first-friday-art-club-ugly-sweater-party,0
391,https://www.mdmountainside.com/first-peoples-community-federal-credit-union,0
392,https://www.mdmountainside.com/first-peoples-community-federal-credit-union-cresaptown,0
393,https://www.mdmountainside.com/first-peoples-community-federal-credit-union-frostburg,0
394,https://www.mdmountainside.com/first-peoples-community-federal-credit-union-industrial-blvd,0
395,https://www.mdmountainside.com/first-peoples-community-federal-credit-union-lavale,0
396,https://www.mdmountainside.com/first-peoples-community-federal-credit-union-lonaconing,0
397,https://www.mdmountainside.com/first-peoples-community-federal-credit-union-queen-city-drive,0
398,https://www.mdmountainside.com/first-presbyterian-church,0
399,https://www.mdmountainside.com/first-presbyterian-church-of-frostburg,0
400,https://www.mdmountainside.com/first-united-bank-trust,0
401,https://www.mdmountainside.com/fish-and-hunt,0
402,https://www.mdmountainside.com/fishers-body-shop,0
403,https://www.mdmountainside.com/flintstone-mennonite-church,0
404,https://www.mdmountainside.com/flowerland,0
405,https://www.mdmountainside.com/for-media,0
406,https://www.mdmountainside.com/fore-sisters-golf-course,0
407,https://www.mdmountainside.com/form-return,0
408,https://www.mdmountainside.com/fort-cumberland-emporium,0
409,https://www.mdmountainside.com/four-t-herb-shoppe,0
410,https://www.mdmountainside.com/fourth-friday-tea-series,0
411,https://www.mdmountainside.com/fourth-friday-tea-series2,0
412,https://www.mdmountainside.com/fourth-friday-tea-series23,0
413,https://www.mdmountainside.com/fourth-friday-tea-series234,0
414,https://www.mdmountainside.com/foxs-pizza-den-of-frostburg,0
415,https://www.mdmountainside.com/fratelli-italian-cuisine-bar,0
416,https://www.mdmountainside.com/friday-after-black-friday,0
417,https://www.mdmountainside.com/friendship-haven-church,0
418,https://www.mdmountainside.com/frostburg-assembly-of-god-church,0
419,https://www.mdmountainside.com/frostburg-candlelight-tour-2018,0
420,https://www.mdmountainside.com/frostburg-farmers-market,0
421,https://www.mdmountainside.com/frostburg-fiber-depot,0
422,https://www.mdmountainside.com/frostburg-flyer,0
423,https://www.mdmountainside.com/frostburg-flyer2,0
424,https://www.mdmountainside.com/frostburg-flyer23,0
425,https://www.mdmountainside.com/frostburg-freeze,0
426,https://www.mdmountainside.com/frostburg-halloween-parade,0
427,https://www.mdmountainside.com/frostburg-inn,0
428,https://www.mdmountainside.com/frostburg-medical-center,0
429,https://www.mdmountainside.com/frostburg-museum,0
430,https://www.mdmountainside.com/frostburg-palace-theatre-jazz-series-presents-paul-bollenback-and-power-3,0
431,https://www.mdmountainside.com/frostburg-state-hosting-evening-with-bestselling-author-peter-stark,0
432,https://www.mdmountainside.com/frostburg-state-university,0
433,https://www.mdmountainside.com/frostburg-state-university-appalachian-festival,0
434,https://www.mdmountainside.com/frostburg-tree-lighting-ceremony,0
435,https://www.mdmountainside.com/frostburg-united-methodist-church,0
436,https://www.mdmountainside.com/frostburg-vision-center,0
437,https://www.mdmountainside.com/frostburg-wines-train-featuring-toasted-goat-winery,0
438,https://www.mdmountainside.com/frostburg-winter-market,0
439,https://www.mdmountainside.com/frostburgfirst-a-maryland-main-street-community,0
440,https://www.mdmountainside.com/frostoberfest-2018,0
441,https://www.mdmountainside.com/fruit-bowl2,0
442,https://www.mdmountainside.com/fsu-bookstore,0
443,https://www.mdmountainside.com/fsu-center-for-literary-arts,0
444,https://www.mdmountainside.com/fsu-lane-center,0
445,https://www.mdmountainside.com/fsu-planetarium-,0
446,https://www.mdmountainside.com/fsu-stephanie-ann-roper-gallery,0
447,https://www.mdmountainside.com/funky-repurps-and-more,0
448,https://www.mdmountainside.com/gabriel-brothers-gabes,0
449,https://www.mdmountainside.com/gas-stations,0
450,https://www.mdmountainside.com/gellar-drapkin-and-jazz-at-toasted-goat-winery,0
451,https://www.mdmountainside.com/general-art-store-star-gallery,0
452,https://www.mdmountainside.com/genes-famliy-restaurant,0
453,https://www.mdmountainside.com/george-washingtons-headquarters,0
454,https://www.mdmountainside.com/georges-creek-pharmacy,0
455,https://www.mdmountainside.com/get-out-play-outfitters,0
456,https://www.mdmountainside.com/getting-around,0
457,https://www.mdmountainside.com/gg-tire,0
458,https://www.mdmountainside.com/ghost-tour-of-historic-cumberland,0
459,https://www.mdmountainside.com/ghouley-pub-crawl,0
460,https://www.mdmountainside.com/giannis-pizza-wings-cumberland,0
461,https://www.mdmountainside.com/giannis-pizza-wings-frostburg,0
462,https://www.mdmountainside.com/gilchrist-gardens-gala,0
463,https://www.mdmountainside.com/gilchrist-museum-exhibition-obrien-and-carter,0
464,https://www.mdmountainside.com/gingers-asian-kitchen,0
465,https://www.mdmountainside.com/giuseppes,0
466,https://www.mdmountainside.com/global-truck-outfitters,0
467,https://www.mdmountainside.com/gods-ark-of-safety-church,0
468,https://www.mdmountainside.com/golf,0
469,https://www.mdmountainside.com/gonzaga-health-center,0
470,https://www.mdmountainside.com/good-carma-catering,0
471,https://www.mdmountainside.com/goodwill-store--lavale,0
472,https://www.mdmountainside.com/gostomskis-gunsmith-service,0
473,https://www.mdmountainside.com/grace-baptist-church,0
474,https://www.mdmountainside.com/grace-memorial-community-church,0
475,https://www.mdmountainside.com/grand-china-buffet,0
476,https://www.mdmountainside.com/great-allegheny-passage,0
477,https://www.mdmountainside.com/great-allegheny-passage-relay,0
478,https://www.mdmountainside.com/green-ridge-state-forest,0
479,https://www.mdmountainside.com/greene-street-service-center,0
480,https://www.mdmountainside.com/grocery-and-convenience-stores,0
481,https://www.mdmountainside.com/grocery-and-convenience-stores?from=1,0
482,https://www.mdmountainside.com/grocery-and-convenience-stores?from=11,0
483,https://www.mdmountainside.com/grocery-and-convenience-stores?from=21,0
484,https://www.mdmountainside.com/grocery-and-convenience-stores?from=31,0
485,https://www.mdmountainside.com/halloween-at-evergreen-barn-dance,0
486,https://www.mdmountainside.com/halloween-spooktacular-in-downtown-cumberland,0
487,https://www.mdmountainside.com/hampton-inn-cumberland,0
488,https://www.mdmountainside.com/hampton-inn-frostburg,0
489,https://www.mdmountainside.com/handmade-holiday-fair-2018,0
490,https://www.mdmountainside.com/harrigans-restaurant-and-lounge,0
491,https://www.mdmountainside.com/harry-trayhnam-and-alhambra-at-1812-brewery,0
492,https://www.mdmountainside.com/hartleys-pizza,0
493,https://www.mdmountainside.com/harveys-florist-greenhouses-inc,0
494,https://www.mdmountainside.com/hast-farm-event-venue,0
495,https://www.mdmountainside.com/health-matters-urgent-care,0
496,https://www.mdmountainside.com/healthy-parks-healthy-people-wellness-fair,0
497,https://www.mdmountainside.com/hennys-grill-bar,0
498,https://www.mdmountainside.com/hertz-rent-a-car,0
499,https://www.mdmountainside.com/highland-baptist-church,0
500,https://www.mdmountainside.com/highland-harley-davidson-shop,0
501,https://www.mdmountainside.com/highlands-american-music-series-presents-the-becky-buller-band,0
502,https://www.mdmountainside.com/hillside-animal-hospital,0
503,https://www.mdmountainside.com/historic-city-center,0
504,https://www.mdmountainside.com/history-and-heritage,0
505,https://www.mdmountainside.com/history-and-heritage?from=1,0
506,https://www.mdmountainside.com/history-and-heritage?from=11,0
507,https://www.mdmountainside.com/history-and-heritage?from=21,0
508,https://www.mdmountainside.com/history-and-heritage?from=31,0
509,https://www.mdmountainside.com/hobbies-plus,0
510,https://www.mdmountainside.com/holiday-inn-express-and-suites-lavale,0
511,https://www.mdmountainside.com/holiday-open-house,0
512,https://www.mdmountainside.com/holidays-2018,0
513,https://www.mdmountainside.com/holideal,0
514,https://www.mdmountainside.com/hoppy-hour-at-1812-brewery,0
515,https://www.mdmountainside.com/hospitals-and-health-care,0
516,https://www.mdmountainside.com/hospitals-and-health-care?from=1,0
517,https://www.mdmountainside.com/hospitals-and-health-care?from=21,0
518,https://www.mdmountainside.com/hotel-gunter,0
519,https://www.mdmountainside.com/hotels-and-motels,0
520,https://www.mdmountainside.com/hummingbird-cafe,0
521,https://www.mdmountainside.com/hurry-back-tavern-,0
522,https://www.mdmountainside.com/hush-skin-care-mountain-massage-wellness-spa,0
523,https://www.mdmountainside.com/independent-ink,0
524,https://www.mdmountainside.com/indie-lit-festival-2018,0
525,https://www.mdmountainside.com/inn-on-decatur,0
526,https://www.mdmountainside.com/inquiry,0
527,https://www.mdmountainside.com/integration-studios,0
528,https://www.mdmountainside.com/iron-rail-days,0
529,https://www.mdmountainside.com/j-bartles-jewelry,0
530,https://www.mdmountainside.com/j-j-bait-llc,0
531,https://www.mdmountainside.com/j-rs-custom-screenprint-embroidery,0
532,https://www.mdmountainside.com/jacob-blank-on-the-keyboard-chef-pauls-kitchen-at-1812-brewery,0
533,https://www.mdmountainside.com/janice-ray-and-roc-plus-sob-bbq-at-1812-brewery,0
534,https://www.mdmountainside.com/jb-farms,0
535,https://www.mdmountainside.com/jenkins-collision-center,0
536,https://www.mdmountainside.com/jins-asian-cuisine,0
537,https://www.mdmountainside.com/jjs-sons,0
538,https://www.mdmountainside.com/jl-truck-repair-tire-service-inc,0
539,https://www.mdmountainside.com/jo-ann-fabrics-and-craft-store,0
540,https://www.mdmountainside.com/joes-viaduct-restaurant,0
541,https://www.mdmountainside.com/johnstons-garage,0
542,https://www.mdmountainside.com/jolly-roger-discount-liquors,0
543,https://www.mdmountainside.com/junie-b-in-jingle-bells-batman-smells,0
544,https://www.mdmountainside.com/k-bar-and-lunch,0
545,https://www.mdmountainside.com/karaoke,0
546,https://www.mdmountainside.com/karaoke-with-mary-sheetz,0
547,https://www.mdmountainside.com/kebbies-diaper-bag,0
548,https://www.mdmountainside.com/kegs-and-eggs-at-1812-brewery,0
549,https://www.mdmountainside.com/kegs-and-eggs-brunch,0
550,https://www.mdmountainside.com/kegs-and-eggs-brunch-and-dinner-at-1812-brewery,0
551,https://www.mdmountainside.com/kensington-assisted-living,0
552,https://www.mdmountainside.com/kentucky-fried-chicken-cumberland,0
553,https://www.mdmountainside.com/kentucky-fried-chicken-lavale,0
554,https://www.mdmountainside.com/kerr-brothers-guns,0
555,https://www.mdmountainside.com/kids-kingdom,0
556,https://www.mdmountainside.com/kids-saturday,0
557,https://www.mdmountainside.com/kingdom-hall-of-jehovahs-witnesses,0
558,https://www.mdmountainside.com/klines-restaurant,0
559,https://www.mdmountainside.com/knieriem-tires,0
560,https://www.mdmountainside.com/kohls,0
561,https://www.mdmountainside.com/langleys-auto-service,0
562,https://www.mdmountainside.com/larry-keel-experience,0
563,https://www.mdmountainside.com/lashbaughs-bar-and-grill,0
564,https://www.mdmountainside.com/lavale-baptist-church-sbc,0
565,https://www.mdmountainside.com/lavale-farmers-market,0
566,https://www.mdmountainside.com/lavale-united-methodist-church,0
567,https://www.mdmountainside.com/lavale-veterinary-hospital,0
568,https://www.mdmountainside.com/leaning-pine-farm,0
569,https://www.mdmountainside.com/lefty-grove-memorial-park,0
570,https://www.mdmountainside.com/lennox-east,0
571,https://www.mdmountainside.com/lennys-leathers,0
572,https://www.mdmountainside.com/lew-lew-belle-boutique,0
573,https://www.mdmountainside.com/lgs-pizzeria-and-pub,0
574,https://www.mdmountainside.com/liberty-wine-and-liquor,0
575,https://www.mdmountainside.com/lifetime-eyecare-center,0
576,https://www.mdmountainside.com/lighthouse-christian-academy-and-daycare,0
577,https://www.mdmountainside.com/lighthouse-of-hope-church,0
578,https://www.mdmountainside.com/lights-by-the-lake-2018,0
579,https://www.mdmountainside.com/lil-corner-market,0
580,https://www.mdmountainside.com/lindys-restaurant,0
581,https://www.mdmountainside.com/little-caesars-pizza,0
582,https://www.mdmountainside.com/little-orleans-campground-park-area,0
583,https://www.mdmountainside.com/little-orleans-lodge,0
584,https://www.mdmountainside.com/living-stone-church-of-the-brethren,0
585,https://www.mdmountainside.com/living-waters-ministries,0
586,https://www.mdmountainside.com/livvys-soft-serve,0
587,https://www.mdmountainside.com/local-craftsflea-market-and-soups-and-suds-for-a-clause,0
588,https://www.mdmountainside.com/local-farmerscraftflea-market-plus-brunch-with-santa-at-1812-brewery,0
589,https://www.mdmountainside.com/lonaconing-iron-furnace-and-park-,0
590,https://www.mdmountainside.com/long-john-silver,0
591,https://www.mdmountainside.com/lorenzos-frostburg-bakery,0
592,https://www.mdmountainside.com/loyola-university-maryland-retreat-center,0
593,https://www.mdmountainside.com/luckys-liquor-store,0
594,https://www.mdmountainside.com/m-and-m-bake-shop,0
595,https://www.mdmountainside.com/macdonalds-body-shop,0
596,https://www.mdmountainside.com/maddcatt-vapors,0
597,https://www.mdmountainside.com/madison-paige-boutique,0
598,https://www.mdmountainside.com/main-street-books,0
599,https://www.mdmountainside.com/main-street-pub,0
600,https://www.mdmountainside.com/making-smart-choices-about-health-insurance,0
601,https://www.mdmountainside.com/making-strides-against-breast-cancer-of-western-maryland,0
602,https://www.mdmountainside.com/mamma-mia,0
603,https://www.mdmountainside.com/mamma-mia-matinee,0
604,https://www.mdmountainside.com/manhattan-centre-golf-gallery,0
605,https://www.mdmountainside.com/maranantha-christian-fellowship,0
606,https://www.mdmountainside.com/marios-italian-eatery,0
607,https://www.mdmountainside.com/marketing-and-tourism-summit,0
608,https://www.mdmountainside.com/martins-food-market,0
609,https://www.mdmountainside.com/martins-food-market-lavale,0
610,https://www.mdmountainside.com/maryland-discount-beverage-center,0
611,https://www.mdmountainside.com/marylandwest-virginia-model-railroad-exhibit,0
612,https://www.mdmountainside.com/mason-complex-boat-access,0
613,https://www.mdmountainside.com/master-gardener-class,0
614,https://www.mdmountainside.com/mccoole-boat-access,0
615,https://www.mdmountainside.com/mcdonalds-1,0
616,https://www.mdmountainside.com/mcdonalds-2,0
617,https://www.mdmountainside.com/mcdonalds-3,0
618,https://www.mdmountainside.com/mcdonalds-4,0
619,https://www.mdmountainside.com/mcdonalds-5,0
620,https://www.mdmountainside.com/mcdonalds-6,0
621,https://www.mdmountainside.com/mcdonalds-7,0
622,https://www.mdmountainside.com/mcdonalds-8,0
623,https://www.mdmountainside.com/mcfarland-candies,0
624,https://www.mdmountainside.com/mcta-presents-traditional-irish-musician-dylan-foley,0
625,https://www.mdmountainside.com/md-mountain-weddings,0
626,https://www.mdmountainside.com/meeting-planners,0
627,https://www.mdmountainside.com/meg-romero-studio,0
628,https://www.mdmountainside.com/megan-bradley-5k-memorial-run-for-casa-of-allegany-county,0
629,https://www.mdmountainside.com/memorial-heights-baptist-church,0
630,https://www.mdmountainside.com/meteor-shower-a-play-by-steve-martin,0
631,https://www.mdmountainside.com/metropolitan-ame-church,0
632,https://www.mdmountainside.com/mexico-farms-equestrian-center,0
633,https://www.mdmountainside.com/mezzos,0
634,https://www.mdmountainside.com/midlife-crisis-on-stage-at-1812-brewery,0
635,https://www.mdmountainside.com/milestone-cube-company,0
636,https://www.mdmountainside.com/millstone-country-store,0
637,https://www.mdmountainside.com/minecraft-gaming,0
638,https://www.mdmountainside.com/miracle-on-34th-street-the-musical,0
639,https://www.mdmountainside.com/misty-blue-fashions,0
640,https://www.mdmountainside.com/mixx-112-boutique,0
641,https://www.mdmountainside.com/monument-unveiling-of-world-war-1-veteran-lest-umstot,0
642,https://www.mdmountainside.com/moonlight-madness-in-downtown-cumberland,0
643,https://www.mdmountainside.com/mortons-jewelry,0
644,https://www.mdmountainside.com/motel-6--lavale,0
645,https://www.mdmountainside.com/mount-savage-historical-society,0
646,https://www.mdmountainside.com/mountain-city-coffeehouse-creamery,0
647,https://www.mdmountainside.com/mountain-city-traditional-arts,0
648,https://www.mdmountainside.com/mountain-ducks-guide-service,0
649,https://www.mdmountainside.com/mountain-maryland-2018-photo-contest,0
650,https://www.mdmountainside.com/mountain-maryland-artist-studio-tours,0
651,https://www.mdmountainside.com/mountain-maryland-photo-contest,0
652,https://www.mdmountainside.com/mountain-maryland-photo-contest-2019,0
653,https://www.mdmountainside.com/mountain-maryland-trails,0
654,https://www.mdmountainside.com/mountain-maryland-trails-presents-3m-challenge-bike-race,0
655,https://www.mdmountainside.com/mountain-moonshine-train,0
656,https://www.mdmountainside.com/mountaineer-country-tours,0
657,https://www.mdmountainside.com/mountainmarylanddeluxe,0
658,https://www.mdmountainside.com/mountainshine-creative-llc,0
659,https://www.mdmountainside.com/mountainside-baroque-off-the-beaten-path,0
660,https://www.mdmountainside.com/mountainside-bike-tours,0
661,https://www.mdmountainside.com/movie-screening,0
662,https://www.mdmountainside.com/mr-tire-auto-service-center,0
663,https://www.mdmountainside.com/mr-toads-pottery,0
664,https://www.mdmountainside.com/mt-bank,0
665,https://www.mdmountainside.com/mt-bank-frostburg-2,0
666,https://www.mdmountainside.com/mt-bank-lavale,0
667,https://www.mdmountainside.com/mt-bank-south-cumberland,0
668,https://www.mdmountainside.com/mt-bank-westernport,0
669,https://www.mdmountainside.com/murder-mystery,0
670,https://www.mdmountainside.com/murder-mystery-bullets-and-bbq,0
671,https://www.mdmountainside.com/murder-mystery2,0
672,https://www.mdmountainside.com/murder-mystery23,0
673,https://www.mdmountainside.com/murder-mystery234,0
674,https://www.mdmountainside.com/murder-mystery2345,0
675,https://www.mdmountainside.com/murder-mystery23456,0
676,https://www.mdmountainside.com/murder-mystery234567,0
677,https://www.mdmountainside.com/murder-mystery2345678,0
678,https://www.mdmountainside.com/murder-mystery23456789,0
679,https://www.mdmountainside.com/music-by-fred-n-josh-food-by-good-carma-catering-at-1812,0
680,https://www.mdmountainside.com/music-by-jacob-blank-at-toasted-goat,0
681,https://www.mdmountainside.com/musician-chris-workman-at-1812-brewery,0
682,https://www.mdmountainside.com/musician-dan-stevens-plus-good-carma-catering-at-1812,0
683,https://www.mdmountainside.com/musician-greg-kerr-and-klavuhns-family-concessions-at-1812,0
684,https://www.mdmountainside.com/musician-jacob-blank-and-good-carma-catering-at-1812,0
685,https://www.mdmountainside.com/musician-shelby-herbert-and-chef-pauls-kitchen-at-1812-brewery,0
686,https://www.mdmountainside.com/national-night-out,0
687,https://www.mdmountainside.com/national-night-out-cumberland,0
688,https://www.mdmountainside.com/national-night-out-kick-off-event,0
689,https://www.mdmountainside.com/national-road-monument,0
690,https://www.mdmountainside.com/national-road-toll-house,0
691,https://www.mdmountainside.com/native-american-heritage-month-with-caitlin-hudgins,0
692,https://www.mdmountainside.com/natures-art,0
693,https://www.mdmountainside.com/naylors-ace-hardware,0
694,https://www.mdmountainside.com/never-forgotten,0
695,https://www.mdmountainside.com/new-life-tabernacle,0
696,https://www.mdmountainside.com/new-years-eve-2019,0
697,https://www.mdmountainside.com/new-years-eve-celebration-at-toasted-goat-winery,0
698,https://www.mdmountainside.com/new-years-eve-in-downtown-cumberland,0
699,https://www.mdmountainside.com/new-years-eve-murder-mystery-train,0
700,https://www.mdmountainside.com/news,0
701,https://www.mdmountainside.com/news-mountain-maryland-marketing-and-tourism-summit-launches-in-allegany-county-maryland,0
702,https://www.mdmountainside.com/news/2018-destination-guide,0
703,https://www.mdmountainside.com/news/allegany-county-tourism-announces-winners-for-2018-mountain-maryland-photo-contest,0
704,https://www.mdmountainside.com/news/best-of-awards,0
705,https://www.mdmountainside.com/news/blue-ridge-outdoors-best-of-awards-2019,0
706,https://www.mdmountainside.com/news/cumberland-maryland-selected-as-one-of-travel-channels-50-most-charming-small-towns-in-america,0
707,https://www.mdmountainside.com/news/cumberland-md-selected-as-top-adventure-town,0
708,https://www.mdmountainside.com/news/enterprise-rent-a-car-films-in-cumberland-md,0
709,https://www.mdmountainside.com/newsletter-signup,0
710,https://www.mdmountainside.com/night-of-the-living-dead,0
711,https://www.mdmountainside.com/night-of-the-living-dead-matinee,0
712,https://www.mdmountainside.com/niners-canal-pub,0
713,https://www.mdmountainside.com/noises-off,0
714,https://www.mdmountainside.com/noises-off-matinee,0
715,https://www.mdmountainside.com/november-book-club-meeting,0
716,https://www.mdmountainside.com/nye-murder-mystery-train,0
717,https://www.mdmountainside.com/oak-barrel-cafe2,0
718,https://www.mdmountainside.com/oak-barrel-citgo,0
719,https://www.mdmountainside.com/october-book-group,0
720,https://www.mdmountainside.com/oldtown-bethel-assembly-of-god,0
721,https://www.mdmountainside.com/ollies-bargain-outlet,0
722,https://www.mdmountainside.com/one-act-play-festival-2018,0
723,https://www.mdmountainside.com/one-stop-liquors,0
724,https://www.mdmountainside.com/oscars-restaurant,0
725,https://www.mdmountainside.com/our-farmers-markets,0
726,https://www.mdmountainside.com/outdoors,0
727,https://www.mdmountainside.com/outfitters,0
728,https://www.mdmountainside.com/papa-johns,0
729,https://www.mdmountainside.com/parks-and-forests,0
730,https://www.mdmountainside.com/parkview-liquor-store,0
731,https://www.mdmountainside.com/parris-n-glendening-recreational-complex,0
732,https://www.mdmountainside.com/partners,0
733,https://www.mdmountainside.com/partners/tourism-reinvestment-marketing-grant-program,0
734,https://www.mdmountainside.com/passages-of-the-western-potomac-heritage-area,0
735,https://www.mdmountainside.com/past-perfect--a-bargain-boutique,0
736,https://www.mdmountainside.com/patricks-pub,0
737,https://www.mdmountainside.com/paw-paw-tunnel-tours,0
738,https://www.mdmountainside.com/peppers-overstock-room,0
739,https://www.mdmountainside.com/pet-care,0
740,https://www.mdmountainside.com/pet-wants-mountain-maryland,0
741,https://www.mdmountainside.com/petsmart,0
742,https://www.mdmountainside.com/phantoom-of-the-universe,0
743,https://www.mdmountainside.com/pharmacare-bedford-road,0
744,https://www.mdmountainside.com/pharmacare-of-frostburg,0
745,https://www.mdmountainside.com/pharmacare-west,0
746,https://www.mdmountainside.com/pharmacare-willowbrook,0
747,https://www.mdmountainside.com/phoenix-landing-wellness--art-music-and-holistic-wellness,0
748,https://www.mdmountainside.com/photo-contest,0
749,https://www.mdmountainside.com/photo-contest-submission-confirmation,0
750,https://www.mdmountainside.com/photography-of-parker-reinecker-and-work-of-the-quad-state-bodgers,0
751,https://www.mdmountainside.com/pig-out-in-the-park,0
752,https://www.mdmountainside.com/pig-out-in-the-park-a-backyard-bbq-bash,0
753,https://www.mdmountainside.com/pirates-ahoy,0
754,https://www.mdmountainside.com/pizza-hut,0
755,https://www.mdmountainside.com/pizza-hut2,0
756,https://www.mdmountainside.com/pizza-hut23,0
757,https://www.mdmountainside.com/places-to-stay,0
758,https://www.mdmountainside.com/plan-visit,0
759,https://www.mdmountainside.com/platinum-coach-limousine-service,0
760,https://www.mdmountainside.com/playing-for-pennies-(mcdonald-and-nash)-plus-queen-city-creamery-at-1812-brewery,0
761,https://www.mdmountainside.com/playing-for-pennies-plus-three-great-food-trucks-at-1812-brewery,0
762,https://www.mdmountainside.com/port-west-restaurant,0
763,https://www.mdmountainside.com/potomac-eagle-scenic-railroad,0
764,https://www.mdmountainside.com/potomac-valley-pharmacy,0
765,https://www.mdmountainside.com/powells-auto-parts-towing,0
766,https://www.mdmountainside.com/presents-for-paws,0
767,https://www.mdmountainside.com/press-room,0
768,https://www.mdmountainside.com/princess-restaurant,0
769,https://www.mdmountainside.com/privacy,0
770,https://www.mdmountainside.com/project-rachel-information-session,0
771,https://www.mdmountainside.com/prosperity-united-methodist-church,0
772,https://www.mdmountainside.com/public-reading-the-granny-chronicles,0
773,https://www.mdmountainside.com/puccini-restaurant,0
774,https://www.mdmountainside.com/put-yourself-first,0
775,https://www.mdmountainside.com/quality-inn-suites,0
776,https://www.mdmountainside.com/queen-city-creamery,0
777,https://www.mdmountainside.com/queen-city-film-festival-(qcff)-2018,0
778,https://www.mdmountainside.com/queen-city-flea-market,0
779,https://www.mdmountainside.com/queen-city-motors,0
780,https://www.mdmountainside.com/queen-city-taxi,0
781,https://www.mdmountainside.com/ramada-downtown-cumberland,0
782,https://www.mdmountainside.com/rawlings-united-methodist-church,0
783,https://www.mdmountainside.com/red-ridge-auto-repair,0
784,https://www.mdmountainside.com/rent-a-wreck,0
785,https://www.mdmountainside.com/request-a-guide,0
786,https://www.mdmountainside.com/resources,0
787,https://www.mdmountainside.com/restaurants,0
788,https://www.mdmountainside.com/restaurants?from=1,0
789,https://www.mdmountainside.com/restaurants?from=11,0
790,https://www.mdmountainside.com/restaurants?from=21,0
791,https://www.mdmountainside.com/restaurants?from=31,0
792,https://www.mdmountainside.com/restaurants?from=41,0
793,https://www.mdmountainside.com/restoring-the-american-chestnut-a-research-and-volunteer-effort,0
794,https://www.mdmountainside.com/results,0
795,https://www.mdmountainside.com/results?from=1,0
796,https://www.mdmountainside.com/results?from=101,0
797,https://www.mdmountainside.com/results?from=11,0
798,https://www.mdmountainside.com/results?from=111,0
799,https://www.mdmountainside.com/results?from=121,0
800,https://www.mdmountainside.com/results?from=131,0
801,https://www.mdmountainside.com/results?from=141,0
802,https://www.mdmountainside.com/results?from=151,0
803,https://www.mdmountainside.com/results?from=161,0
804,https://www.mdmountainside.com/results?from=171,0
805,https://www.mdmountainside.com/results?from=181,0
806,https://www.mdmountainside.com/results?from=191,0
807,https://www.mdmountainside.com/results?from=201,0
808,https://www.mdmountainside.com/results?from=21,0
809,https://www.mdmountainside.com/results?from=211,0
810,https://www.mdmountainside.com/results?from=221,0
811,https://www.mdmountainside.com/results?from=231,0
812,https://www.mdmountainside.com/results?from=241,0
813,https://www.mdmountainside.com/results?from=251,0
814,https://www.mdmountainside.com/results?from=261,0
815,https://www.mdmountainside.com/results?from=271,0
816,https://www.mdmountainside.com/results?from=281,0
817,https://www.mdmountainside.com/results?from=291,0
818,https://www.mdmountainside.com/results?from=301,0
819,https://www.mdmountainside.com/results?from=31,0
820,https://www.mdmountainside.com/results?from=311,0
821,https://www.mdmountainside.com/results?from=321,0
822,https://www.mdmountainside.com/results?from=331,0
823,https://www.mdmountainside.com/results?from=341,0
824,https://www.mdmountainside.com/results?from=351,0
825,https://www.mdmountainside.com/results?from=361,0
826,https://www.mdmountainside.com/results?from=371,0
827,https://www.mdmountainside.com/results?from=381,0
828,https://www.mdmountainside.com/results?from=391,0
829,https://www.mdmountainside.com/results?from=401,0
830,https://www.mdmountainside.com/results?from=41,0
831,https://www.mdmountainside.com/results?from=411,0
832,https://www.mdmountainside.com/results?from=421,0
833,https://www.mdmountainside.com/results?from=431,0
834,https://www.mdmountainside.com/results?from=441,0
835,https://www.mdmountainside.com/results?from=451,0
836,https://www.mdmountainside.com/results?from=461,0
837,https://www.mdmountainside.com/results?from=471,0
838,https://www.mdmountainside.com/results?from=481,0
839,https://www.mdmountainside.com/results?from=491,0
840,https://www.mdmountainside.com/results?from=501,0
841,https://www.mdmountainside.com/results?from=51,0
842,https://www.mdmountainside.com/results?from=511,0
843,https://www.mdmountainside.com/results?from=521,0
844,https://www.mdmountainside.com/results?from=531,0
845,https://www.mdmountainside.com/results?from=541,0
846,https://www.mdmountainside.com/results?from=551,0
847,https://www.mdmountainside.com/results?from=561,0
848,https://www.mdmountainside.com/results?from=571,0
849,https://www.mdmountainside.com/results?from=581,0
850,https://www.mdmountainside.com/results?from=591,0
851,https://www.mdmountainside.com/results?from=601,0
852,https://www.mdmountainside.com/results?from=61,0
853,https://www.mdmountainside.com/results?from=611,0
854,https://www.mdmountainside.com/results?from=621,0
855,https://www.mdmountainside.com/results?from=631,0
856,https://www.mdmountainside.com/results?from=641,0
857,https://www.mdmountainside.com/results?from=651,0
858,https://www.mdmountainside.com/results?from=661,0
859,https://www.mdmountainside.com/results?from=671,0
860,https://www.mdmountainside.com/results?from=681,0
861,https://www.mdmountainside.com/results?from=691,0
862,https://www.mdmountainside.com/results?from=71,0
863,https://www.mdmountainside.com/results?from=81,0
864,https://www.mdmountainside.com/results?from=91,0
865,https://www.mdmountainside.com/revisiting-the-lonaconing-silk-mill,0
866,https://www.mdmountainside.com/rio-grande-inc-restaurante-mexican,0
867,https://www.mdmountainside.com/ristorante-ottaviani,0
868,https://www.mdmountainside.com/ritas-ice,0
869,https://www.mdmountainside.com/rite-aid-pharmacy,0
870,https://www.mdmountainside.com/rite-aid-pharmacy-frostburg,0
871,https://www.mdmountainside.com/river-access,0
872,https://www.mdmountainside.com/river-and-rails-festival,0
873,https://www.mdmountainside.com/river-rail-fest,0
874,https://www.mdmountainside.com/river-rail-fest-train,0
875,https://www.mdmountainside.com/riverside-bmx,0
876,https://www.mdmountainside.com/rocktember,0
877,https://www.mdmountainside.com/rocky-gap-casino--lbs-place,0
878,https://www.mdmountainside.com/rocky-gap-casino--on-the-rocks,0
879,https://www.mdmountainside.com/rocky-gap-casino-resort,0
880,https://www.mdmountainside.com/rocky-gap-casino-resort--a-little-munch,0
881,https://www.mdmountainside.com/rocky-gap-casino-resort--lakeside-dining-room,0
882,https://www.mdmountainside.com/rocky-gap-casino-resort--signatures-bar-and-grill,0
883,https://www.mdmountainside.com/rocky-gap-golf-course,0
884,https://www.mdmountainside.com/rocky-gap-state-park,0
885,https://www.mdmountainside.com/rocky-gap-state-park-aviary,0
886,https://www.mdmountainside.com/rocky-gap-state-park-campgrounds,0
887,https://www.mdmountainside.com/roses--cumberland,0
888,https://www.mdmountainside.com/roses--frostburg,0
889,https://www.mdmountainside.com/roy-rogers-restaurant,0
890,https://www.mdmountainside.com/ruby-tuesday,0
891,https://www.mdmountainside.com/rustic-touch,0
892,https://www.mdmountainside.com/sadies,0
893,https://www.mdmountainside.com/salem-united-church-of-christ,0
894,https://www.mdmountainside.com/samhain-the-celtic-origins-of-halloween-fourth-friday-tea,0
895,https://www.mdmountainside.com/sand-springs-saloon-steakhouse,0
896,https://www.mdmountainside.com/savage-fame-paintball-park,0
897,https://www.mdmountainside.com/savage-mountain-punk-festival,0
898,https://www.mdmountainside.com/scents-n-things,0
899,https://www.mdmountainside.com/schoolhouse-kitchen,0
900,https://www.mdmountainside.com/second-baptist-church-sbc,0
901,https://www.mdmountainside.com/seoul-house,0
902,https://www.mdmountainside.com/september-book-group-discussion,0
903,https://www.mdmountainside.com/serenity-garden-labyrinth,0
904,https://www.mdmountainside.com/seventh-day-adventist-church2,0
905,https://www.mdmountainside.com/shakes-n-jazz,0
906,https://www.mdmountainside.com/shaw-mansion-inn,0
907,https://www.mdmountainside.com/sheetz-bedford-road,0
908,https://www.mdmountainside.com/sheetz-convenience-stores,0
909,https://www.mdmountainside.com/sheetz-corriganville,0
910,https://www.mdmountainside.com/sheetz-cresaptown,0
911,https://www.mdmountainside.com/sheetz-frostburg,0
912,https://www.mdmountainside.com/sheetz-green-street,0
913,https://www.mdmountainside.com/sheetz-virginia-avenue,0
914,https://www.mdmountainside.com/sheetz-winchester-road,0
915,https://www.mdmountainside.com/shes-so-pretty,0
916,https://www.mdmountainside.com/shoes-diesel-performance,0
917,https://www.mdmountainside.com/shooters-bar-grill,0
918,https://www.mdmountainside.com/shop-small,0
919,https://www.mdmountainside.com/shop-small-saturday-at-barkin-basement-thrift-shop,0
920,https://www.mdmountainside.com/shop-small-saturday-at-fort-cumberland-emporium,0
921,https://www.mdmountainside.com/shop-small?from=1,0
922,https://www.mdmountainside.com/shop-small?from=11,0
923,https://www.mdmountainside.com/shop-small?from=21,0
924,https://www.mdmountainside.com/shop-small?from=31,0
925,https://www.mdmountainside.com/shop-small?from=41,0
926,https://www.mdmountainside.com/shopping,0
927,https://www.mdmountainside.com/shopping?from=1,0
928,https://www.mdmountainside.com/shopping?from=11,0
929,https://www.mdmountainside.com/shopping?from=21,0
930,https://www.mdmountainside.com/shopping?from=31,0
931,https://www.mdmountainside.com/shopping?from=41,0
932,https://www.mdmountainside.com/shopping?from=51,0
933,https://www.mdmountainside.com/shopping?from=61,0
934,https://www.mdmountainside.com/shopping?from=71,0
935,https://www.mdmountainside.com/shopping?from=81,0
936,https://www.mdmountainside.com/sideling-hill-creek-nature-preserve,0
937,https://www.mdmountainside.com/simplee-kountry,0
938,https://www.mdmountainside.com/simply-formal-,0
939,https://www.mdmountainside.com/sips-for-survivors-at-toasted-goat-winery,0
940,https://www.mdmountainside.com/sitemap,0
941,https://www.mdmountainside.com/sitn-jaw,0
942,https://www.mdmountainside.com/sitn-jaw2,0
943,https://www.mdmountainside.com/sitn-jaw23,0
944,https://www.mdmountainside.com/sitn-jaw234,0
945,https://www.mdmountainside.com/sitn-jaw2345,0
946,https://www.mdmountainside.com/sitn-jaw23456,0
947,https://www.mdmountainside.com/skewers,0
948,https://www.mdmountainside.com/skid-row-in-concert,0
949,https://www.mdmountainside.com/sleep-inn-,0
950,https://www.mdmountainside.com/small-business-saturday-2018,0
951,https://www.mdmountainside.com/smittys-tire-truck-service,0
952,https://www.mdmountainside.com/souls-harbor-church,0
953,https://www.mdmountainside.com/south-cumberland-pharmacy,0
954,https://www.mdmountainside.com/spa-and-wellness,0
955,https://www.mdmountainside.com/special-love-friday-at-1812-brewery,0
956,https://www.mdmountainside.com/specialty-food,0
957,https://www.mdmountainside.com/spectrum-design-services-llc,0
958,https://www.mdmountainside.com/sponaugle-towing,0
959,https://www.mdmountainside.com/spring,0
960,https://www.mdmountainside.com/spring-gap-boat-access,0
961,https://www.mdmountainside.com/spun-from-light-woven-in-silence-paintings-on-glass-by-john-lyon-paul,0
962,https://www.mdmountainside.com/ss-peter-paul-shrine,0
963,https://www.mdmountainside.com/st-ambrose-church,0
964,https://www.mdmountainside.com/st-georges-episcopal-church,0
965,https://www.mdmountainside.com/st-james-episcopal-church,0
966,https://www.mdmountainside.com/st-johns-episcopal-church,0
967,https://www.mdmountainside.com/st-johns-lutheran-church,0
968,https://www.mdmountainside.com/st-lukes-lutheran-church,0
969,https://www.mdmountainside.com/st-marks-community-church,0
970,https://www.mdmountainside.com/st-marys-catholic-church,0
971,https://www.mdmountainside.com/st-matthews-united-church-of-christ,0
972,https://www.mdmountainside.com/st-michaels-catholic-church-,0
973,https://www.mdmountainside.com/st-patricks-catholic-church,0
974,https://www.mdmountainside.com/st-pauls-lutheran-church,0
975,https://www.mdmountainside.com/st-pauls-lutheran-church2,0
976,https://www.mdmountainside.com/st-peters-episcopal-church,0
977,https://www.mdmountainside.com/st-peters-rectory,0
978,https://www.mdmountainside.com/standard-bank,0
979,https://www.mdmountainside.com/standard-bank-cumberland,0
980,https://www.mdmountainside.com/staples,0
981,https://www.mdmountainside.com/station-x-hobby-store,0
982,https://www.mdmountainside.com/steeped-in-traditions,0
983,https://www.mdmountainside.com/sterling-optical,0
984,https://www.mdmountainside.com/steves-pharmacy,0
985,https://www.mdmountainside.com/stonebridge,0
986,https://www.mdmountainside.com/storybook-holiday-2018,0
987,https://www.mdmountainside.com/storytime-at-the-book-center-2018,0
988,https://www.mdmountainside.com/strangerz-acoustic-sob-bbq-and-pink-and-drink-after-party-at-1812,0
989,https://www.mdmountainside.com/submit-an-event,0
990,https://www.mdmountainside.com/subway,0
991,https://www.mdmountainside.com/summer,0
992,https://www.mdmountainside.com/summer-mountain-cluster-dog-shows,0
993,https://www.mdmountainside.com/summer-music-academy,0
994,https://www.mdmountainside.com/summer-of-heritage,0
995,https://www.mdmountainside.com/summer-of-heritage?fbclid=IwAR0moo06v_OU-3wGoZewl-SvxjSS-jlom0rnekFrW6DHc8z7ZmH19gJhFZM,0
996,https://www.mdmountainside.com/summer?fbclid=IwAR1K4yjnGeOUkPo3eTvjxfCu3so8ZCUqV36-F1bzS3_TuSozi-pHoJpNi40,0
997,https://www.mdmountainside.com/summer?fbclid=IwAR2Ugr5VvVQlMkOugHgqmr-uHEs-aVZNXeLs6ymQ9jt0vM8T8kKP_d3nnok,0
998,https://www.mdmountainside.com/summer?fbclid=IwAR2cEfwhwsD1ZRpQaVc3GX5kaHTwSHhsbNVsW6HUvNjbMtsy9-nal0qi210,0
999,https://www.mdmountainside.com/summer?fbclid=IwAR2uc0zc6byAoXy3SjtOYFXkdEeuvinluSMxNzTaAP2-r7sbpuACKQdzf_s,0
1000,https://www.mdmountainside.com/summer?fbclid=IwAR2w5ksyUzICy4r-nL0B1-yiOXfOxNOVG4u8zgFpbLJDQSPJDNegZV1bY78,0
1001,https://www.mdmountainside.com/summer?goal=0_2f4e1e8384-205082d997-245207921&mc_cid=205082d997&mc_eid=52f77e06bd,0
1002,https://www.mdmountainside.com/sunday-in-the-park-concert-series-28-speedway,0
1003,https://www.mdmountainside.com/sunday-in-the-park-concert-series-cramer-brothers,0
1004,https://www.mdmountainside.com/sunday-in-the-park-concert-series-hot-sauce-willie,0
1005,https://www.mdmountainside.com/sunday-in-the-park-concert-series-jazz-in-the-park-with-tom-harrison,0
1006,https://www.mdmountainside.com/sunday-in-the-park-concert-series-not-really-dan--steely-dan-tribute,0
1007,https://www.mdmountainside.com/sunday-in-the-park-concert-series-potomac-concert-band,0
1008,https://www.mdmountainside.com/sunday-in-the-park-concert-series-shades-of-blue,0
1009,https://www.mdmountainside.com/sunday-in-the-park-concert-series-shanty-irish,0
1010,https://www.mdmountainside.com/sunday-in-the-park-concert-series-surrender-dorothy,0
1011,https://www.mdmountainside.com/sunday-in-the-park-concert-series-tarnished-silver,0
1012,https://www.mdmountainside.com/super-8-motel,0
1013,https://www.mdmountainside.com/super-shoes,0
1014,https://www.mdmountainside.com/superhero-adventure-challenge,0
1015,https://www.mdmountainside.com/susquehanna-bank,0
1016,https://www.mdmountainside.com/taco-bell,0
1017,https://www.mdmountainside.com/tech-at-the-gap-igniting-innovation-18,0
1018,https://www.mdmountainside.com/terrys-jewelry,0
1019,https://www.mdmountainside.com/texas-grillhouse,0
1020,https://www.mdmountainside.com/the-acoustic-music-of-charlie-mcclanahan-and-good-carma-catering-at-1812-brewery,0
1021,https://www.mdmountainside.com/the-best-christmas-pageant-ever,0
1022,https://www.mdmountainside.com/the-book-center,0
1023,https://www.mdmountainside.com/the-church-of-saint-patrick,0
1024,https://www.mdmountainside.com/the-churchill-pub-restaurant,0
1025,https://www.mdmountainside.com/the-culinaire-cafe,0
1026,https://www.mdmountainside.com/the-draft-sports-bar-grille,0
1027,https://www.mdmountainside.com/the-edge-of-earth-and-sky,0
1028,https://www.mdmountainside.com/the-fall-foliage-experience-train,0
1029,https://www.mdmountainside.com/the-filling-station-diner,0
1030,https://www.mdmountainside.com/the-froyo-factory,0
1031,https://www.mdmountainside.com/the-gordon-roberts-house,0
1032,https://www.mdmountainside.com/the-greater-cumberland-regional-airport,0
1033,https://www.mdmountainside.com/the-gulf-war-memorial,0
1034,https://www.mdmountainside.com/the-hazen-gallery-at-allegany-college-of-maryland,0
1035,https://www.mdmountainside.com/the-irvin-allen--michael-cresap-museum-inc,0
1036,https://www.mdmountainside.com/the-knot-hole-craft-shop,0
1037,https://www.mdmountainside.com/the-magic-of-vince-a-tribute-to-the-great-houdini,0
1038,https://www.mdmountainside.com/the-manhattan-social,0
1039,https://www.mdmountainside.com/the-outback-lounge,0
1040,https://www.mdmountainside.com/the-palace-theatre,0
1041,https://www.mdmountainside.com/the-plate-scrapers-live-on-the-mccoury-family-stage,0
1042,https://www.mdmountainside.com/the-pros-from-dover-and-klavuhns-family,0
1043,https://www.mdmountainside.com/the-pros-from-dover-and-klavuhns-family-concessions-at-1812-brewery,0
1044,https://www.mdmountainside.com/the-rocky-horror-picture-show-(1975),0
1045,https://www.mdmountainside.com/the-shoe-dept,0
1046,https://www.mdmountainside.com/the-spa-at-rocky-gap-casino-,0
1047,https://www.mdmountainside.com/the-spanish-musical-diaspora-iberia-y-amrica,0
1048,https://www.mdmountainside.com/the-spring-dance-concert,0
1049,https://www.mdmountainside.com/the-strawberry-dog,0
1050,https://www.mdmountainside.com/the-summit,0
1051,https://www.mdmountainside.com/the-tea-cupboard,0
1052,https://www.mdmountainside.com/the-vapor-room,0
1053,https://www.mdmountainside.com/the-vapor-room2,0
1054,https://www.mdmountainside.com/things-to-do,0
1055,https://www.mdmountainside.com/third-friday-dance-session,0
1056,https://www.mdmountainside.com/third-friday-dance-session2,0
1057,https://www.mdmountainside.com/third-friday-dance-session23,0
1058,https://www.mdmountainside.com/thirsty-thursday-game-nights-at-1812,0
1059,https://www.mdmountainside.com/thrasher-carriage-museum,0
1060,https://www.mdmountainside.com/three-guys-guns,0
1061,https://www.mdmountainside.com/timbrook-honda-of-cumberland,0
1062,https://www.mdmountainside.com/tnt-dakota-saloon,0
1063,https://www.mdmountainside.com/to-sing-to-the-lute,0
1064,https://www.mdmountainside.com/to-sing-to-the-lute-cumberland,0
1065,https://www.mdmountainside.com/toasted-goat-and-hotel-gunter-grand-opening-and-ribbon-cutting,0
1066,https://www.mdmountainside.com/toasted-goat-winery-tasting-room,0
1067,https://www.mdmountainside.com/todds-smokin-bar-b-q,0
1068,https://www.mdmountainside.com/top-10-fall-activities,0
1069,https://www.mdmountainside.com/tourism-grant-2019,0
1070,https://www.mdmountainside.com/town-creek-aqueduct-boat-access,0
1071,https://www.mdmountainside.com/town-hill-bed-breakfast,0
1072,https://www.mdmountainside.com/trail-inn-and-campground,0
1073,https://www.mdmountainside.com/trail-inn-lodging-and-campground,0
1074,https://www.mdmountainside.com/trailguide-features-cumberland-md,0
1075,https://www.mdmountainside.com/trails,0
1076,https://www.mdmountainside.com/transportation,0
1077,https://www.mdmountainside.com/transportation?from=1,0
1078,https://www.mdmountainside.com/transportation?from=11,0
1079,https://www.mdmountainside.com/transportation?from=21,0
1080,https://www.mdmountainside.com/transportation?from=31,0
1081,https://www.mdmountainside.com/twisteez-ice-cream,0
1082,https://www.mdmountainside.com/uncle-jacks-pizzeria-pub,0
1083,https://www.mdmountainside.com/union-grove-one-room-schoolhouse,0
1084,https://www.mdmountainside.com/valentines-day-2019,0
1085,https://www.mdmountainside.com/valero,0
1086,https://www.mdmountainside.com/vanmeters-gas-grocery,0
1087,https://www.mdmountainside.com/victorian-creations,0
1088,https://www.mdmountainside.com/vietnam-veterans-of-america-chapter-172-museum,0
1089,https://www.mdmountainside.com/wal-mart-supercenter,0
1090,https://www.mdmountainside.com/walkers-exxon,0
1091,https://www.mdmountainside.com/walmart-supercenter,0
1092,https://www.mdmountainside.com/walmart-vision-center,0
1093,https://www.mdmountainside.com/walsh-mccagh-kellough-pharmacy,0
1094,https://www.mdmountainside.com/warrant-in-concert,0
1095,https://www.mdmountainside.com/warrior-mountain-paintball,0
1096,https://www.mdmountainside.com/wasabi-japanese-cuisine,0
1097,https://www.mdmountainside.com/water-fun,0
1098,https://www.mdmountainside.com/weddings,0
1099,https://www.mdmountainside.com/weinerfest,0
1100,https://www.mdmountainside.com/weinerfest-ii,0
1101,https://www.mdmountainside.com/weinerfest-ii-presents-hot-sauce-willie,0
1102,https://www.mdmountainside.com/weinerfest-ii-presents-queen-city-funk-and-soul,0
1103,https://www.mdmountainside.com/weis-market-mcmullen-hwy,0
1104,https://www.mdmountainside.com/welsh-memorial-baptist-church,0
1105,https://www.mdmountainside.com/wendys-old-fashioned-hamburgers,0
1106,https://www.mdmountainside.com/wendys-old-fashioned-hamburgers-2,0
1107,https://www.mdmountainside.com/western-maryland-animal-hospital,0
1108,https://www.mdmountainside.com/western-maryland-craft-beverage-festival,0
1109,https://www.mdmountainside.com/western-maryland-dermatology,0
1110,https://www.mdmountainside.com/western-maryland-gallery,0
1111,https://www.mdmountainside.com/western-maryland-health-system,0
1112,https://www.mdmountainside.com/western-maryland-music-center,0
1113,https://www.mdmountainside.com/western-maryland-music-festival,0
1114,https://www.mdmountainside.com/western-maryland-railway-station-at-canal-place,0
1115,https://www.mdmountainside.com/western-maryland-scenic-railroad,0
1116,https://www.mdmountainside.com/western-maryland-scenic-railroad-gift-shop,0
1117,https://www.mdmountainside.com/western-md-street-rod-roundup,0
1118,https://www.mdmountainside.com/western-mountains-chapter-of-the-maryland-native-plant-society,0
1119,https://www.mdmountainside.com/westernport-boat-access,0
1120,https://www.mdmountainside.com/westernport-church-of-the-brethren,0
1121,https://www.mdmountainside.com/westernport-heritage-society-station-museum,0
1122,https://www.mdmountainside.com/white-christmas,0
1123,https://www.mdmountainside.com/white-christmas-matinee,0
1124,https://www.mdmountainside.com/wholesome-harvest-co-op,0
1125,https://www.mdmountainside.com/williams-stained-glass-studio,0
1126,https://www.mdmountainside.com/wills-creek-exhibition,0
1127,https://www.mdmountainside.com/window-expressions,0
1128,https://www.mdmountainside.com/winifred-road-church-of-christ,0
1129,https://www.mdmountainside.com/winnies-rock-cauldron-cabaret,0
1130,https://www.mdmountainside.com/winterland-on-the-western-maryland,0
1131,https://www.mdmountainside.com/winters-towing,0
1132,https://www.mdmountainside.com/wmhs-farmers-market,0
1133,https://www.mdmountainside.com/world-war-i-in-your-attic-western-maryland-in-the-first-world-war,0
1134,https://www.mdmountainside.com/worn-out-flannels-and-sweet-dreams-food-truck-at-1812-brewery,0
1135,https://www.mdmountainside.com/worn-out-flannels-plus-chef-pauls-kitchen-at-1812-brewery,0
1136,https://www.mdmountainside.com/yamato-steakhouse-of-japan,0
1137,https://www.mdmountainside.com/yellow-cab-co,0
1138,https://www.mdmountainside.com/yellow-k-records,0
1139,https://www.mdmountainside.com/zula-patrol-down-to-earth,0
