,URL,Indexable,Indexable Status
0,https://www.mdmountainside.com/bars-and-nighttlife?from=1,No,Canonicalized
1,https://www.mdmountainside.com/catering?from=1,No,Canonicalized
2,https://www.mdmountainside.com/churches?from=1,No,Canonicalized
3,https://www.mdmountainside.com/churches?from=51,No,Canonicalized
4,https://www.mdmountainside.com/churches?from=61,No,Canonicalized
5,https://www.mdmountainside.com/churches?from=71,No,Canonicalized
6,https://www.mdmountainside.com/event-calendar?from=1,No,Canonicalized
7,https://www.mdmountainside.com/event-calendar?from=51,No,Canonicalized
8,https://www.mdmountainside.com/event-calendar?from=61,No,Canonicalized
9,https://www.mdmountainside.com/family-fun?from=1,No,Canonicalized
10,https://www.mdmountainside.com/grocery-and-convenience-stores?from=1,No,Canonicalized
11,https://www.mdmountainside.com/history-and-heritage?from=1,No,Canonicalized
12,https://www.mdmountainside.com/hospitals-and-health-care?from=1,No,Canonicalized
13,https://www.mdmountainside.com/restaurants?from=1,No,Canonicalized
14,https://www.mdmountainside.com/results?from=1,No,Canonicalized Noindex
15,https://www.mdmountainside.com/results?from=101,No,Canonicalized Noindex
16,https://www.mdmountainside.com/results?from=111,No,Canonicalized Noindex
17,https://www.mdmountainside.com/results?from=121,No,Canonicalized Noindex
18,https://www.mdmountainside.com/results?from=131,No,Canonicalized Noindex
19,https://www.mdmountainside.com/results?from=141,No,Canonicalized Noindex
20,https://www.mdmountainside.com/results?from=151,No,Canonicalized Noindex
21,https://www.mdmountainside.com/results?from=161,No,Canonicalized Noindex
22,https://www.mdmountainside.com/results?from=171,No,Canonicalized Noindex
23,https://www.mdmountainside.com/results?from=181,No,Canonicalized Noindex
24,https://www.mdmountainside.com/results?from=191,No,Canonicalized Noindex
25,https://www.mdmountainside.com/results?from=201,No,Canonicalized Noindex
26,https://www.mdmountainside.com/results?from=211,No,Canonicalized Noindex
27,https://www.mdmountainside.com/results?from=221,No,Canonicalized Noindex
28,https://www.mdmountainside.com/results?from=231,No,Canonicalized Noindex
29,https://www.mdmountainside.com/results?from=241,No,Canonicalized Noindex
30,https://www.mdmountainside.com/results?from=251,No,Canonicalized Noindex
31,https://www.mdmountainside.com/results?from=261,No,Canonicalized Noindex
32,https://www.mdmountainside.com/results?from=271,No,Canonicalized Noindex
33,https://www.mdmountainside.com/results?from=281,No,Canonicalized Noindex
34,https://www.mdmountainside.com/results?from=291,No,Canonicalized Noindex
35,https://www.mdmountainside.com/results?from=301,No,Canonicalized Noindex
36,https://www.mdmountainside.com/results?from=311,No,Canonicalized Noindex
37,https://www.mdmountainside.com/results?from=321,No,Canonicalized Noindex
38,https://www.mdmountainside.com/results?from=331,No,Canonicalized Noindex
39,https://www.mdmountainside.com/results?from=341,No,Canonicalized Noindex
40,https://www.mdmountainside.com/results?from=351,No,Canonicalized Noindex
41,https://www.mdmountainside.com/results?from=361,No,Canonicalized Noindex
42,https://www.mdmountainside.com/results?from=371,No,Canonicalized Noindex
43,https://www.mdmountainside.com/results?from=381,No,Canonicalized Noindex
44,https://www.mdmountainside.com/results?from=391,No,Canonicalized Noindex
45,https://www.mdmountainside.com/results?from=401,No,Canonicalized Noindex
46,https://www.mdmountainside.com/results?from=411,No,Canonicalized Noindex
47,https://www.mdmountainside.com/results?from=421,No,Canonicalized Noindex
48,https://www.mdmountainside.com/results?from=431,No,Canonicalized Noindex
49,https://www.mdmountainside.com/results?from=441,No,Canonicalized Noindex
50,https://www.mdmountainside.com/results?from=451,No,Canonicalized Noindex
51,https://www.mdmountainside.com/results?from=461,No,Canonicalized Noindex
52,https://www.mdmountainside.com/results?from=471,No,Canonicalized Noindex
53,https://www.mdmountainside.com/results?from=481,No,Canonicalized Noindex
54,https://www.mdmountainside.com/results?from=491,No,Canonicalized Noindex
55,https://www.mdmountainside.com/results?from=501,No,Canonicalized Noindex
56,https://www.mdmountainside.com/results?from=51,No,Canonicalized Noindex
57,https://www.mdmountainside.com/results?from=511,No,Canonicalized Noindex
58,https://www.mdmountainside.com/results?from=521,No,Canonicalized Noindex
59,https://www.mdmountainside.com/results?from=531,No,Canonicalized Noindex
60,https://www.mdmountainside.com/results?from=541,No,Canonicalized Noindex
61,https://www.mdmountainside.com/results?from=551,No,Canonicalized Noindex
62,https://www.mdmountainside.com/results?from=561,No,Canonicalized Noindex
63,https://www.mdmountainside.com/results?from=571,No,Canonicalized Noindex
64,https://www.mdmountainside.com/results?from=581,No,Canonicalized Noindex
65,https://www.mdmountainside.com/results?from=591,No,Canonicalized Noindex
66,https://www.mdmountainside.com/results?from=601,No,Canonicalized Noindex
67,https://www.mdmountainside.com/results?from=61,No,Canonicalized Noindex
68,https://www.mdmountainside.com/results?from=611,No,Canonicalized Noindex
69,https://www.mdmountainside.com/results?from=621,No,Canonicalized Noindex
70,https://www.mdmountainside.com/results?from=631,No,Canonicalized Noindex
71,https://www.mdmountainside.com/results?from=641,No,Canonicalized Noindex
72,https://www.mdmountainside.com/results?from=651,No,Canonicalized Noindex
73,https://www.mdmountainside.com/results?from=661,No,Canonicalized Noindex
74,https://www.mdmountainside.com/results?from=671,No,Canonicalized Noindex
75,https://www.mdmountainside.com/results?from=681,No,Canonicalized Noindex
76,https://www.mdmountainside.com/results?from=691,No,Canonicalized Noindex
77,https://www.mdmountainside.com/results?from=71,No,Canonicalized Noindex
78,https://www.mdmountainside.com/results?from=81,No,Canonicalized Noindex
79,https://www.mdmountainside.com/results?from=91,No,Canonicalized Noindex
80,https://www.mdmountainside.com/shop-small?from=1,No,Canonicalized
81,https://www.mdmountainside.com/shopping?from=1,No,Canonicalized
82,https://www.mdmountainside.com/shopping?from=51,No,Canonicalized
83,https://www.mdmountainside.com/shopping?from=61,No,Canonicalized
84,https://www.mdmountainside.com/shopping?from=71,No,Canonicalized
85,https://www.mdmountainside.com/shopping?from=81,No,Canonicalized
86,https://www.mdmountainside.com/transportation?from=1,No,Canonicalized
