,URL,H1,No. H1s,Indexable
0,https://www.mdmountainside.com/4th-of-july-fireworks,"Allegany County, The Mountain Side of Maryland",2,Yes
1,https://www.mdmountainside.com/Delfest,"Allegany County, The Mountain Side of Maryland",2,Yes
2,https://www.mdmountainside.com/about,"Allegany County, The Mountain Side of Maryland",2,Yes
3,https://www.mdmountainside.com/about-allegany-county-tourism,"Allegany County, The Mountain Side of Maryland",2,Yes
4,https://www.mdmountainside.com/arts-and-culture,"Allegany County, The Mountain Side of Maryland",2,Yes
5,https://www.mdmountainside.com/bars-and-nighttlife,"Allegany County, The Mountain Side of Maryland",2,Yes
6,https://www.mdmountainside.com/bars-and-nighttlife?from=1,"Allegany County, The Mountain Side of Maryland",2,No
7,https://www.mdmountainside.com/bars-and-nighttlife?from=11,"Allegany County, The Mountain Side of Maryland",2,No
8,https://www.mdmountainside.com/bars-and-nighttlife?from=21,"Allegany County, The Mountain Side of Maryland",2,No
9,https://www.mdmountainside.com/bars-and-nighttlife?from=31,"Allegany County, The Mountain Side of Maryland",2,No
10,https://www.mdmountainside.com/bed-and-breakfasts,"Allegany County, The Mountain Side of Maryland",2,Yes
11,https://www.mdmountainside.com/brews-wines-and-spirits,"Allegany County, The Mountain Side of Maryland",2,Yes
12,https://www.mdmountainside.com/byways,"Allegany County, The Mountain Side of Maryland",2,Yes
13,https://www.mdmountainside.com/cabins-and-campgrounds,"Allegany County, The Mountain Side of Maryland",2,Yes
14,https://www.mdmountainside.com/casinos,"Allegany County, The Mountain Side of Maryland",2,Yes
15,https://www.mdmountainside.com/catering,"Allegany County, The Mountain Side of Maryland",2,Yes
16,https://www.mdmountainside.com/catering?from=1,"Allegany County, The Mountain Side of Maryland",2,No
17,https://www.mdmountainside.com/catering?from=21,"Allegany County, The Mountain Side of Maryland",2,No
18,https://www.mdmountainside.com/contact-us,"Allegany County, The Mountain Side of Maryland",2,Yes
19,https://www.mdmountainside.com/contest-home,"Allegany County, The Mountain Side of Maryland",2,Yes
20,https://www.mdmountainside.com/contest-home?fbclid=IwAR0Yfm33iuos4egB5I_YQaD4QFnmVg1go131jwDVa3QpBJGp8pZGkDNIcBA,"Allegany County, The Mountain Side of Maryland",2,No
21,https://www.mdmountainside.com/contest-home?fbclid=IwAR1rqV0KzozimLAq2_V0UGFN8hJRMT7qVLV2usZOSeZkuBEojQT0AGnfeGk,"Allegany County, The Mountain Side of Maryland",2,No
22,https://www.mdmountainside.com/cumberland-dining,"Allegany County, The Mountain Side of Maryland",2,Yes
23,https://www.mdmountainside.com/cycling,"Allegany County, The Mountain Side of Maryland",3,Yes
24,https://www.mdmountainside.com/delfest,"Allegany County, The Mountain Side of Maryland",2,Yes
25,https://www.mdmountainside.com/delfest/resources/transportation,"Allegany County, The Mountain Side of Maryland",2,Yes
26,https://www.mdmountainside.com/eat-and-drink,"Allegany County, The Mountain Side of Maryland",2,Yes
27,https://www.mdmountainside.com/event-calendar,"Allegany County, The Mountain Side of Maryland",2,Yes
28,https://www.mdmountainside.com/event-calendar?fbclid=IwAR1c5PBpdJrqisYi9VKH-lWDHPJ45hTbhBwdiB6_bFQsIo_x-p0IlSzcqYA,"Allegany County, The Mountain Side of Maryland",2,No
29,https://www.mdmountainside.com/event-calendar?from=1,"Allegany County, The Mountain Side of Maryland",2,No
30,https://www.mdmountainside.com/event-calendar?from=11,"Allegany County, The Mountain Side of Maryland",2,No
31,https://www.mdmountainside.com/event-calendar?from=21,"Allegany County, The Mountain Side of Maryland",2,No
32,https://www.mdmountainside.com/event-calendar?from=31,"Allegany County, The Mountain Side of Maryland",2,No
33,https://www.mdmountainside.com/event-calendar?from=41,"Allegany County, The Mountain Side of Maryland",2,No
34,https://www.mdmountainside.com/event-calendar?from=51,"Allegany County, The Mountain Side of Maryland",2,No
35,https://www.mdmountainside.com/event-calendar?from=61,"Allegany County, The Mountain Side of Maryland",2,No
36,https://www.mdmountainside.com/event-submission-confirmation,"Allegany County, The Mountain Side of Maryland",2,Yes
37,https://www.mdmountainside.com/fall-arts,"Allegany County, The Mountain Side of Maryland",2,Yes
38,https://www.mdmountainside.com/family-fun,"Allegany County, The Mountain Side of Maryland",2,Yes
39,https://www.mdmountainside.com/family-fun?from=1,"Allegany County, The Mountain Side of Maryland",2,No
40,https://www.mdmountainside.com/family-fun?from=11,"Allegany County, The Mountain Side of Maryland",2,No
41,https://www.mdmountainside.com/family-fun?from=21,"Allegany County, The Mountain Side of Maryland",2,No
42,https://www.mdmountainside.com/family-fun?from=31,"Allegany County, The Mountain Side of Maryland",2,No
43,https://www.mdmountainside.com/family-fun?from=41,"Allegany County, The Mountain Side of Maryland",2,No
44,https://www.mdmountainside.com/farms,"Allegany County, The Mountain Side of Maryland",2,Yes
45,https://www.mdmountainside.com/fish-and-hunt,"Allegany County, The Mountain Side of Maryland",2,Yes
46,https://www.mdmountainside.com/for-media,"Allegany County, The Mountain Side of Maryland",2,Yes
47,https://www.mdmountainside.com/form-return,"Allegany County, The Mountain Side of Maryland",2,No
48,https://www.mdmountainside.com/getting-around,"Allegany County, The Mountain Side of Maryland",2,Yes
49,https://www.mdmountainside.com/golf,"Allegany County, The Mountain Side of Maryland",2,Yes
50,https://www.mdmountainside.com/history-and-heritage,"Allegany County, The Mountain Side of Maryland",2,Yes
51,https://www.mdmountainside.com/history-and-heritage?from=1,"Allegany County, The Mountain Side of Maryland",2,No
52,https://www.mdmountainside.com/history-and-heritage?from=11,"Allegany County, The Mountain Side of Maryland",2,No
53,https://www.mdmountainside.com/history-and-heritage?from=21,"Allegany County, The Mountain Side of Maryland",2,No
54,https://www.mdmountainside.com/history-and-heritage?from=31,"Allegany County, The Mountain Side of Maryland",2,No
55,https://www.mdmountainside.com/holidays-2018,"Allegany County, The Mountain Side of Maryland",2,Yes
56,https://www.mdmountainside.com/hotels-and-motels,"Allegany County, The Mountain Side of Maryland",2,Yes
57,https://www.mdmountainside.com/inquiry,"Allegany County, The Mountain Side of Maryland",2,Yes
58,https://www.mdmountainside.com/meeting-planners,"Allegany County, The Mountain Side of Maryland",2,Yes
59,https://www.mdmountainside.com/mountain-maryland-photo-contest,"Allegany County, The Mountain Side of Maryland",2,Yes
60,https://www.mdmountainside.com/our-farmers-markets,"Allegany County, The Mountain Side of Maryland",2,Yes
61,https://www.mdmountainside.com/outdoors,"Allegany County, The Mountain Side of Maryland",2,Yes
62,https://www.mdmountainside.com/outfitters,"Allegany County, The Mountain Side of Maryland",2,Yes
63,https://www.mdmountainside.com/parks-and-forests,"Allegany County, The Mountain Side of Maryland",2,Yes
64,https://www.mdmountainside.com/partners,"Allegany County, The Mountain Side of Maryland",2,Yes
65,https://www.mdmountainside.com/partners/tourism-reinvestment-marketing-grant-program,"Allegany County, The Mountain Side of Maryland",2,Yes
66,https://www.mdmountainside.com/passages-of-the-western-potomac-heritage-area,"Allegany County, The Mountain Side of Maryland",2,Yes
67,https://www.mdmountainside.com/photo-contest,"Allegany County, The Mountain Side of Maryland",2,Yes
68,https://www.mdmountainside.com/photo-contest-submission-confirmation,"Allegany County, The Mountain Side of Maryland",2,Yes
69,https://www.mdmountainside.com/places-to-stay,"Allegany County, The Mountain Side of Maryland",2,Yes
70,https://www.mdmountainside.com/plan-visit,"Allegany County, The Mountain Side of Maryland",2,Yes
71,https://www.mdmountainside.com/press-room,"Allegany County, The Mountain Side of Maryland",2,Yes
72,https://www.mdmountainside.com/privacy,"Allegany County, The Mountain Side of Maryland",2,Yes
73,https://www.mdmountainside.com/request-a-guide,"Allegany County, The Mountain Side of Maryland",2,Yes
74,https://www.mdmountainside.com/resources,"Allegany County, The Mountain Side of Maryland",2,Yes
75,https://www.mdmountainside.com/restaurants,"Allegany County, The Mountain Side of Maryland",2,Yes
76,https://www.mdmountainside.com/restaurants?from=1,"Allegany County, The Mountain Side of Maryland",2,No
77,https://www.mdmountainside.com/restaurants?from=11,"Allegany County, The Mountain Side of Maryland",2,No
78,https://www.mdmountainside.com/restaurants?from=21,"Allegany County, The Mountain Side of Maryland",2,No
79,https://www.mdmountainside.com/restaurants?from=31,"Allegany County, The Mountain Side of Maryland",2,No
80,https://www.mdmountainside.com/restaurants?from=41,"Allegany County, The Mountain Side of Maryland",2,No
81,https://www.mdmountainside.com/results,"Allegany County, The Mountain Side of Maryland",2,No
82,https://www.mdmountainside.com/results?from=1,"Allegany County, The Mountain Side of Maryland",2,No
83,https://www.mdmountainside.com/results?from=101,"Allegany County, The Mountain Side of Maryland",2,No
84,https://www.mdmountainside.com/results?from=11,"Allegany County, The Mountain Side of Maryland",2,No
85,https://www.mdmountainside.com/results?from=111,"Allegany County, The Mountain Side of Maryland",2,No
86,https://www.mdmountainside.com/results?from=121,"Allegany County, The Mountain Side of Maryland",2,No
87,https://www.mdmountainside.com/results?from=131,"Allegany County, The Mountain Side of Maryland",2,No
88,https://www.mdmountainside.com/results?from=141,"Allegany County, The Mountain Side of Maryland",2,No
89,https://www.mdmountainside.com/results?from=151,"Allegany County, The Mountain Side of Maryland",2,No
90,https://www.mdmountainside.com/results?from=161,"Allegany County, The Mountain Side of Maryland",2,No
91,https://www.mdmountainside.com/results?from=171,"Allegany County, The Mountain Side of Maryland",2,No
92,https://www.mdmountainside.com/results?from=181,"Allegany County, The Mountain Side of Maryland",2,No
93,https://www.mdmountainside.com/results?from=191,"Allegany County, The Mountain Side of Maryland",2,No
94,https://www.mdmountainside.com/results?from=201,"Allegany County, The Mountain Side of Maryland",2,No
95,https://www.mdmountainside.com/results?from=21,"Allegany County, The Mountain Side of Maryland",2,No
96,https://www.mdmountainside.com/results?from=211,"Allegany County, The Mountain Side of Maryland",2,No
97,https://www.mdmountainside.com/results?from=221,"Allegany County, The Mountain Side of Maryland",2,No
98,https://www.mdmountainside.com/results?from=231,"Allegany County, The Mountain Side of Maryland",2,No
99,https://www.mdmountainside.com/results?from=241,"Allegany County, The Mountain Side of Maryland",2,No
100,https://www.mdmountainside.com/results?from=251,"Allegany County, The Mountain Side of Maryland",2,No
101,https://www.mdmountainside.com/results?from=261,"Allegany County, The Mountain Side of Maryland",2,No
102,https://www.mdmountainside.com/results?from=271,"Allegany County, The Mountain Side of Maryland",2,No
103,https://www.mdmountainside.com/results?from=281,"Allegany County, The Mountain Side of Maryland",2,No
104,https://www.mdmountainside.com/results?from=291,"Allegany County, The Mountain Side of Maryland",2,No
105,https://www.mdmountainside.com/results?from=301,"Allegany County, The Mountain Side of Maryland",2,No
106,https://www.mdmountainside.com/results?from=31,"Allegany County, The Mountain Side of Maryland",2,No
107,https://www.mdmountainside.com/results?from=311,"Allegany County, The Mountain Side of Maryland",2,No
108,https://www.mdmountainside.com/results?from=321,"Allegany County, The Mountain Side of Maryland",2,No
109,https://www.mdmountainside.com/results?from=331,"Allegany County, The Mountain Side of Maryland",2,No
110,https://www.mdmountainside.com/results?from=341,"Allegany County, The Mountain Side of Maryland",2,No
111,https://www.mdmountainside.com/results?from=351,"Allegany County, The Mountain Side of Maryland",2,No
112,https://www.mdmountainside.com/results?from=361,"Allegany County, The Mountain Side of Maryland",2,No
113,https://www.mdmountainside.com/results?from=371,"Allegany County, The Mountain Side of Maryland",2,No
114,https://www.mdmountainside.com/results?from=381,"Allegany County, The Mountain Side of Maryland",2,No
115,https://www.mdmountainside.com/results?from=391,"Allegany County, The Mountain Side of Maryland",2,No
116,https://www.mdmountainside.com/results?from=401,"Allegany County, The Mountain Side of Maryland",2,No
117,https://www.mdmountainside.com/results?from=41,"Allegany County, The Mountain Side of Maryland",2,No
118,https://www.mdmountainside.com/results?from=411,"Allegany County, The Mountain Side of Maryland",2,No
119,https://www.mdmountainside.com/results?from=421,"Allegany County, The Mountain Side of Maryland",2,No
120,https://www.mdmountainside.com/results?from=431,"Allegany County, The Mountain Side of Maryland",2,No
121,https://www.mdmountainside.com/results?from=441,"Allegany County, The Mountain Side of Maryland",2,No
122,https://www.mdmountainside.com/results?from=451,"Allegany County, The Mountain Side of Maryland",2,No
123,https://www.mdmountainside.com/results?from=461,"Allegany County, The Mountain Side of Maryland",2,No
124,https://www.mdmountainside.com/results?from=471,"Allegany County, The Mountain Side of Maryland",2,No
125,https://www.mdmountainside.com/results?from=481,"Allegany County, The Mountain Side of Maryland",2,No
126,https://www.mdmountainside.com/results?from=491,"Allegany County, The Mountain Side of Maryland",2,No
127,https://www.mdmountainside.com/results?from=501,"Allegany County, The Mountain Side of Maryland",2,No
128,https://www.mdmountainside.com/results?from=51,"Allegany County, The Mountain Side of Maryland",2,No
129,https://www.mdmountainside.com/results?from=511,"Allegany County, The Mountain Side of Maryland",2,No
130,https://www.mdmountainside.com/results?from=521,"Allegany County, The Mountain Side of Maryland",2,No
131,https://www.mdmountainside.com/results?from=531,"Allegany County, The Mountain Side of Maryland",2,No
132,https://www.mdmountainside.com/results?from=541,"Allegany County, The Mountain Side of Maryland",2,No
133,https://www.mdmountainside.com/results?from=551,"Allegany County, The Mountain Side of Maryland",2,No
134,https://www.mdmountainside.com/results?from=561,"Allegany County, The Mountain Side of Maryland",2,No
135,https://www.mdmountainside.com/results?from=571,"Allegany County, The Mountain Side of Maryland",2,No
136,https://www.mdmountainside.com/results?from=581,"Allegany County, The Mountain Side of Maryland",2,No
137,https://www.mdmountainside.com/results?from=591,"Allegany County, The Mountain Side of Maryland",2,No
138,https://www.mdmountainside.com/results?from=601,"Allegany County, The Mountain Side of Maryland",2,No
139,https://www.mdmountainside.com/results?from=61,"Allegany County, The Mountain Side of Maryland",2,No
140,https://www.mdmountainside.com/results?from=611,"Allegany County, The Mountain Side of Maryland",2,No
141,https://www.mdmountainside.com/results?from=621,"Allegany County, The Mountain Side of Maryland",2,No
142,https://www.mdmountainside.com/results?from=631,"Allegany County, The Mountain Side of Maryland",2,No
143,https://www.mdmountainside.com/results?from=641,"Allegany County, The Mountain Side of Maryland",2,No
144,https://www.mdmountainside.com/results?from=651,"Allegany County, The Mountain Side of Maryland",2,No
145,https://www.mdmountainside.com/results?from=661,"Allegany County, The Mountain Side of Maryland",2,No
146,https://www.mdmountainside.com/results?from=671,"Allegany County, The Mountain Side of Maryland",2,No
147,https://www.mdmountainside.com/results?from=681,"Allegany County, The Mountain Side of Maryland",2,No
148,https://www.mdmountainside.com/results?from=691,"Allegany County, The Mountain Side of Maryland",2,No
149,https://www.mdmountainside.com/results?from=71,"Allegany County, The Mountain Side of Maryland",2,No
150,https://www.mdmountainside.com/results?from=81,"Allegany County, The Mountain Side of Maryland",2,No
151,https://www.mdmountainside.com/results?from=91,"Allegany County, The Mountain Side of Maryland",2,No
152,https://www.mdmountainside.com/river-access,"Allegany County, The Mountain Side of Maryland",2,Yes
153,https://www.mdmountainside.com/shop-small,"Allegany County, The Mountain Side of Maryland",2,Yes
154,https://www.mdmountainside.com/shop-small?from=1,"Allegany County, The Mountain Side of Maryland",2,No
155,https://www.mdmountainside.com/shop-small?from=11,"Allegany County, The Mountain Side of Maryland",2,No
156,https://www.mdmountainside.com/shop-small?from=21,"Allegany County, The Mountain Side of Maryland",2,No
157,https://www.mdmountainside.com/shop-small?from=31,"Allegany County, The Mountain Side of Maryland",2,No
158,https://www.mdmountainside.com/shop-small?from=41,"Allegany County, The Mountain Side of Maryland",2,No
159,https://www.mdmountainside.com/shopping,"Allegany County, The Mountain Side of Maryland",2,Yes
160,https://www.mdmountainside.com/shopping?from=1,"Allegany County, The Mountain Side of Maryland",2,No
161,https://www.mdmountainside.com/shopping?from=11,"Allegany County, The Mountain Side of Maryland",2,No
162,https://www.mdmountainside.com/shopping?from=21,"Allegany County, The Mountain Side of Maryland",2,No
163,https://www.mdmountainside.com/shopping?from=31,"Allegany County, The Mountain Side of Maryland",2,No
164,https://www.mdmountainside.com/shopping?from=41,"Allegany County, The Mountain Side of Maryland",2,No
165,https://www.mdmountainside.com/shopping?from=51,"Allegany County, The Mountain Side of Maryland",2,No
166,https://www.mdmountainside.com/shopping?from=61,"Allegany County, The Mountain Side of Maryland",2,No
167,https://www.mdmountainside.com/shopping?from=71,"Allegany County, The Mountain Side of Maryland",2,No
168,https://www.mdmountainside.com/shopping?from=81,"Allegany County, The Mountain Side of Maryland",2,No
169,https://www.mdmountainside.com/spa-and-wellness,"Allegany County, The Mountain Side of Maryland",2,Yes
170,https://www.mdmountainside.com/specialty-food,"Allegany County, The Mountain Side of Maryland",2,Yes
171,https://www.mdmountainside.com/spring,"Allegany County, The Mountain Side of Maryland",2,Yes
172,https://www.mdmountainside.com/submit-an-event,"Allegany County, The Mountain Side of Maryland",2,Yes
173,https://www.mdmountainside.com/summer,"Allegany County, The Mountain Side of Maryland",2,Yes
174,https://www.mdmountainside.com/summer-of-heritage,"Allegany County, The Mountain Side of Maryland",2,Yes
175,https://www.mdmountainside.com/summer-of-heritage?fbclid=IwAR0moo06v_OU-3wGoZewl-SvxjSS-jlom0rnekFrW6DHc8z7ZmH19gJhFZM,"Allegany County, The Mountain Side of Maryland",2,No
176,https://www.mdmountainside.com/summer?fbclid=IwAR1K4yjnGeOUkPo3eTvjxfCu3so8ZCUqV36-F1bzS3_TuSozi-pHoJpNi40,"Allegany County, The Mountain Side of Maryland",2,No
177,https://www.mdmountainside.com/summer?fbclid=IwAR2Ugr5VvVQlMkOugHgqmr-uHEs-aVZNXeLs6ymQ9jt0vM8T8kKP_d3nnok,"Allegany County, The Mountain Side of Maryland",2,No
178,https://www.mdmountainside.com/summer?fbclid=IwAR2cEfwhwsD1ZRpQaVc3GX5kaHTwSHhsbNVsW6HUvNjbMtsy9-nal0qi210,"Allegany County, The Mountain Side of Maryland",2,No
179,https://www.mdmountainside.com/summer?fbclid=IwAR2uc0zc6byAoXy3SjtOYFXkdEeuvinluSMxNzTaAP2-r7sbpuACKQdzf_s,"Allegany County, The Mountain Side of Maryland",2,No
180,https://www.mdmountainside.com/summer?fbclid=IwAR2w5ksyUzICy4r-nL0B1-yiOXfOxNOVG4u8zgFpbLJDQSPJDNegZV1bY78,"Allegany County, The Mountain Side of Maryland",2,No
181,https://www.mdmountainside.com/summer?goal=0_2f4e1e8384-205082d997-245207921&mc_cid=205082d997&mc_eid=52f77e06bd,"Allegany County, The Mountain Side of Maryland",2,No
182,https://www.mdmountainside.com/the-summit,"Allegany County, The Mountain Side of Maryland",2,Yes
183,https://www.mdmountainside.com/things-to-do,"Allegany County, The Mountain Side of Maryland",2,Yes
184,https://www.mdmountainside.com/trails,"Allegany County, The Mountain Side of Maryland",2,Yes
185,https://www.mdmountainside.com/valentines-day-2019,"Allegany County, The Mountain Side of Maryland",2,Yes
186,https://www.mdmountainside.com/water-fun,"Allegany County, The Mountain Side of Maryland",2,Yes
187,https://www.mdmountainside.com/weddings,"Allegany County, The Mountain Side of Maryland",2,Yes
