,URL,Loads Critical CSS
0,https://www.mdmountainside.com/,No
1,https://www.mdmountainside.com/10th-annual-mountain-maryland-plein-air,No
2,https://www.mdmountainside.com/1812-brewery,No
3,https://www.mdmountainside.com/1812-brewery-farmerscraftsflea-market,No
4,https://www.mdmountainside.com/1812-brewery-farmerscraftsflea-market2,No
5,https://www.mdmountainside.com/1812-brewery-farmerscraftsflea-market23,No
6,https://www.mdmountainside.com/1812-brewery-farmerscraftsflea-market234,No
7,https://www.mdmountainside.com/1812-brewery-holiday-flea-market-and-brunch-with-santa,No
8,https://www.mdmountainside.com/1812-brewery-presents-musician-gibb-cochrum-and-food-by-chef-pauls-kitchen,No
9,https://www.mdmountainside.com/1812-brewery-presents-musician-jacob-blank-and-bbq-beast,No
10,https://www.mdmountainside.com/1812-octobeerfest-dinner-with-good-carma-catering,No
11,https://www.mdmountainside.com/1812s-howl-o-ween-party,No
12,https://www.mdmountainside.com/18th-annual-labor-day-supercruise,No
13,https://www.mdmountainside.com/1978-bishop-walsh-city-championship-football-reunion-with-night-traveler-and-wamba-caravan-89,No
14,https://www.mdmountainside.com/2018-cumberland-holiday-historic-home-tour,No
15,https://www.mdmountainside.com/2018-halloween-bash-with-rubix-kube,No
16,https://www.mdmountainside.com/2018-western-maryland-kidney-ride,No
17,https://www.mdmountainside.com/2019-destination-guide,No
18,https://www.mdmountainside.com/2nd-annual-ugly-christmas-sweater-party-at-1812-brewery,No
19,https://www.mdmountainside.com/2nd-annual-ymca-dragons-on-the-lake,No
20,https://www.mdmountainside.com/30th-annual-iron-furnace-5k-and-fun-walk,No
21,https://www.mdmountainside.com/32nd-annual-coney-days-coney-days-campfire,No
22,https://www.mdmountainside.com/32nd-annual-coney-days-sunday-in-the-park,No
23,https://www.mdmountainside.com/3m-challenge-bike-ride,No
24,https://www.mdmountainside.com/4th-annual-brush-tunnel-marathon-and-half-marathon,No
25,https://www.mdmountainside.com/4th-of-july-fireworks,No
26,https://www.mdmountainside.com/5th-annual-gap-marathon-and-half-marathon,No
27,https://www.mdmountainside.com/5th-annual-howards-run-festival,No
28,https://www.mdmountainside.com/5th-last-dale-murray-memorial-benefit-motorcycle-ride,No
29,https://www.mdmountainside.com/69th-annual-south-cumberland-business-and-civic-association-marsha-l-thomas-memorial-halloween-parade,No
30,https://www.mdmountainside.com/7-cs-lodging,No
31,https://www.mdmountainside.com/9-decatur-guest-house-and-hostel,No
32,https://www.mdmountainside.com/9-north-centre-for-the-arts,No
33,https://www.mdmountainside.com/?fbclid=IwAR0IxhFOSItNOypFXaMzorh3kQ0vL5fw3XBhO8MYsh2VH9agoIAQJlBifyw,No
34,https://www.mdmountainside.com/Delfest,No
35,https://www.mdmountainside.com/a-festival-of-lessons-and-carols-for-christmas,No
36,https://www.mdmountainside.com/about,No
37,https://www.mdmountainside.com/about-allegany-county-tourism,No
38,https://www.mdmountainside.com/accent-on-health-chiropractic-massage,No
39,https://www.mdmountainside.com/acre-coworking,No
40,https://www.mdmountainside.com/al-gar-federal-credit-union,No
41,https://www.mdmountainside.com/aldi-grocery-store,No
42,https://www.mdmountainside.com/ali-ghan-shrine-club,No
43,https://www.mdmountainside.com/allegania,No
44,https://www.mdmountainside.com/allegany-arts-council,No
45,https://www.mdmountainside.com/allegany-chiropractic-center,No
46,https://www.mdmountainside.com/allegany-college-of-maryland,No
47,https://www.mdmountainside.com/allegany-county-fair-ag-expo,No
48,https://www.mdmountainside.com/allegany-county-fairgrounds,No
49,https://www.mdmountainside.com/allegany-county-library-system,No
50,https://www.mdmountainside.com/allegany-county-march-for-babies,No
51,https://www.mdmountainside.com/allegany-county-restaurant-week,No
52,https://www.mdmountainside.com/allegany-county-restaurant-week-2018,No
53,https://www.mdmountainside.com/allegany-county-schools,No
54,https://www.mdmountainside.com/allegany-county-teachers-credit-union,No
55,https://www.mdmountainside.com/allegany-county-transit-,No
56,https://www.mdmountainside.com/allegany-county-visitor-center,No
57,https://www.mdmountainside.com/allegany-liquor-store,No
58,https://www.mdmountainside.com/allegany-museum,No
59,https://www.mdmountainside.com/allegheny-trail-house-bed-breakfast,No
60,https://www.mdmountainside.com/alpacas-at-rivers-edge-farm,No
61,https://www.mdmountainside.com/an-evening-at-1812-with-gibb-cochrum-and-mighty-kimchi-food-truck,No
62,https://www.mdmountainside.com/annies-sleep-center,No
63,https://www.mdmountainside.com/appalachia-awakening,No
64,https://www.mdmountainside.com/appalachian-festival,No
65,https://www.mdmountainside.com/appels-gateway,No
66,https://www.mdmountainside.com/applebees-restaurant,No
67,https://www.mdmountainside.com/apples-east-coast-motorcycle-rally,No
68,https://www.mdmountainside.com/arbys,No
69,https://www.mdmountainside.com/ark-candles-soaps,No
70,https://www.mdmountainside.com/around-the-back-family-chiropractic,No
71,https://www.mdmountainside.com/art-exhibit-by-sheri-sensabaugh-the-fabric-of-my-life,No
72,https://www.mdmountainside.com/art-exhibition-art-and-soul-ii-by-susan-g-devan,No
73,https://www.mdmountainside.com/arts-and-culture,No
74,https://www.mdmountainside.com/aspen-dental,No
75,https://www.mdmountainside.com/azads-of-cumberland-at-the-qashqai-gallery,No
76,https://www.mdmountainside.com/b-rads-pizza,No
77,https://www.mdmountainside.com/back-by-popular-demand-the-fly-birds,No
78,https://www.mdmountainside.com/baltimore-street-collectibles,No
79,https://www.mdmountainside.com/baltimore-street-grill,No
80,https://www.mdmountainside.com/banana-leaf,No
81,https://www.mdmountainside.com/banks,No
82,https://www.mdmountainside.com/barbaras-hallmark,No
83,https://www.mdmountainside.com/bark4life,No
84,https://www.mdmountainside.com/barkin-basement-thrift-shop,No
85,https://www.mdmountainside.com/barkin-basement-thrift-shop-sidewalk-sale,No
86,https://www.mdmountainside.com/bars-and-nighttlife,No
87,https://www.mdmountainside.com/bars-and-nighttlife?from=1,No
88,https://www.mdmountainside.com/bars-and-nighttlife?from=11,No
89,https://www.mdmountainside.com/bars-and-nighttlife?from=21,No
90,https://www.mdmountainside.com/bars-and-nighttlife?from=31,No
91,https://www.mdmountainside.com/bartons-towing-auto-service,No
92,https://www.mdmountainside.com/basecamp-coffee-company,No
93,https://www.mdmountainside.com/baxters-gourmet-catering,No
94,https://www.mdmountainside.com/bay-runner-shuttle,No
95,https://www.mdmountainside.com/bb-country-meats,No
96,https://www.mdmountainside.com/beckmans-greene-street-pharmacy-inc,No
97,https://www.mdmountainside.com/bed-and-breakfasts,No
98,https://www.mdmountainside.com/beer-pairing-dinner-featuring-1812-brewery-and-good-carma-catering,No
99,https://www.mdmountainside.com/beer-wine-spirits-,No
100,https://www.mdmountainside.com/beginnings-montessori,No
101,https://www.mdmountainside.com/ber-chayim-temple-,No
102,https://www.mdmountainside.com/best-of-the-blue-ridge-2019,No
103,https://www.mdmountainside.com/best-western-braddock,No
104,https://www.mdmountainside.com/bethel-holiness-church,No
105,https://www.mdmountainside.com/big-lots,No
106,https://www.mdmountainside.com/bills-place,No
107,https://www.mdmountainside.com/black-guy-fawkes-on-stage-at-1812-brewery,No
108,https://www.mdmountainside.com/black-guy-fawkes-plus-good-carma-catering-at-1812-brewery,No
109,https://www.mdmountainside.com/black-oak-bottom-boat-access,No
110,https://www.mdmountainside.com/blog,No
111,https://www.mdmountainside.com/blog/allegany-county-ice-cream-trail,No
112,https://www.mdmountainside.com/blog/best-places-to-cool-off,No
113,https://www.mdmountainside.com/blog/cumberland-historic-walking-tour,No
114,https://www.mdmountainside.com/blog/favorite-places-for-a-warm-drink-on-a-cold-day,No
115,https://www.mdmountainside.com/blog/happy-mlb-opening-day,No
116,https://www.mdmountainside.com/blog/he-really-did-sleep-here-george-washington-in-allegany-county,No
117,https://www.mdmountainside.com/blog/love-is-in-the-mountain-maryland-air,No
118,https://www.mdmountainside.com/blog/made-in-allegany-county-md,No
119,https://www.mdmountainside.com/blog/mothers-day-in-mountain-maryland,No
120,https://www.mdmountainside.com/blog/mountain-maryland-easter-egg-hunts,No
121,https://www.mdmountainside.com/blog/must-do-winter-activities,No
122,https://www.mdmountainside.com/blog/national-day-of-unplugging,No
123,https://www.mdmountainside.com/blog/plan-for-vacation-day,No
124,https://www.mdmountainside.com/blog/spooktacular-halloween-activities-2018,No
125,https://www.mdmountainside.com/blog/spring-bucket-list,No
126,https://www.mdmountainside.com/blog/summer-bucket-list,No
127,https://www.mdmountainside.com/blog/summer-of-music,No
128,https://www.mdmountainside.com/blog/summer-of-music?fbclid=IwAR1Hog0BuyYL_dcQyw_yV4bncwFB8MrkfYI6vd2F7_da1zT4sOjoxsZ3Lp0,No
129,https://www.mdmountainside.com/blog/summer-of-music?fbclid=IwAR1v_T9fc8LNOhnJY5SIfDnMCo8zbeXRsnIJA4K8ILLLlF0HjzE6NPlEJIs,No
130,https://www.mdmountainside.com/blog/summer-of-music?fbclid=IwAR2-ZCnKWpZF_txfXMyAGV8zRybLsGRgWDqxGNut5pdugmrOFEfJIhHG3Xw,No
131,https://www.mdmountainside.com/blog/summer-of-music?fbclid=IwAR3EnxNgUTGEAaJ7b3a_AK2ejOeEeOW1qlbPJHj3z7TTWaFfHOKnimDbKLw,No
132,https://www.mdmountainside.com/blog/summer-of-music?fbclid=IwAR3LB-0kOWqXkWVnYjb_-1o4BMJ2NV3j24SLJvCewVd9Xs6ZPEdRxs0osvM,No
133,https://www.mdmountainside.com/blog/top-activities-for-the-whole-family,No
134,https://www.mdmountainside.com/blog/top-five-reasons-to-bike-allegany-county-md,No
135,https://www.mdmountainside.com/blog/top-places-for-a-great-margarita-in-allegany-county-md,No
136,https://www.mdmountainside.com/blog/top-places-to-dine-al-fresco-allegany-county-the-mountain-side-of-maryland,No
137,https://www.mdmountainside.com/blog/unforgettable-leaf-peeping-locations,No
138,https://www.mdmountainside.com/blog/why-do-you-enjoy-cycling-in-mountain-maryland,No
139,https://www.mdmountainside.com/blog/your-guide-to-small-business-saturday,No
140,https://www.mdmountainside.com/blue-highway-concert,No
141,https://www.mdmountainside.com/bob-evans-restaurant-,No
142,https://www.mdmountainside.com/bonds-landing-boat-access,No
143,https://www.mdmountainside.com/breakfast-with-the-elves-2018,No
144,https://www.mdmountainside.com/brews-wines-and-spirits,No
145,https://www.mdmountainside.com/buckleys-24-hr-towing,No
146,https://www.mdmountainside.com/buffalo-wild-wings,No
147,https://www.mdmountainside.com/busters-treats,No
148,https://www.mdmountainside.com/buttercup-boutique,No
149,https://www.mdmountainside.com/byways,No
150,https://www.mdmountainside.com/c-o-canal-national-park-camping,No
151,https://www.mdmountainside.com/c-william-gilchrist-gallery-and-museum,No
152,https://www.mdmountainside.com/cabins-and-campgrounds,No
153,https://www.mdmountainside.com/cafe-mark,No
154,https://www.mdmountainside.com/calvary-baptist-church-calvary-christian-academy,No
155,https://www.mdmountainside.com/calvary-bible-church--independent-baptist,No
156,https://www.mdmountainside.com/camp-potomac,No
157,https://www.mdmountainside.com/canal-boat-replica-the-cumberland,No
158,https://www.mdmountainside.com/canal-place-farmers-market,No
159,https://www.mdmountainside.com/canal-place-heritage-park,No
160,https://www.mdmountainside.com/canine-couture,No
161,https://www.mdmountainside.com/caporales-bakery-inc,No
162,https://www.mdmountainside.com/cartridges-galore,No
163,https://www.mdmountainside.com/casinos,No
164,https://www.mdmountainside.com/catering,No
165,https://www.mdmountainside.com/catering?from=1,No
166,https://www.mdmountainside.com/catering?from=21,No
167,https://www.mdmountainside.com/centenary-united-methodist-church,No
168,https://www.mdmountainside.com/central-assembly-of-god,No
169,https://www.mdmountainside.com/ces-at-frostburg-state-university,No
170,https://www.mdmountainside.com/ces-at-frostburg-state-university-presents-1st-project,No
171,https://www.mdmountainside.com/ces-at-frostburg-state-university-presents-an-evening-with-jo-dee-messina,No
172,https://www.mdmountainside.com/ces-at-frostburg-state-university-presents-banda-magda,No
173,https://www.mdmountainside.com/ces-at-frostburg-state-university-presents-carol-of-the-king-the-irish-dance-christmas-spectacular,No
174,https://www.mdmountainside.com/ces-at-frostburg-state-university-presents-catapult-the-amazing-magic-of-shadow-dance,No
175,https://www.mdmountainside.com/ces-at-frostburg-state-university-presents-christian-sands-trio,No
176,https://www.mdmountainside.com/ces-at-frostburg-state-university-presents-cirque-flip-fabrique-in-blizzard,No
177,https://www.mdmountainside.com/ces-at-frostburg-state-university-presents-cirque-mei-elite-circus-artists-and-acrobats-of-hebei-china,No
178,https://www.mdmountainside.com/ces-at-frostburg-state-university-presents-crys-matthews,No
179,https://www.mdmountainside.com/ces-at-frostburg-state-university-presents-crys-matthews-workshop-sing-dont-shout-an-alternative-approach,No
180,https://www.mdmountainside.com/ces-at-frostburg-state-university-presents-derek-brown-featuring-fsu-jazz-orchestra-and-faculty,No
181,https://www.mdmountainside.com/ces-at-frostburg-state-university-presents-ghost-note,No
182,https://www.mdmountainside.com/ces-at-frostburg-state-university-presents-jeff-coffin-and-roy-wooten,No
183,https://www.mdmountainside.com/ces-at-frostburg-state-university-presents-kaia-kater-with-anna-and-elizabeth,No
184,https://www.mdmountainside.com/ces-at-frostburg-state-university-presents-malamanya,No
185,https://www.mdmountainside.com/ces-at-frostburg-state-university-presents-maryland-symphony-orchestra-immortal-mozart-schuberts-fifth-symphony,No
186,https://www.mdmountainside.com/ces-at-frostburg-state-university-presents-maryland-symphony-orchestra-in-the-american-symphony,No
187,https://www.mdmountainside.com/ces-at-frostburg-state-university-presents-ren-marie-and-experiment-in-truth,No
188,https://www.mdmountainside.com/ces-at-frostburg-state-university-presents-russian-national-ballet-in-don-quixote,No
189,https://www.mdmountainside.com/ces-at-frostburg-state-university-presents-russian-national-ballet-in-giselle,No
190,https://www.mdmountainside.com/ces-at-frostburg-state-university-presents-six-appeal,No
191,https://www.mdmountainside.com/ces-at-frostburg-state-university-presents-songs-of-ireland-a-celtic-celebration,No
192,https://www.mdmountainside.com/ces-at-frostburg-state-university-presents-stacey-kay,No
193,https://www.mdmountainside.com/ces-at-frostburg-state-university-presents-terry-barber-countertenor-in-christmas-presence,No
194,https://www.mdmountainside.com/ces-at-frostburg-state-university-presents-the-brubeck-brothers-quartet-celebrates-dave-brubecks-centennial,No
195,https://www.mdmountainside.com/ces-at-frostburg-state-university-presents-the-lique,No
196,https://www.mdmountainside.com/ces-at-frostburg-state-university-presents-thomas-pandolfi-into-the-night-with-gershwin,No
197,https://www.mdmountainside.com/ces-at-frostburg-state-university-presents-veronica-swift,No
198,https://www.mdmountainside.com/ces-concert-series-presents-an-evening-with-leann-rimes,No
199,https://www.mdmountainside.com/ces-presents-dom-flemons-in-the-appalachian-festival-capstone-concert,No
200,https://www.mdmountainside.com/charis-winery-distillery,No
201,https://www.mdmountainside.com/charlies-motel,No
202,https://www.mdmountainside.com/chco-revolutionary-war-plaque-reading,No
203,https://www.mdmountainside.com/chef-pauls,No
204,https://www.mdmountainside.com/chessie-federal-credit-union,No
205,https://www.mdmountainside.com/chick-fil-a-at-queen-city-centre,No
206,https://www.mdmountainside.com/chick-fil-a-country-club-mall,No
207,https://www.mdmountainside.com/chick-fil-a-lavale,No
208,https://www.mdmountainside.com/chicken-coupe,No
209,https://www.mdmountainside.com/childrens-medical-group,No
210,https://www.mdmountainside.com/chinese-bandits-and-cruise-in-at-windsor-castle,No
211,https://www.mdmountainside.com/chopsticks-chinese-restaurant,No
212,https://www.mdmountainside.com/christ-lutheran-church,No
213,https://www.mdmountainside.com/christ-memorial-baptist-church,No
214,https://www.mdmountainside.com/christ-united-methodist-church,No
215,https://www.mdmountainside.com/christmas-city-express-morning-excursion,No
216,https://www.mdmountainside.com/church-of-jesus-christ-of-latter-day-saints,No
217,https://www.mdmountainside.com/church-of-the-brethren,No
218,https://www.mdmountainside.com/churches,No
219,https://www.mdmountainside.com/churches?from=1,No
220,https://www.mdmountainside.com/churches?from=11,No
221,https://www.mdmountainside.com/churches?from=21,No
222,https://www.mdmountainside.com/churches?from=31,No
223,https://www.mdmountainside.com/churches?from=41,No
224,https://www.mdmountainside.com/churches?from=51,No
225,https://www.mdmountainside.com/churches?from=61,No
226,https://www.mdmountainside.com/churches?from=71,No
227,https://www.mdmountainside.com/circle-k,No
228,https://www.mdmountainside.com/city-lights-american-grill-bar,No
229,https://www.mdmountainside.com/city-of-cumberland-parks-recreation-department,No
230,https://www.mdmountainside.com/city-place-farmers-market,No
231,https://www.mdmountainside.com/clarysville-motel,No
232,https://www.mdmountainside.com/clatter-coffee,No
233,https://www.mdmountainside.com/closer,No
234,https://www.mdmountainside.com/closer-matinee,No
235,https://www.mdmountainside.com/co-canal-cargo-boat-replica-tours,No
236,https://www.mdmountainside.com/co-canal-national-historical-park-museum,No
237,https://www.mdmountainside.com/co-canal-towpath,No
238,https://www.mdmountainside.com/come-early-stay-late-2019,No
239,https://www.mdmountainside.com/comfort-inn-suites,No
240,https://www.mdmountainside.com/community-model-railroad-club,No
241,https://www.mdmountainside.com/coney-christmas,No
242,https://www.mdmountainside.com/constitution-park,No
243,https://www.mdmountainside.com/constitution-park-pool-opens-for-the-season,No
244,https://www.mdmountainside.com/contact-us,No
245,https://www.mdmountainside.com/contest-home,No
246,https://www.mdmountainside.com/contest-home?fbclid=IwAR0Yfm33iuos4egB5I_YQaD4QFnmVg1go131jwDVa3QpBJGp8pZGkDNIcBA,No
247,https://www.mdmountainside.com/contest-home?fbclid=IwAR1rqV0KzozimLAq2_V0UGFN8hJRMT7qVLV2usZOSeZkuBEojQT0AGnfeGk,No
248,https://www.mdmountainside.com/coops-bunns,No
249,https://www.mdmountainside.com/corner-tavern-cafe,No
250,https://www.mdmountainside.com/cornerstone-baptist-church,No
251,https://www.mdmountainside.com/country-club-mall,No
252,https://www.mdmountainside.com/country-club-mall-cinemas,No
253,https://www.mdmountainside.com/country-road-primitives,No
254,https://www.mdmountainside.com/crabby-pig,No
255,https://www.mdmountainside.com/cracker-barrel,No
256,https://www.mdmountainside.com/cresaptown-united-methodist-church,No
257,https://www.mdmountainside.com/crestmont-ltd,No
258,https://www.mdmountainside.com/cruisin-main-street,No
259,https://www.mdmountainside.com/cumberland-choral-society-holiday-concert,No
260,https://www.mdmountainside.com/cumberland-choral-society-holiday-concert-2,No
261,https://www.mdmountainside.com/cumberland-choral-society-winter-concert,No
262,https://www.mdmountainside.com/cumberland-choral-society-winter-concert-2,No
263,https://www.mdmountainside.com/cumberland-christmas-tree-lighting-2018,No
264,https://www.mdmountainside.com/cumberland-church-of-christ,No
265,https://www.mdmountainside.com/cumberland-community-church,No
266,https://www.mdmountainside.com/cumberland-country-club,No
267,https://www.mdmountainside.com/cumberland-cycles,No
268,https://www.mdmountainside.com/cumberland-dining,No
269,https://www.mdmountainside.com/cumberland-grace-brethren-church,No
270,https://www.mdmountainside.com/cumberland-historic-cemetery-organization,No
271,https://www.mdmountainside.com/cumberland-inn-spa,No
272,https://www.mdmountainside.com/cumberland-optical,No
273,https://www.mdmountainside.com/cumberland-theatre-creative-arts-center,No
274,https://www.mdmountainside.com/cumberland-trail-connection-,No
275,https://www.mdmountainside.com/cumberland-ymca,No
276,https://www.mdmountainside.com/curtis-coney-island-famous-weiners,No
277,https://www.mdmountainside.com/cvs-pharmacy-cumberland,No
278,https://www.mdmountainside.com/cvs-pharmacy-lavale,No
279,https://www.mdmountainside.com/cycles-things,No
280,https://www.mdmountainside.com/cycling,No
281,https://www.mdmountainside.com/dairy-queen-cumberland,No
282,https://www.mdmountainside.com/dairy-queen-lavale,No
283,https://www.mdmountainside.com/dan-stevens-and-sweet-dreams-food-truck-at-1812-brewery,No
284,https://www.mdmountainside.com/dans-mountain-state-park,No
285,https://www.mdmountainside.com/dantes-bar,No
286,https://www.mdmountainside.com/datri-subs,No
287,https://www.mdmountainside.com/datris-restaurant,No
288,https://www.mdmountainside.com/davincis-pizza,No
289,https://www.mdmountainside.com/davis-memorial-united-methodist-church,No
290,https://www.mdmountainside.com/dawson-united-methodist-church,No
291,https://www.mdmountainside.com/day-of-the-dead-skull-painting-workshop,No
292,https://www.mdmountainside.com/dd-pit-n-go-2,No
293,https://www.mdmountainside.com/delfest,No
294,https://www.mdmountainside.com/delfest/resources,No
295,https://www.mdmountainside.com/delfest/resources/beer-and-ice,No
296,https://www.mdmountainside.com/delfest/resources/gas-stations,No
297,https://www.mdmountainside.com/delfest/resources/grocery-stores,No
298,https://www.mdmountainside.com/delfest/resources/transportation,No
299,https://www.mdmountainside.com/delgrossos-park-laguna-splash-water-park,No
300,https://www.mdmountainside.com/dennys--lavale,No
301,https://www.mdmountainside.com/deomonts-muffler-brake,No
302,https://www.mdmountainside.com/dig-deep-brewing-co,No
303,https://www.mdmountainside.com/diplomat-motel,No
304,https://www.mdmountainside.com/dirty-mae-live-on-the-mccoury-family-stage,No
305,https://www.mdmountainside.com/discover-downtown-cumberland-blues,No
306,https://www.mdmountainside.com/discover-downtown-cumberland-with-grand-ole-ditch,No
307,https://www.mdmountainside.com/divine-reflections,No
308,https://www.mdmountainside.com/dollar-dip-at-dans-mountain-pool,No
309,https://www.mdmountainside.com/dominos-pizza-cumberland,No
310,https://www.mdmountainside.com/dominos-pizza-frostburg,No
311,https://www.mdmountainside.com/downtown-cumberland-farmers-market,No
312,https://www.mdmountainside.com/downtown-cumberland-merchants-holiday-party-with-ursula-ricks,No
313,https://www.mdmountainside.com/downtown-cumberlands-shop-small-saturday,No
314,https://www.mdmountainside.com/dracula,No
315,https://www.mdmountainside.com/dragons-on-the-lake,No
316,https://www.mdmountainside.com/dragons-on-the-lake-2019,No
317,https://www.mdmountainside.com/drive-in-fly-in-august-2019,No
318,https://www.mdmountainside.com/drive-in-fly-in-sepetmber-2019,No
319,https://www.mdmountainside.com/dubs-at-the-gap,No
320,https://www.mdmountainside.com/dubs-at-the-gap-2019,No
321,https://www.mdmountainside.com/dubs-at-the-gap-cruise-bbq-at-1812-brewery,No
322,https://www.mdmountainside.com/dunhams-sports,No
323,https://www.mdmountainside.com/early-rise-flies,No
324,https://www.mdmountainside.com/eastern-express,No
325,https://www.mdmountainside.com/eat-and-drink,No
326,https://www.mdmountainside.com/eckhart-baptist-church,No
327,https://www.mdmountainside.com/education,No
328,https://www.mdmountainside.com/ehc-camp-grow-cook-it,No
329,https://www.mdmountainside.com/ehc-camp-science-discovery,No
330,https://www.mdmountainside.com/ehc-camp-young-naturalists,No
331,https://www.mdmountainside.com/el-canelo-restaurant--frostburg,No
332,https://www.mdmountainside.com/el-jinete-restaurant,No
333,https://www.mdmountainside.com/elements-wellness-spa,No
334,https://www.mdmountainside.com/elks-derby-day,No
335,https://www.mdmountainside.com/ellies-deli,No
336,https://www.mdmountainside.com/embassy-theatre,No
337,https://www.mdmountainside.com/emmanuel-episcopal-church,No
338,https://www.mdmountainside.com/emmanuel-episcopal-church-tunnel-tours,No
339,https://www.mdmountainside.com/enterprise-rent-a-car,No
340,https://www.mdmountainside.com/escape-fake-news,No
341,https://www.mdmountainside.com/et-at-the-palace-theatre,No
342,https://www.mdmountainside.com/european-desserts-and-more,No
343,https://www.mdmountainside.com/evening-flyer,No
344,https://www.mdmountainside.com/event-calendar,No
345,https://www.mdmountainside.com/event-calendar?fbclid=IwAR1c5PBpdJrqisYi9VKH-lWDHPJ45hTbhBwdiB6_bFQsIo_x-p0IlSzcqYA,No
346,https://www.mdmountainside.com/event-calendar?from=1,No
347,https://www.mdmountainside.com/event-calendar?from=11,No
348,https://www.mdmountainside.com/event-calendar?from=21,No
349,https://www.mdmountainside.com/event-calendar?from=31,No
350,https://www.mdmountainside.com/event-calendar?from=41,No
351,https://www.mdmountainside.com/event-calendar?from=51,No
352,https://www.mdmountainside.com/event-calendar?from=61,No
353,https://www.mdmountainside.com/event-submission-confirmation,No
354,https://www.mdmountainside.com/evergreen-heritage-center,No
355,https://www.mdmountainside.com/ex2-adventure-race,No
356,https://www.mdmountainside.com/exit-strategy-escape-room,No
357,https://www.mdmountainside.com/f-brooke-whiting-house-collection,No
358,https://www.mdmountainside.com/facebook-giveaway-national-cheeseburger-day,No
359,https://www.mdmountainside.com/fairfield-inn-and-suites,No
360,https://www.mdmountainside.com/fairgrounds-boat-access,No
361,https://www.mdmountainside.com/faith-presbyterian-church-in-america-pca,No
362,https://www.mdmountainside.com/fall-arts,No
363,https://www.mdmountainside.com/fall-cemetery-tour,No
364,https://www.mdmountainside.com/fall-for-downtown-festival-cumberland-md,No
365,https://www.mdmountainside.com/fall-frostburg-flyer,No
366,https://www.mdmountainside.com/fall-in-love-with-the-arts-2018,No
367,https://www.mdmountainside.com/family-fun,No
368,https://www.mdmountainside.com/family-fun?from=1,No
369,https://www.mdmountainside.com/family-fun?from=11,No
370,https://www.mdmountainside.com/family-fun?from=21,No
371,https://www.mdmountainside.com/family-fun?from=31,No
372,https://www.mdmountainside.com/family-fun?from=41,No
373,https://www.mdmountainside.com/family-pizza-train,No
374,https://www.mdmountainside.com/farmers-markets,No
375,https://www.mdmountainside.com/farms,No
376,https://www.mdmountainside.com/fat-pig,No
377,https://www.mdmountainside.com/fatboys-pizza-shack,No
378,https://www.mdmountainside.com/favorites,No
379,https://www.mdmountainside.com/femina-in-toto-a-compilation-of-design-by-women,No
380,https://www.mdmountainside.com/fifteen-mile-creek-boat-access,No
381,https://www.mdmountainside.com/first-annual-mountain-maryland-trail-fest,No
382,https://www.mdmountainside.com/first-assembly-of-god-church,No
383,https://www.mdmountainside.com/first-assembly-of-god2,No
384,https://www.mdmountainside.com/first-church-of-the-nazarene,No
385,https://www.mdmountainside.com/first-congregational-church-of-frostburg,No
386,https://www.mdmountainside.com/first-english-baptist-church,No
387,https://www.mdmountainside.com/first-friday-art-club-fall-haiku-writing,No
388,https://www.mdmountainside.com/first-friday-art-club-family-comedy-night,No
389,https://www.mdmountainside.com/first-friday-art-club-thankfulness-art-and-potluck,No
390,https://www.mdmountainside.com/first-friday-art-club-ugly-sweater-party,No
391,https://www.mdmountainside.com/first-peoples-community-federal-credit-union,No
392,https://www.mdmountainside.com/first-peoples-community-federal-credit-union-cresaptown,No
393,https://www.mdmountainside.com/first-peoples-community-federal-credit-union-frostburg,No
394,https://www.mdmountainside.com/first-peoples-community-federal-credit-union-industrial-blvd,No
395,https://www.mdmountainside.com/first-peoples-community-federal-credit-union-lavale,No
396,https://www.mdmountainside.com/first-peoples-community-federal-credit-union-lonaconing,No
397,https://www.mdmountainside.com/first-peoples-community-federal-credit-union-queen-city-drive,No
398,https://www.mdmountainside.com/first-presbyterian-church,No
399,https://www.mdmountainside.com/first-presbyterian-church-of-frostburg,No
400,https://www.mdmountainside.com/first-united-bank-trust,No
401,https://www.mdmountainside.com/fish-and-hunt,No
402,https://www.mdmountainside.com/fishers-body-shop,No
403,https://www.mdmountainside.com/flintstone-mennonite-church,No
404,https://www.mdmountainside.com/flowerland,No
405,https://www.mdmountainside.com/for-media,No
406,https://www.mdmountainside.com/fore-sisters-golf-course,No
407,https://www.mdmountainside.com/form-return,No
408,https://www.mdmountainside.com/fort-cumberland-emporium,No
409,https://www.mdmountainside.com/four-t-herb-shoppe,No
410,https://www.mdmountainside.com/fourth-friday-tea-series,No
411,https://www.mdmountainside.com/fourth-friday-tea-series2,No
412,https://www.mdmountainside.com/fourth-friday-tea-series23,No
413,https://www.mdmountainside.com/fourth-friday-tea-series234,No
414,https://www.mdmountainside.com/foxs-pizza-den-of-frostburg,No
415,https://www.mdmountainside.com/fratelli-italian-cuisine-bar,No
416,https://www.mdmountainside.com/friday-after-black-friday,No
417,https://www.mdmountainside.com/friendship-haven-church,No
418,https://www.mdmountainside.com/frostburg-assembly-of-god-church,No
419,https://www.mdmountainside.com/frostburg-candlelight-tour-2018,No
420,https://www.mdmountainside.com/frostburg-farmers-market,No
421,https://www.mdmountainside.com/frostburg-fiber-depot,No
422,https://www.mdmountainside.com/frostburg-flyer,No
423,https://www.mdmountainside.com/frostburg-flyer2,No
424,https://www.mdmountainside.com/frostburg-flyer23,No
425,https://www.mdmountainside.com/frostburg-freeze,No
426,https://www.mdmountainside.com/frostburg-halloween-parade,No
427,https://www.mdmountainside.com/frostburg-inn,No
428,https://www.mdmountainside.com/frostburg-medical-center,No
429,https://www.mdmountainside.com/frostburg-museum,No
430,https://www.mdmountainside.com/frostburg-palace-theatre-jazz-series-presents-paul-bollenback-and-power-3,No
431,https://www.mdmountainside.com/frostburg-state-hosting-evening-with-bestselling-author-peter-stark,No
432,https://www.mdmountainside.com/frostburg-state-university,No
433,https://www.mdmountainside.com/frostburg-state-university-appalachian-festival,No
434,https://www.mdmountainside.com/frostburg-tree-lighting-ceremony,No
435,https://www.mdmountainside.com/frostburg-united-methodist-church,No
436,https://www.mdmountainside.com/frostburg-vision-center,No
437,https://www.mdmountainside.com/frostburg-wines-train-featuring-toasted-goat-winery,No
438,https://www.mdmountainside.com/frostburg-winter-market,No
439,https://www.mdmountainside.com/frostburgfirst-a-maryland-main-street-community,No
440,https://www.mdmountainside.com/frostoberfest-2018,No
441,https://www.mdmountainside.com/fruit-bowl2,No
442,https://www.mdmountainside.com/fsu-bookstore,No
443,https://www.mdmountainside.com/fsu-center-for-literary-arts,No
444,https://www.mdmountainside.com/fsu-lane-center,No
445,https://www.mdmountainside.com/fsu-planetarium-,No
446,https://www.mdmountainside.com/fsu-stephanie-ann-roper-gallery,No
447,https://www.mdmountainside.com/funky-repurps-and-more,No
448,https://www.mdmountainside.com/gabriel-brothers-gabes,No
449,https://www.mdmountainside.com/gas-stations,No
450,https://www.mdmountainside.com/gellar-drapkin-and-jazz-at-toasted-goat-winery,No
451,https://www.mdmountainside.com/general-art-store-star-gallery,No
452,https://www.mdmountainside.com/genes-famliy-restaurant,No
453,https://www.mdmountainside.com/george-washingtons-headquarters,No
454,https://www.mdmountainside.com/georges-creek-pharmacy,No
455,https://www.mdmountainside.com/get-out-play-outfitters,No
456,https://www.mdmountainside.com/getting-around,No
457,https://www.mdmountainside.com/gg-tire,No
458,https://www.mdmountainside.com/ghost-tour-of-historic-cumberland,No
459,https://www.mdmountainside.com/ghouley-pub-crawl,No
460,https://www.mdmountainside.com/giannis-pizza-wings-cumberland,No
461,https://www.mdmountainside.com/giannis-pizza-wings-frostburg,No
462,https://www.mdmountainside.com/gilchrist-gardens-gala,No
463,https://www.mdmountainside.com/gilchrist-museum-exhibition-obrien-and-carter,No
464,https://www.mdmountainside.com/gingers-asian-kitchen,No
465,https://www.mdmountainside.com/giuseppes,No
466,https://www.mdmountainside.com/global-truck-outfitters,No
467,https://www.mdmountainside.com/gods-ark-of-safety-church,No
468,https://www.mdmountainside.com/golf,No
469,https://www.mdmountainside.com/gonzaga-health-center,No
470,https://www.mdmountainside.com/good-carma-catering,No
471,https://www.mdmountainside.com/goodwill-store--lavale,No
472,https://www.mdmountainside.com/gostomskis-gunsmith-service,No
473,https://www.mdmountainside.com/grace-baptist-church,No
474,https://www.mdmountainside.com/grace-memorial-community-church,No
475,https://www.mdmountainside.com/grand-china-buffet,No
476,https://www.mdmountainside.com/great-allegheny-passage,No
477,https://www.mdmountainside.com/great-allegheny-passage-relay,No
478,https://www.mdmountainside.com/green-ridge-state-forest,No
479,https://www.mdmountainside.com/greene-street-service-center,No
480,https://www.mdmountainside.com/grocery-and-convenience-stores,No
481,https://www.mdmountainside.com/grocery-and-convenience-stores?from=1,No
482,https://www.mdmountainside.com/grocery-and-convenience-stores?from=11,No
483,https://www.mdmountainside.com/grocery-and-convenience-stores?from=21,No
484,https://www.mdmountainside.com/grocery-and-convenience-stores?from=31,No
485,https://www.mdmountainside.com/halloween-at-evergreen-barn-dance,No
486,https://www.mdmountainside.com/halloween-spooktacular-in-downtown-cumberland,No
487,https://www.mdmountainside.com/hampton-inn-cumberland,No
488,https://www.mdmountainside.com/hampton-inn-frostburg,No
489,https://www.mdmountainside.com/handmade-holiday-fair-2018,No
490,https://www.mdmountainside.com/harrigans-restaurant-and-lounge,No
491,https://www.mdmountainside.com/harry-trayhnam-and-alhambra-at-1812-brewery,No
492,https://www.mdmountainside.com/hartleys-pizza,No
493,https://www.mdmountainside.com/harveys-florist-greenhouses-inc,No
494,https://www.mdmountainside.com/hast-farm-event-venue,No
495,https://www.mdmountainside.com/health-matters-urgent-care,No
496,https://www.mdmountainside.com/healthy-parks-healthy-people-wellness-fair,No
497,https://www.mdmountainside.com/hennys-grill-bar,No
498,https://www.mdmountainside.com/hertz-rent-a-car,No
499,https://www.mdmountainside.com/highland-baptist-church,No
500,https://www.mdmountainside.com/highland-harley-davidson-shop,No
501,https://www.mdmountainside.com/highlands-american-music-series-presents-the-becky-buller-band,No
502,https://www.mdmountainside.com/hillside-animal-hospital,No
503,https://www.mdmountainside.com/historic-city-center,No
504,https://www.mdmountainside.com/history-and-heritage,No
505,https://www.mdmountainside.com/history-and-heritage?from=1,No
506,https://www.mdmountainside.com/history-and-heritage?from=11,No
507,https://www.mdmountainside.com/history-and-heritage?from=21,No
508,https://www.mdmountainside.com/history-and-heritage?from=31,No
509,https://www.mdmountainside.com/hobbies-plus,No
510,https://www.mdmountainside.com/holiday-inn-express-and-suites-lavale,No
511,https://www.mdmountainside.com/holiday-open-house,No
512,https://www.mdmountainside.com/holidays-2018,No
513,https://www.mdmountainside.com/holideal,No
514,https://www.mdmountainside.com/hoppy-hour-at-1812-brewery,No
515,https://www.mdmountainside.com/hospitals-and-health-care,No
516,https://www.mdmountainside.com/hospitals-and-health-care?from=1,No
517,https://www.mdmountainside.com/hospitals-and-health-care?from=21,No
518,https://www.mdmountainside.com/hotel-gunter,No
519,https://www.mdmountainside.com/hotels-and-motels,No
520,https://www.mdmountainside.com/hummingbird-cafe,No
521,https://www.mdmountainside.com/hurry-back-tavern-,No
522,https://www.mdmountainside.com/hush-skin-care-mountain-massage-wellness-spa,No
523,https://www.mdmountainside.com/independent-ink,No
524,https://www.mdmountainside.com/indie-lit-festival-2018,No
525,https://www.mdmountainside.com/inn-on-decatur,No
526,https://www.mdmountainside.com/inquiry,No
527,https://www.mdmountainside.com/integration-studios,No
528,https://www.mdmountainside.com/iron-rail-days,No
529,https://www.mdmountainside.com/j-bartles-jewelry,No
530,https://www.mdmountainside.com/j-j-bait-llc,No
531,https://www.mdmountainside.com/j-rs-custom-screenprint-embroidery,No
532,https://www.mdmountainside.com/jacob-blank-on-the-keyboard-chef-pauls-kitchen-at-1812-brewery,No
533,https://www.mdmountainside.com/janice-ray-and-roc-plus-sob-bbq-at-1812-brewery,No
534,https://www.mdmountainside.com/jb-farms,No
535,https://www.mdmountainside.com/jenkins-collision-center,No
536,https://www.mdmountainside.com/jins-asian-cuisine,No
537,https://www.mdmountainside.com/jjs-sons,No
538,https://www.mdmountainside.com/jl-truck-repair-tire-service-inc,No
539,https://www.mdmountainside.com/jo-ann-fabrics-and-craft-store,No
540,https://www.mdmountainside.com/joes-viaduct-restaurant,No
541,https://www.mdmountainside.com/johnstons-garage,No
542,https://www.mdmountainside.com/jolly-roger-discount-liquors,No
543,https://www.mdmountainside.com/junie-b-in-jingle-bells-batman-smells,No
544,https://www.mdmountainside.com/k-bar-and-lunch,No
545,https://www.mdmountainside.com/karaoke,No
546,https://www.mdmountainside.com/karaoke-with-mary-sheetz,No
547,https://www.mdmountainside.com/kebbies-diaper-bag,No
548,https://www.mdmountainside.com/kegs-and-eggs-at-1812-brewery,No
549,https://www.mdmountainside.com/kegs-and-eggs-brunch,No
550,https://www.mdmountainside.com/kegs-and-eggs-brunch-and-dinner-at-1812-brewery,No
551,https://www.mdmountainside.com/kensington-assisted-living,No
552,https://www.mdmountainside.com/kentucky-fried-chicken-cumberland,No
553,https://www.mdmountainside.com/kentucky-fried-chicken-lavale,No
554,https://www.mdmountainside.com/kerr-brothers-guns,No
555,https://www.mdmountainside.com/kids-kingdom,No
556,https://www.mdmountainside.com/kids-saturday,No
557,https://www.mdmountainside.com/kingdom-hall-of-jehovahs-witnesses,No
558,https://www.mdmountainside.com/klines-restaurant,No
559,https://www.mdmountainside.com/knieriem-tires,No
560,https://www.mdmountainside.com/kohls,No
561,https://www.mdmountainside.com/langleys-auto-service,No
562,https://www.mdmountainside.com/larry-keel-experience,No
563,https://www.mdmountainside.com/lashbaughs-bar-and-grill,No
564,https://www.mdmountainside.com/lavale-baptist-church-sbc,No
565,https://www.mdmountainside.com/lavale-farmers-market,No
566,https://www.mdmountainside.com/lavale-united-methodist-church,No
567,https://www.mdmountainside.com/lavale-veterinary-hospital,No
568,https://www.mdmountainside.com/leaning-pine-farm,No
569,https://www.mdmountainside.com/lefty-grove-memorial-park,No
570,https://www.mdmountainside.com/lennox-east,No
571,https://www.mdmountainside.com/lennys-leathers,No
572,https://www.mdmountainside.com/lew-lew-belle-boutique,No
573,https://www.mdmountainside.com/lgs-pizzeria-and-pub,No
574,https://www.mdmountainside.com/liberty-wine-and-liquor,No
575,https://www.mdmountainside.com/lifetime-eyecare-center,No
576,https://www.mdmountainside.com/lighthouse-christian-academy-and-daycare,No
577,https://www.mdmountainside.com/lighthouse-of-hope-church,No
578,https://www.mdmountainside.com/lights-by-the-lake-2018,No
579,https://www.mdmountainside.com/lil-corner-market,No
580,https://www.mdmountainside.com/lindys-restaurant,No
581,https://www.mdmountainside.com/little-caesars-pizza,No
582,https://www.mdmountainside.com/little-orleans-campground-park-area,No
583,https://www.mdmountainside.com/little-orleans-lodge,No
584,https://www.mdmountainside.com/living-stone-church-of-the-brethren,No
585,https://www.mdmountainside.com/living-waters-ministries,No
586,https://www.mdmountainside.com/livvys-soft-serve,No
587,https://www.mdmountainside.com/local-craftsflea-market-and-soups-and-suds-for-a-clause,No
588,https://www.mdmountainside.com/local-farmerscraftflea-market-plus-brunch-with-santa-at-1812-brewery,No
589,https://www.mdmountainside.com/lonaconing-iron-furnace-and-park-,No
590,https://www.mdmountainside.com/long-john-silver,No
591,https://www.mdmountainside.com/lorenzos-frostburg-bakery,No
592,https://www.mdmountainside.com/loyola-university-maryland-retreat-center,No
593,https://www.mdmountainside.com/luckys-liquor-store,No
594,https://www.mdmountainside.com/m-and-m-bake-shop,No
595,https://www.mdmountainside.com/macdonalds-body-shop,No
596,https://www.mdmountainside.com/maddcatt-vapors,No
597,https://www.mdmountainside.com/madison-paige-boutique,No
598,https://www.mdmountainside.com/main-street-books,No
599,https://www.mdmountainside.com/main-street-pub,No
600,https://www.mdmountainside.com/making-smart-choices-about-health-insurance,No
601,https://www.mdmountainside.com/making-strides-against-breast-cancer-of-western-maryland,No
602,https://www.mdmountainside.com/mamma-mia,No
603,https://www.mdmountainside.com/mamma-mia-matinee,No
604,https://www.mdmountainside.com/manhattan-centre-golf-gallery,No
605,https://www.mdmountainside.com/maranantha-christian-fellowship,No
606,https://www.mdmountainside.com/marios-italian-eatery,No
607,https://www.mdmountainside.com/marketing-and-tourism-summit,No
608,https://www.mdmountainside.com/martins-food-market,No
609,https://www.mdmountainside.com/martins-food-market-lavale,No
610,https://www.mdmountainside.com/maryland-discount-beverage-center,No
611,https://www.mdmountainside.com/marylandwest-virginia-model-railroad-exhibit,No
612,https://www.mdmountainside.com/mason-complex-boat-access,No
613,https://www.mdmountainside.com/master-gardener-class,No
614,https://www.mdmountainside.com/mccoole-boat-access,No
615,https://www.mdmountainside.com/mcdonalds-1,No
616,https://www.mdmountainside.com/mcdonalds-2,No
617,https://www.mdmountainside.com/mcdonalds-3,No
618,https://www.mdmountainside.com/mcdonalds-4,No
619,https://www.mdmountainside.com/mcdonalds-5,No
620,https://www.mdmountainside.com/mcdonalds-6,No
621,https://www.mdmountainside.com/mcdonalds-7,No
622,https://www.mdmountainside.com/mcdonalds-8,No
623,https://www.mdmountainside.com/mcfarland-candies,No
624,https://www.mdmountainside.com/mcta-presents-traditional-irish-musician-dylan-foley,No
625,https://www.mdmountainside.com/md-mountain-weddings,No
626,https://www.mdmountainside.com/meeting-planners,No
627,https://www.mdmountainside.com/meg-romero-studio,No
628,https://www.mdmountainside.com/megan-bradley-5k-memorial-run-for-casa-of-allegany-county,No
629,https://www.mdmountainside.com/memorial-heights-baptist-church,No
630,https://www.mdmountainside.com/meteor-shower-a-play-by-steve-martin,No
631,https://www.mdmountainside.com/metropolitan-ame-church,No
632,https://www.mdmountainside.com/mexico-farms-equestrian-center,No
633,https://www.mdmountainside.com/mezzos,No
634,https://www.mdmountainside.com/midlife-crisis-on-stage-at-1812-brewery,No
635,https://www.mdmountainside.com/milestone-cube-company,No
636,https://www.mdmountainside.com/millstone-country-store,No
637,https://www.mdmountainside.com/minecraft-gaming,No
638,https://www.mdmountainside.com/miracle-on-34th-street-the-musical,No
639,https://www.mdmountainside.com/misty-blue-fashions,No
640,https://www.mdmountainside.com/mixx-112-boutique,No
641,https://www.mdmountainside.com/monument-unveiling-of-world-war-1-veteran-lest-umstot,No
642,https://www.mdmountainside.com/moonlight-madness-in-downtown-cumberland,No
643,https://www.mdmountainside.com/mortons-jewelry,No
644,https://www.mdmountainside.com/motel-6--lavale,No
645,https://www.mdmountainside.com/mount-savage-historical-society,No
646,https://www.mdmountainside.com/mountain-city-coffeehouse-creamery,No
647,https://www.mdmountainside.com/mountain-city-traditional-arts,No
648,https://www.mdmountainside.com/mountain-ducks-guide-service,No
649,https://www.mdmountainside.com/mountain-maryland-2018-photo-contest,No
650,https://www.mdmountainside.com/mountain-maryland-artist-studio-tours,No
651,https://www.mdmountainside.com/mountain-maryland-photo-contest,No
652,https://www.mdmountainside.com/mountain-maryland-photo-contest-2019,No
653,https://www.mdmountainside.com/mountain-maryland-trails,No
654,https://www.mdmountainside.com/mountain-maryland-trails-presents-3m-challenge-bike-race,No
655,https://www.mdmountainside.com/mountain-moonshine-train,No
656,https://www.mdmountainside.com/mountaineer-country-tours,No
657,https://www.mdmountainside.com/mountainmarylanddeluxe,No
658,https://www.mdmountainside.com/mountainshine-creative-llc,No
659,https://www.mdmountainside.com/mountainside-baroque-off-the-beaten-path,No
660,https://www.mdmountainside.com/mountainside-bike-tours,No
661,https://www.mdmountainside.com/movie-screening,No
662,https://www.mdmountainside.com/mr-tire-auto-service-center,No
663,https://www.mdmountainside.com/mr-toads-pottery,No
664,https://www.mdmountainside.com/mt-bank,No
665,https://www.mdmountainside.com/mt-bank-frostburg-2,No
666,https://www.mdmountainside.com/mt-bank-lavale,No
667,https://www.mdmountainside.com/mt-bank-south-cumberland,No
668,https://www.mdmountainside.com/mt-bank-westernport,No
669,https://www.mdmountainside.com/murder-mystery,No
670,https://www.mdmountainside.com/murder-mystery-bullets-and-bbq,No
671,https://www.mdmountainside.com/murder-mystery2,No
672,https://www.mdmountainside.com/murder-mystery23,No
673,https://www.mdmountainside.com/murder-mystery234,No
674,https://www.mdmountainside.com/murder-mystery2345,No
675,https://www.mdmountainside.com/murder-mystery23456,No
676,https://www.mdmountainside.com/murder-mystery234567,No
677,https://www.mdmountainside.com/murder-mystery2345678,No
678,https://www.mdmountainside.com/murder-mystery23456789,No
679,https://www.mdmountainside.com/music-by-fred-n-josh-food-by-good-carma-catering-at-1812,No
680,https://www.mdmountainside.com/music-by-jacob-blank-at-toasted-goat,No
681,https://www.mdmountainside.com/musician-chris-workman-at-1812-brewery,No
682,https://www.mdmountainside.com/musician-dan-stevens-plus-good-carma-catering-at-1812,No
683,https://www.mdmountainside.com/musician-greg-kerr-and-klavuhns-family-concessions-at-1812,No
684,https://www.mdmountainside.com/musician-jacob-blank-and-good-carma-catering-at-1812,No
685,https://www.mdmountainside.com/musician-shelby-herbert-and-chef-pauls-kitchen-at-1812-brewery,No
686,https://www.mdmountainside.com/national-night-out,No
687,https://www.mdmountainside.com/national-night-out-cumberland,No
688,https://www.mdmountainside.com/national-night-out-kick-off-event,No
689,https://www.mdmountainside.com/national-road-monument,No
690,https://www.mdmountainside.com/national-road-toll-house,No
691,https://www.mdmountainside.com/native-american-heritage-month-with-caitlin-hudgins,No
692,https://www.mdmountainside.com/natures-art,No
693,https://www.mdmountainside.com/naylors-ace-hardware,No
694,https://www.mdmountainside.com/never-forgotten,No
695,https://www.mdmountainside.com/new-life-tabernacle,No
696,https://www.mdmountainside.com/new-years-eve-2019,No
697,https://www.mdmountainside.com/new-years-eve-celebration-at-toasted-goat-winery,No
698,https://www.mdmountainside.com/new-years-eve-in-downtown-cumberland,No
699,https://www.mdmountainside.com/new-years-eve-murder-mystery-train,No
700,https://www.mdmountainside.com/news,No
701,https://www.mdmountainside.com/news-mountain-maryland-marketing-and-tourism-summit-launches-in-allegany-county-maryland,No
702,https://www.mdmountainside.com/news/2018-destination-guide,No
703,https://www.mdmountainside.com/news/allegany-county-tourism-announces-winners-for-2018-mountain-maryland-photo-contest,No
704,https://www.mdmountainside.com/news/best-of-awards,No
705,https://www.mdmountainside.com/news/blue-ridge-outdoors-best-of-awards-2019,No
706,https://www.mdmountainside.com/news/cumberland-maryland-selected-as-one-of-travel-channels-50-most-charming-small-towns-in-america,No
707,https://www.mdmountainside.com/news/cumberland-md-selected-as-top-adventure-town,No
708,https://www.mdmountainside.com/news/enterprise-rent-a-car-films-in-cumberland-md,No
709,https://www.mdmountainside.com/newsletter-signup,No
710,https://www.mdmountainside.com/night-of-the-living-dead,No
711,https://www.mdmountainside.com/night-of-the-living-dead-matinee,No
712,https://www.mdmountainside.com/niners-canal-pub,No
713,https://www.mdmountainside.com/noises-off,No
714,https://www.mdmountainside.com/noises-off-matinee,No
715,https://www.mdmountainside.com/november-book-club-meeting,No
716,https://www.mdmountainside.com/nye-murder-mystery-train,No
717,https://www.mdmountainside.com/oak-barrel-cafe2,No
718,https://www.mdmountainside.com/oak-barrel-citgo,No
719,https://www.mdmountainside.com/october-book-group,No
720,https://www.mdmountainside.com/oldtown-bethel-assembly-of-god,No
721,https://www.mdmountainside.com/ollies-bargain-outlet,No
722,https://www.mdmountainside.com/one-act-play-festival-2018,No
723,https://www.mdmountainside.com/one-stop-liquors,No
724,https://www.mdmountainside.com/oscars-restaurant,No
725,https://www.mdmountainside.com/our-farmers-markets,No
726,https://www.mdmountainside.com/outdoors,No
727,https://www.mdmountainside.com/outfitters,No
728,https://www.mdmountainside.com/papa-johns,No
729,https://www.mdmountainside.com/parks-and-forests,No
730,https://www.mdmountainside.com/parkview-liquor-store,No
731,https://www.mdmountainside.com/parris-n-glendening-recreational-complex,No
732,https://www.mdmountainside.com/partners,No
733,https://www.mdmountainside.com/partners/tourism-reinvestment-marketing-grant-program,No
734,https://www.mdmountainside.com/passages-of-the-western-potomac-heritage-area,No
735,https://www.mdmountainside.com/past-perfect--a-bargain-boutique,No
736,https://www.mdmountainside.com/patricks-pub,No
737,https://www.mdmountainside.com/paw-paw-tunnel-tours,No
738,https://www.mdmountainside.com/peppers-overstock-room,No
739,https://www.mdmountainside.com/pet-care,No
740,https://www.mdmountainside.com/pet-wants-mountain-maryland,No
741,https://www.mdmountainside.com/petsmart,No
742,https://www.mdmountainside.com/phantoom-of-the-universe,No
743,https://www.mdmountainside.com/pharmacare-bedford-road,No
744,https://www.mdmountainside.com/pharmacare-of-frostburg,No
745,https://www.mdmountainside.com/pharmacare-west,No
746,https://www.mdmountainside.com/pharmacare-willowbrook,No
747,https://www.mdmountainside.com/phoenix-landing-wellness--art-music-and-holistic-wellness,No
748,https://www.mdmountainside.com/photo-contest,No
749,https://www.mdmountainside.com/photo-contest-submission-confirmation,No
750,https://www.mdmountainside.com/photography-of-parker-reinecker-and-work-of-the-quad-state-bodgers,No
751,https://www.mdmountainside.com/pig-out-in-the-park,No
752,https://www.mdmountainside.com/pig-out-in-the-park-a-backyard-bbq-bash,No
753,https://www.mdmountainside.com/pirates-ahoy,No
754,https://www.mdmountainside.com/pizza-hut,No
755,https://www.mdmountainside.com/pizza-hut2,No
756,https://www.mdmountainside.com/pizza-hut23,No
757,https://www.mdmountainside.com/places-to-stay,No
758,https://www.mdmountainside.com/plan-visit,No
759,https://www.mdmountainside.com/platinum-coach-limousine-service,No
760,https://www.mdmountainside.com/playing-for-pennies-(mcdonald-and-nash)-plus-queen-city-creamery-at-1812-brewery,No
761,https://www.mdmountainside.com/playing-for-pennies-plus-three-great-food-trucks-at-1812-brewery,No
762,https://www.mdmountainside.com/port-west-restaurant,No
763,https://www.mdmountainside.com/potomac-eagle-scenic-railroad,No
764,https://www.mdmountainside.com/potomac-valley-pharmacy,No
765,https://www.mdmountainside.com/powells-auto-parts-towing,No
766,https://www.mdmountainside.com/presents-for-paws,No
767,https://www.mdmountainside.com/press-room,No
768,https://www.mdmountainside.com/princess-restaurant,No
769,https://www.mdmountainside.com/privacy,No
770,https://www.mdmountainside.com/project-rachel-information-session,No
771,https://www.mdmountainside.com/prosperity-united-methodist-church,No
772,https://www.mdmountainside.com/public-reading-the-granny-chronicles,No
773,https://www.mdmountainside.com/puccini-restaurant,No
774,https://www.mdmountainside.com/put-yourself-first,No
775,https://www.mdmountainside.com/quality-inn-suites,No
776,https://www.mdmountainside.com/queen-city-creamery,No
777,https://www.mdmountainside.com/queen-city-film-festival-(qcff)-2018,No
778,https://www.mdmountainside.com/queen-city-flea-market,No
779,https://www.mdmountainside.com/queen-city-motors,No
780,https://www.mdmountainside.com/queen-city-taxi,No
781,https://www.mdmountainside.com/ramada-downtown-cumberland,No
782,https://www.mdmountainside.com/rawlings-united-methodist-church,No
783,https://www.mdmountainside.com/red-ridge-auto-repair,No
784,https://www.mdmountainside.com/rent-a-wreck,No
785,https://www.mdmountainside.com/request-a-guide,No
786,https://www.mdmountainside.com/resources,No
787,https://www.mdmountainside.com/restaurants,No
788,https://www.mdmountainside.com/restaurants?from=1,No
789,https://www.mdmountainside.com/restaurants?from=11,No
790,https://www.mdmountainside.com/restaurants?from=21,No
791,https://www.mdmountainside.com/restaurants?from=31,No
792,https://www.mdmountainside.com/restaurants?from=41,No
793,https://www.mdmountainside.com/restoring-the-american-chestnut-a-research-and-volunteer-effort,No
794,https://www.mdmountainside.com/results,No
795,https://www.mdmountainside.com/results?from=1,No
796,https://www.mdmountainside.com/results?from=101,No
797,https://www.mdmountainside.com/results?from=11,No
798,https://www.mdmountainside.com/results?from=111,No
799,https://www.mdmountainside.com/results?from=121,No
800,https://www.mdmountainside.com/results?from=131,No
801,https://www.mdmountainside.com/results?from=141,No
802,https://www.mdmountainside.com/results?from=151,No
803,https://www.mdmountainside.com/results?from=161,No
804,https://www.mdmountainside.com/results?from=171,No
805,https://www.mdmountainside.com/results?from=181,No
806,https://www.mdmountainside.com/results?from=191,No
807,https://www.mdmountainside.com/results?from=201,No
808,https://www.mdmountainside.com/results?from=21,No
809,https://www.mdmountainside.com/results?from=211,No
810,https://www.mdmountainside.com/results?from=221,No
811,https://www.mdmountainside.com/results?from=231,No
812,https://www.mdmountainside.com/results?from=241,No
813,https://www.mdmountainside.com/results?from=251,No
814,https://www.mdmountainside.com/results?from=261,No
815,https://www.mdmountainside.com/results?from=271,No
816,https://www.mdmountainside.com/results?from=281,No
817,https://www.mdmountainside.com/results?from=291,No
818,https://www.mdmountainside.com/results?from=301,No
819,https://www.mdmountainside.com/results?from=31,No
820,https://www.mdmountainside.com/results?from=311,No
821,https://www.mdmountainside.com/results?from=321,No
822,https://www.mdmountainside.com/results?from=331,No
823,https://www.mdmountainside.com/results?from=341,No
824,https://www.mdmountainside.com/results?from=351,No
825,https://www.mdmountainside.com/results?from=361,No
826,https://www.mdmountainside.com/results?from=371,No
827,https://www.mdmountainside.com/results?from=381,No
828,https://www.mdmountainside.com/results?from=391,No
829,https://www.mdmountainside.com/results?from=401,No
830,https://www.mdmountainside.com/results?from=41,No
831,https://www.mdmountainside.com/results?from=411,No
832,https://www.mdmountainside.com/results?from=421,No
833,https://www.mdmountainside.com/results?from=431,No
834,https://www.mdmountainside.com/results?from=441,No
835,https://www.mdmountainside.com/results?from=451,No
836,https://www.mdmountainside.com/results?from=461,No
837,https://www.mdmountainside.com/results?from=471,No
838,https://www.mdmountainside.com/results?from=481,No
839,https://www.mdmountainside.com/results?from=491,No
840,https://www.mdmountainside.com/results?from=501,No
841,https://www.mdmountainside.com/results?from=51,No
842,https://www.mdmountainside.com/results?from=511,No
843,https://www.mdmountainside.com/results?from=521,No
844,https://www.mdmountainside.com/results?from=531,No
845,https://www.mdmountainside.com/results?from=541,No
846,https://www.mdmountainside.com/results?from=551,No
847,https://www.mdmountainside.com/results?from=561,No
848,https://www.mdmountainside.com/results?from=571,No
849,https://www.mdmountainside.com/results?from=581,No
850,https://www.mdmountainside.com/results?from=591,No
851,https://www.mdmountainside.com/results?from=601,No
852,https://www.mdmountainside.com/results?from=61,No
853,https://www.mdmountainside.com/results?from=611,No
854,https://www.mdmountainside.com/results?from=621,No
855,https://www.mdmountainside.com/results?from=631,No
856,https://www.mdmountainside.com/results?from=641,No
857,https://www.mdmountainside.com/results?from=651,No
858,https://www.mdmountainside.com/results?from=661,No
859,https://www.mdmountainside.com/results?from=671,No
860,https://www.mdmountainside.com/results?from=681,No
861,https://www.mdmountainside.com/results?from=691,No
862,https://www.mdmountainside.com/results?from=71,No
863,https://www.mdmountainside.com/results?from=81,No
864,https://www.mdmountainside.com/results?from=91,No
865,https://www.mdmountainside.com/revisiting-the-lonaconing-silk-mill,No
866,https://www.mdmountainside.com/rio-grande-inc-restaurante-mexican,No
867,https://www.mdmountainside.com/ristorante-ottaviani,No
868,https://www.mdmountainside.com/ritas-ice,No
869,https://www.mdmountainside.com/rite-aid-pharmacy,No
870,https://www.mdmountainside.com/rite-aid-pharmacy-frostburg,No
871,https://www.mdmountainside.com/river-access,No
872,https://www.mdmountainside.com/river-and-rails-festival,No
873,https://www.mdmountainside.com/river-rail-fest,No
874,https://www.mdmountainside.com/river-rail-fest-train,No
875,https://www.mdmountainside.com/riverside-bmx,No
876,https://www.mdmountainside.com/rocktember,No
877,https://www.mdmountainside.com/rocky-gap-casino--lbs-place,No
878,https://www.mdmountainside.com/rocky-gap-casino--on-the-rocks,No
879,https://www.mdmountainside.com/rocky-gap-casino-resort,No
880,https://www.mdmountainside.com/rocky-gap-casino-resort--a-little-munch,No
881,https://www.mdmountainside.com/rocky-gap-casino-resort--lakeside-dining-room,No
882,https://www.mdmountainside.com/rocky-gap-casino-resort--signatures-bar-and-grill,No
883,https://www.mdmountainside.com/rocky-gap-golf-course,No
884,https://www.mdmountainside.com/rocky-gap-state-park,No
885,https://www.mdmountainside.com/rocky-gap-state-park-aviary,No
886,https://www.mdmountainside.com/rocky-gap-state-park-campgrounds,No
887,https://www.mdmountainside.com/roses--cumberland,No
888,https://www.mdmountainside.com/roses--frostburg,No
889,https://www.mdmountainside.com/roy-rogers-restaurant,No
890,https://www.mdmountainside.com/ruby-tuesday,No
891,https://www.mdmountainside.com/rustic-touch,No
892,https://www.mdmountainside.com/sadies,No
893,https://www.mdmountainside.com/salem-united-church-of-christ,No
894,https://www.mdmountainside.com/samhain-the-celtic-origins-of-halloween-fourth-friday-tea,No
895,https://www.mdmountainside.com/sand-springs-saloon-steakhouse,No
896,https://www.mdmountainside.com/savage-fame-paintball-park,No
897,https://www.mdmountainside.com/savage-mountain-punk-festival,No
898,https://www.mdmountainside.com/scents-n-things,No
899,https://www.mdmountainside.com/schoolhouse-kitchen,No
900,https://www.mdmountainside.com/second-baptist-church-sbc,No
901,https://www.mdmountainside.com/seoul-house,No
902,https://www.mdmountainside.com/september-book-group-discussion,No
903,https://www.mdmountainside.com/serenity-garden-labyrinth,No
904,https://www.mdmountainside.com/seventh-day-adventist-church2,No
905,https://www.mdmountainside.com/shakes-n-jazz,No
906,https://www.mdmountainside.com/shaw-mansion-inn,No
907,https://www.mdmountainside.com/sheetz-bedford-road,No
908,https://www.mdmountainside.com/sheetz-convenience-stores,No
909,https://www.mdmountainside.com/sheetz-corriganville,No
910,https://www.mdmountainside.com/sheetz-cresaptown,No
911,https://www.mdmountainside.com/sheetz-frostburg,No
912,https://www.mdmountainside.com/sheetz-green-street,No
913,https://www.mdmountainside.com/sheetz-virginia-avenue,No
914,https://www.mdmountainside.com/sheetz-winchester-road,No
915,https://www.mdmountainside.com/shes-so-pretty,No
916,https://www.mdmountainside.com/shoes-diesel-performance,No
917,https://www.mdmountainside.com/shooters-bar-grill,No
918,https://www.mdmountainside.com/shop-small,No
919,https://www.mdmountainside.com/shop-small-saturday-at-barkin-basement-thrift-shop,No
920,https://www.mdmountainside.com/shop-small-saturday-at-fort-cumberland-emporium,No
921,https://www.mdmountainside.com/shop-small?from=1,No
922,https://www.mdmountainside.com/shop-small?from=11,No
923,https://www.mdmountainside.com/shop-small?from=21,No
924,https://www.mdmountainside.com/shop-small?from=31,No
925,https://www.mdmountainside.com/shop-small?from=41,No
926,https://www.mdmountainside.com/shopping,No
927,https://www.mdmountainside.com/shopping?from=1,No
928,https://www.mdmountainside.com/shopping?from=11,No
929,https://www.mdmountainside.com/shopping?from=21,No
930,https://www.mdmountainside.com/shopping?from=31,No
931,https://www.mdmountainside.com/shopping?from=41,No
932,https://www.mdmountainside.com/shopping?from=51,No
933,https://www.mdmountainside.com/shopping?from=61,No
934,https://www.mdmountainside.com/shopping?from=71,No
935,https://www.mdmountainside.com/shopping?from=81,No
936,https://www.mdmountainside.com/sideling-hill-creek-nature-preserve,No
937,https://www.mdmountainside.com/simplee-kountry,No
938,https://www.mdmountainside.com/simply-formal-,No
939,https://www.mdmountainside.com/sips-for-survivors-at-toasted-goat-winery,No
940,https://www.mdmountainside.com/sitemap,No
941,https://www.mdmountainside.com/sitn-jaw,No
942,https://www.mdmountainside.com/sitn-jaw2,No
943,https://www.mdmountainside.com/sitn-jaw23,No
944,https://www.mdmountainside.com/sitn-jaw234,No
945,https://www.mdmountainside.com/sitn-jaw2345,No
946,https://www.mdmountainside.com/sitn-jaw23456,No
947,https://www.mdmountainside.com/skewers,No
948,https://www.mdmountainside.com/skid-row-in-concert,No
949,https://www.mdmountainside.com/sleep-inn-,No
950,https://www.mdmountainside.com/small-business-saturday-2018,No
951,https://www.mdmountainside.com/smittys-tire-truck-service,No
952,https://www.mdmountainside.com/souls-harbor-church,No
953,https://www.mdmountainside.com/south-cumberland-pharmacy,No
954,https://www.mdmountainside.com/spa-and-wellness,No
955,https://www.mdmountainside.com/special-love-friday-at-1812-brewery,No
956,https://www.mdmountainside.com/specialty-food,No
957,https://www.mdmountainside.com/spectrum-design-services-llc,No
958,https://www.mdmountainside.com/sponaugle-towing,No
959,https://www.mdmountainside.com/spring,No
960,https://www.mdmountainside.com/spring-gap-boat-access,No
961,https://www.mdmountainside.com/spun-from-light-woven-in-silence-paintings-on-glass-by-john-lyon-paul,No
962,https://www.mdmountainside.com/ss-peter-paul-shrine,No
963,https://www.mdmountainside.com/st-ambrose-church,No
964,https://www.mdmountainside.com/st-georges-episcopal-church,No
965,https://www.mdmountainside.com/st-james-episcopal-church,No
966,https://www.mdmountainside.com/st-johns-episcopal-church,No
967,https://www.mdmountainside.com/st-johns-lutheran-church,No
968,https://www.mdmountainside.com/st-lukes-lutheran-church,No
969,https://www.mdmountainside.com/st-marks-community-church,No
970,https://www.mdmountainside.com/st-marys-catholic-church,No
971,https://www.mdmountainside.com/st-matthews-united-church-of-christ,No
972,https://www.mdmountainside.com/st-michaels-catholic-church-,No
973,https://www.mdmountainside.com/st-patricks-catholic-church,No
974,https://www.mdmountainside.com/st-pauls-lutheran-church,No
975,https://www.mdmountainside.com/st-pauls-lutheran-church2,No
976,https://www.mdmountainside.com/st-peters-episcopal-church,No
977,https://www.mdmountainside.com/st-peters-rectory,No
978,https://www.mdmountainside.com/standard-bank,No
979,https://www.mdmountainside.com/standard-bank-cumberland,No
980,https://www.mdmountainside.com/staples,No
981,https://www.mdmountainside.com/station-x-hobby-store,No
982,https://www.mdmountainside.com/steeped-in-traditions,No
983,https://www.mdmountainside.com/sterling-optical,No
984,https://www.mdmountainside.com/steves-pharmacy,No
985,https://www.mdmountainside.com/stonebridge,No
986,https://www.mdmountainside.com/storybook-holiday-2018,No
987,https://www.mdmountainside.com/storytime-at-the-book-center-2018,No
988,https://www.mdmountainside.com/strangerz-acoustic-sob-bbq-and-pink-and-drink-after-party-at-1812,No
989,https://www.mdmountainside.com/submit-an-event,No
990,https://www.mdmountainside.com/subway,No
991,https://www.mdmountainside.com/summer,No
992,https://www.mdmountainside.com/summer-mountain-cluster-dog-shows,No
993,https://www.mdmountainside.com/summer-music-academy,No
994,https://www.mdmountainside.com/summer-of-heritage,No
995,https://www.mdmountainside.com/summer-of-heritage?fbclid=IwAR0moo06v_OU-3wGoZewl-SvxjSS-jlom0rnekFrW6DHc8z7ZmH19gJhFZM,No
996,https://www.mdmountainside.com/summer?fbclid=IwAR1K4yjnGeOUkPo3eTvjxfCu3so8ZCUqV36-F1bzS3_TuSozi-pHoJpNi40,No
997,https://www.mdmountainside.com/summer?fbclid=IwAR2Ugr5VvVQlMkOugHgqmr-uHEs-aVZNXeLs6ymQ9jt0vM8T8kKP_d3nnok,No
998,https://www.mdmountainside.com/summer?fbclid=IwAR2cEfwhwsD1ZRpQaVc3GX5kaHTwSHhsbNVsW6HUvNjbMtsy9-nal0qi210,No
999,https://www.mdmountainside.com/summer?fbclid=IwAR2uc0zc6byAoXy3SjtOYFXkdEeuvinluSMxNzTaAP2-r7sbpuACKQdzf_s,No
1000,https://www.mdmountainside.com/summer?fbclid=IwAR2w5ksyUzICy4r-nL0B1-yiOXfOxNOVG4u8zgFpbLJDQSPJDNegZV1bY78,No
1001,https://www.mdmountainside.com/summer?goal=0_2f4e1e8384-205082d997-245207921&mc_cid=205082d997&mc_eid=52f77e06bd,No
1002,https://www.mdmountainside.com/sunday-in-the-park-concert-series-28-speedway,No
1003,https://www.mdmountainside.com/sunday-in-the-park-concert-series-cramer-brothers,No
1004,https://www.mdmountainside.com/sunday-in-the-park-concert-series-hot-sauce-willie,No
1005,https://www.mdmountainside.com/sunday-in-the-park-concert-series-jazz-in-the-park-with-tom-harrison,No
1006,https://www.mdmountainside.com/sunday-in-the-park-concert-series-not-really-dan--steely-dan-tribute,No
1007,https://www.mdmountainside.com/sunday-in-the-park-concert-series-potomac-concert-band,No
1008,https://www.mdmountainside.com/sunday-in-the-park-concert-series-shades-of-blue,No
1009,https://www.mdmountainside.com/sunday-in-the-park-concert-series-shanty-irish,No
1010,https://www.mdmountainside.com/sunday-in-the-park-concert-series-surrender-dorothy,No
1011,https://www.mdmountainside.com/sunday-in-the-park-concert-series-tarnished-silver,No
1012,https://www.mdmountainside.com/super-8-motel,No
1013,https://www.mdmountainside.com/super-shoes,No
1014,https://www.mdmountainside.com/superhero-adventure-challenge,No
1015,https://www.mdmountainside.com/susquehanna-bank,No
1016,https://www.mdmountainside.com/taco-bell,No
1017,https://www.mdmountainside.com/tech-at-the-gap-igniting-innovation-18,No
1018,https://www.mdmountainside.com/terrys-jewelry,No
1019,https://www.mdmountainside.com/texas-grillhouse,No
1020,https://www.mdmountainside.com/the-acoustic-music-of-charlie-mcclanahan-and-good-carma-catering-at-1812-brewery,No
1021,https://www.mdmountainside.com/the-best-christmas-pageant-ever,No
1022,https://www.mdmountainside.com/the-book-center,No
1023,https://www.mdmountainside.com/the-church-of-saint-patrick,No
1024,https://www.mdmountainside.com/the-churchill-pub-restaurant,No
1025,https://www.mdmountainside.com/the-culinaire-cafe,No
1026,https://www.mdmountainside.com/the-draft-sports-bar-grille,No
1027,https://www.mdmountainside.com/the-edge-of-earth-and-sky,No
1028,https://www.mdmountainside.com/the-fall-foliage-experience-train,No
1029,https://www.mdmountainside.com/the-filling-station-diner,No
1030,https://www.mdmountainside.com/the-froyo-factory,No
1031,https://www.mdmountainside.com/the-gordon-roberts-house,No
1032,https://www.mdmountainside.com/the-greater-cumberland-regional-airport,No
1033,https://www.mdmountainside.com/the-gulf-war-memorial,No
1034,https://www.mdmountainside.com/the-hazen-gallery-at-allegany-college-of-maryland,No
1035,https://www.mdmountainside.com/the-irvin-allen--michael-cresap-museum-inc,No
1036,https://www.mdmountainside.com/the-knot-hole-craft-shop,No
1037,https://www.mdmountainside.com/the-magic-of-vince-a-tribute-to-the-great-houdini,No
1038,https://www.mdmountainside.com/the-manhattan-social,No
1039,https://www.mdmountainside.com/the-outback-lounge,No
1040,https://www.mdmountainside.com/the-palace-theatre,No
1041,https://www.mdmountainside.com/the-plate-scrapers-live-on-the-mccoury-family-stage,No
1042,https://www.mdmountainside.com/the-pros-from-dover-and-klavuhns-family,No
1043,https://www.mdmountainside.com/the-pros-from-dover-and-klavuhns-family-concessions-at-1812-brewery,No
1044,https://www.mdmountainside.com/the-rocky-horror-picture-show-(1975),No
1045,https://www.mdmountainside.com/the-shoe-dept,No
1046,https://www.mdmountainside.com/the-spa-at-rocky-gap-casino-,No
1047,https://www.mdmountainside.com/the-spanish-musical-diaspora-iberia-y-amrica,No
1048,https://www.mdmountainside.com/the-spring-dance-concert,No
1049,https://www.mdmountainside.com/the-strawberry-dog,No
1050,https://www.mdmountainside.com/the-summit,No
1051,https://www.mdmountainside.com/the-tea-cupboard,No
1052,https://www.mdmountainside.com/the-vapor-room,No
1053,https://www.mdmountainside.com/the-vapor-room2,No
1054,https://www.mdmountainside.com/things-to-do,No
1055,https://www.mdmountainside.com/third-friday-dance-session,No
1056,https://www.mdmountainside.com/third-friday-dance-session2,No
1057,https://www.mdmountainside.com/third-friday-dance-session23,No
1058,https://www.mdmountainside.com/thirsty-thursday-game-nights-at-1812,No
1059,https://www.mdmountainside.com/thrasher-carriage-museum,No
1060,https://www.mdmountainside.com/three-guys-guns,No
1061,https://www.mdmountainside.com/timbrook-honda-of-cumberland,No
1062,https://www.mdmountainside.com/tnt-dakota-saloon,No
1063,https://www.mdmountainside.com/to-sing-to-the-lute,No
1064,https://www.mdmountainside.com/to-sing-to-the-lute-cumberland,No
1065,https://www.mdmountainside.com/toasted-goat-and-hotel-gunter-grand-opening-and-ribbon-cutting,No
1066,https://www.mdmountainside.com/toasted-goat-winery-tasting-room,No
1067,https://www.mdmountainside.com/todds-smokin-bar-b-q,No
1068,https://www.mdmountainside.com/top-10-fall-activities,No
1069,https://www.mdmountainside.com/tourism-grant-2019,No
1070,https://www.mdmountainside.com/town-creek-aqueduct-boat-access,No
1071,https://www.mdmountainside.com/town-hill-bed-breakfast,No
1072,https://www.mdmountainside.com/trail-inn-and-campground,No
1073,https://www.mdmountainside.com/trail-inn-lodging-and-campground,No
1074,https://www.mdmountainside.com/trailguide-features-cumberland-md,No
1075,https://www.mdmountainside.com/trails,No
1076,https://www.mdmountainside.com/transportation,No
1077,https://www.mdmountainside.com/transportation?from=1,No
1078,https://www.mdmountainside.com/transportation?from=11,No
1079,https://www.mdmountainside.com/transportation?from=21,No
1080,https://www.mdmountainside.com/transportation?from=31,No
1081,https://www.mdmountainside.com/twisteez-ice-cream,No
1082,https://www.mdmountainside.com/uncle-jacks-pizzeria-pub,No
1083,https://www.mdmountainside.com/union-grove-one-room-schoolhouse,No
1084,https://www.mdmountainside.com/valentines-day-2019,No
1085,https://www.mdmountainside.com/valero,No
1086,https://www.mdmountainside.com/vanmeters-gas-grocery,No
1087,https://www.mdmountainside.com/victorian-creations,No
1088,https://www.mdmountainside.com/vietnam-veterans-of-america-chapter-172-museum,No
1089,https://www.mdmountainside.com/wal-mart-supercenter,No
1090,https://www.mdmountainside.com/walkers-exxon,No
1091,https://www.mdmountainside.com/walmart-supercenter,No
1092,https://www.mdmountainside.com/walmart-vision-center,No
1093,https://www.mdmountainside.com/walsh-mccagh-kellough-pharmacy,No
1094,https://www.mdmountainside.com/warrant-in-concert,No
1095,https://www.mdmountainside.com/warrior-mountain-paintball,No
1096,https://www.mdmountainside.com/wasabi-japanese-cuisine,No
1097,https://www.mdmountainside.com/water-fun,No
1098,https://www.mdmountainside.com/weddings,No
1099,https://www.mdmountainside.com/weinerfest,No
1100,https://www.mdmountainside.com/weinerfest-ii,No
1101,https://www.mdmountainside.com/weinerfest-ii-presents-hot-sauce-willie,No
1102,https://www.mdmountainside.com/weinerfest-ii-presents-queen-city-funk-and-soul,No
1103,https://www.mdmountainside.com/weis-market-mcmullen-hwy,No
1104,https://www.mdmountainside.com/welsh-memorial-baptist-church,No
1105,https://www.mdmountainside.com/wendys-old-fashioned-hamburgers,No
1106,https://www.mdmountainside.com/wendys-old-fashioned-hamburgers-2,No
1107,https://www.mdmountainside.com/western-maryland-animal-hospital,No
1108,https://www.mdmountainside.com/western-maryland-craft-beverage-festival,No
1109,https://www.mdmountainside.com/western-maryland-dermatology,No
1110,https://www.mdmountainside.com/western-maryland-gallery,No
1111,https://www.mdmountainside.com/western-maryland-health-system,No
1112,https://www.mdmountainside.com/western-maryland-music-center,No
1113,https://www.mdmountainside.com/western-maryland-music-festival,No
1114,https://www.mdmountainside.com/western-maryland-railway-station-at-canal-place,No
1115,https://www.mdmountainside.com/western-maryland-scenic-railroad,No
1116,https://www.mdmountainside.com/western-maryland-scenic-railroad-gift-shop,No
1117,https://www.mdmountainside.com/western-md-street-rod-roundup,No
1118,https://www.mdmountainside.com/western-mountains-chapter-of-the-maryland-native-plant-society,No
1119,https://www.mdmountainside.com/westernport-boat-access,No
1120,https://www.mdmountainside.com/westernport-church-of-the-brethren,No
1121,https://www.mdmountainside.com/westernport-heritage-society-station-museum,No
1122,https://www.mdmountainside.com/white-christmas,No
1123,https://www.mdmountainside.com/white-christmas-matinee,No
1124,https://www.mdmountainside.com/wholesome-harvest-co-op,No
1125,https://www.mdmountainside.com/williams-stained-glass-studio,No
1126,https://www.mdmountainside.com/wills-creek-exhibition,No
1127,https://www.mdmountainside.com/window-expressions,No
1128,https://www.mdmountainside.com/winifred-road-church-of-christ,No
1129,https://www.mdmountainside.com/winnies-rock-cauldron-cabaret,No
1130,https://www.mdmountainside.com/winterland-on-the-western-maryland,No
1131,https://www.mdmountainside.com/winters-towing,No
1132,https://www.mdmountainside.com/wmhs-farmers-market,No
1133,https://www.mdmountainside.com/world-war-i-in-your-attic-western-maryland-in-the-first-world-war,No
1134,https://www.mdmountainside.com/worn-out-flannels-and-sweet-dreams-food-truck-at-1812-brewery,No
1135,https://www.mdmountainside.com/worn-out-flannels-plus-chef-pauls-kitchen-at-1812-brewery,No
1136,https://www.mdmountainside.com/yamato-steakhouse-of-japan,No
1137,https://www.mdmountainside.com/yellow-cab-co,No
1138,https://www.mdmountainside.com/yellow-k-records,No
1139,https://www.mdmountainside.com/zula-patrol-down-to-earth,No
