,URL,Indexable Status,Noindex,Robots.txt Noindex Directive,Is Paginated,Canonical URL,Canonical Status,Canonical URL Indexable Status
0,https://www.mdmountainside.com/results,Noindex,Meta,None,Yes,https://www.mdmountainside.com/results,To Self,Noindex
1,https://www.mdmountainside.com/results?from=1,Canonicalized Noindex,Meta,None,Yes,https://www.mdmountainside.com/results,To Internal URL,Noindex
2,https://www.mdmountainside.com/results?from=101,Canonicalized Noindex,Meta,None,Yes,https://www.mdmountainside.com/results,To Internal URL,Noindex
3,https://www.mdmountainside.com/results?from=11,Canonicalized Noindex,Meta,None,Yes,https://www.mdmountainside.com/results,To Internal URL,Noindex
4,https://www.mdmountainside.com/results?from=111,Canonicalized Noindex,Meta,None,Yes,https://www.mdmountainside.com/results,To Internal URL,Noindex
5,https://www.mdmountainside.com/results?from=121,Canonicalized Noindex,Meta,None,Yes,https://www.mdmountainside.com/results,To Internal URL,Noindex
6,https://www.mdmountainside.com/results?from=131,Canonicalized Noindex,Meta,None,Yes,https://www.mdmountainside.com/results,To Internal URL,Noindex
7,https://www.mdmountainside.com/results?from=141,Canonicalized Noindex,Meta,None,Yes,https://www.mdmountainside.com/results,To Internal URL,Noindex
8,https://www.mdmountainside.com/results?from=151,Canonicalized Noindex,Meta,None,Yes,https://www.mdmountainside.com/results,To Internal URL,Noindex
9,https://www.mdmountainside.com/results?from=161,Canonicalized Noindex,Meta,None,Yes,https://www.mdmountainside.com/results,To Internal URL,Noindex
10,https://www.mdmountainside.com/results?from=171,Canonicalized Noindex,Meta,None,Yes,https://www.mdmountainside.com/results,To Internal URL,Noindex
11,https://www.mdmountainside.com/results?from=181,Canonicalized Noindex,Meta,None,Yes,https://www.mdmountainside.com/results,To Internal URL,Noindex
12,https://www.mdmountainside.com/results?from=191,Canonicalized Noindex,Meta,None,Yes,https://www.mdmountainside.com/results,To Internal URL,Noindex
13,https://www.mdmountainside.com/results?from=201,Canonicalized Noindex,Meta,None,Yes,https://www.mdmountainside.com/results,To Internal URL,Noindex
14,https://www.mdmountainside.com/results?from=21,Canonicalized Noindex,Meta,None,Yes,https://www.mdmountainside.com/results,To Internal URL,Noindex
15,https://www.mdmountainside.com/results?from=211,Canonicalized Noindex,Meta,None,Yes,https://www.mdmountainside.com/results,To Internal URL,Noindex
16,https://www.mdmountainside.com/results?from=221,Canonicalized Noindex,Meta,None,Yes,https://www.mdmountainside.com/results,To Internal URL,Noindex
17,https://www.mdmountainside.com/results?from=231,Canonicalized Noindex,Meta,None,Yes,https://www.mdmountainside.com/results,To Internal URL,Noindex
18,https://www.mdmountainside.com/results?from=241,Canonicalized Noindex,Meta,None,Yes,https://www.mdmountainside.com/results,To Internal URL,Noindex
19,https://www.mdmountainside.com/results?from=251,Canonicalized Noindex,Meta,None,Yes,https://www.mdmountainside.com/results,To Internal URL,Noindex
20,https://www.mdmountainside.com/results?from=261,Canonicalized Noindex,Meta,None,Yes,https://www.mdmountainside.com/results,To Internal URL,Noindex
21,https://www.mdmountainside.com/results?from=271,Canonicalized Noindex,Meta,None,Yes,https://www.mdmountainside.com/results,To Internal URL,Noindex
22,https://www.mdmountainside.com/results?from=281,Canonicalized Noindex,Meta,None,Yes,https://www.mdmountainside.com/results,To Internal URL,Noindex
23,https://www.mdmountainside.com/results?from=291,Canonicalized Noindex,Meta,None,Yes,https://www.mdmountainside.com/results,To Internal URL,Noindex
24,https://www.mdmountainside.com/results?from=301,Canonicalized Noindex,Meta,None,Yes,https://www.mdmountainside.com/results,To Internal URL,Noindex
25,https://www.mdmountainside.com/results?from=31,Canonicalized Noindex,Meta,None,Yes,https://www.mdmountainside.com/results,To Internal URL,Noindex
26,https://www.mdmountainside.com/results?from=311,Canonicalized Noindex,Meta,None,Yes,https://www.mdmountainside.com/results,To Internal URL,Noindex
27,https://www.mdmountainside.com/results?from=321,Canonicalized Noindex,Meta,None,Yes,https://www.mdmountainside.com/results,To Internal URL,Noindex
28,https://www.mdmountainside.com/results?from=331,Canonicalized Noindex,Meta,None,Yes,https://www.mdmountainside.com/results,To Internal URL,Noindex
29,https://www.mdmountainside.com/results?from=341,Canonicalized Noindex,Meta,None,Yes,https://www.mdmountainside.com/results,To Internal URL,Noindex
30,https://www.mdmountainside.com/results?from=351,Canonicalized Noindex,Meta,None,Yes,https://www.mdmountainside.com/results,To Internal URL,Noindex
31,https://www.mdmountainside.com/results?from=361,Canonicalized Noindex,Meta,None,Yes,https://www.mdmountainside.com/results,To Internal URL,Noindex
32,https://www.mdmountainside.com/results?from=371,Canonicalized Noindex,Meta,None,Yes,https://www.mdmountainside.com/results,To Internal URL,Noindex
33,https://www.mdmountainside.com/results?from=381,Canonicalized Noindex,Meta,None,Yes,https://www.mdmountainside.com/results,To Internal URL,Noindex
34,https://www.mdmountainside.com/results?from=391,Canonicalized Noindex,Meta,None,Yes,https://www.mdmountainside.com/results,To Internal URL,Noindex
35,https://www.mdmountainside.com/results?from=401,Canonicalized Noindex,Meta,None,Yes,https://www.mdmountainside.com/results,To Internal URL,Noindex
36,https://www.mdmountainside.com/results?from=41,Canonicalized Noindex,Meta,None,Yes,https://www.mdmountainside.com/results,To Internal URL,Noindex
37,https://www.mdmountainside.com/results?from=411,Canonicalized Noindex,Meta,None,Yes,https://www.mdmountainside.com/results,To Internal URL,Noindex
38,https://www.mdmountainside.com/results?from=421,Canonicalized Noindex,Meta,None,Yes,https://www.mdmountainside.com/results,To Internal URL,Noindex
39,https://www.mdmountainside.com/results?from=431,Canonicalized Noindex,Meta,None,Yes,https://www.mdmountainside.com/results,To Internal URL,Noindex
40,https://www.mdmountainside.com/results?from=441,Canonicalized Noindex,Meta,None,Yes,https://www.mdmountainside.com/results,To Internal URL,Noindex
41,https://www.mdmountainside.com/results?from=451,Canonicalized Noindex,Meta,None,Yes,https://www.mdmountainside.com/results,To Internal URL,Noindex
42,https://www.mdmountainside.com/results?from=461,Canonicalized Noindex,Meta,None,Yes,https://www.mdmountainside.com/results,To Internal URL,Noindex
43,https://www.mdmountainside.com/results?from=471,Canonicalized Noindex,Meta,None,Yes,https://www.mdmountainside.com/results,To Internal URL,Noindex
44,https://www.mdmountainside.com/results?from=481,Canonicalized Noindex,Meta,None,Yes,https://www.mdmountainside.com/results,To Internal URL,Noindex
45,https://www.mdmountainside.com/results?from=491,Canonicalized Noindex,Meta,None,Yes,https://www.mdmountainside.com/results,To Internal URL,Noindex
46,https://www.mdmountainside.com/results?from=501,Canonicalized Noindex,Meta,None,Yes,https://www.mdmountainside.com/results,To Internal URL,Noindex
47,https://www.mdmountainside.com/results?from=51,Canonicalized Noindex,Meta,None,Yes,https://www.mdmountainside.com/results,To Internal URL,Noindex
48,https://www.mdmountainside.com/results?from=511,Canonicalized Noindex,Meta,None,Yes,https://www.mdmountainside.com/results,To Internal URL,Noindex
49,https://www.mdmountainside.com/results?from=521,Canonicalized Noindex,Meta,None,Yes,https://www.mdmountainside.com/results,To Internal URL,Noindex
50,https://www.mdmountainside.com/results?from=531,Canonicalized Noindex,Meta,None,Yes,https://www.mdmountainside.com/results,To Internal URL,Noindex
51,https://www.mdmountainside.com/results?from=541,Canonicalized Noindex,Meta,None,Yes,https://www.mdmountainside.com/results,To Internal URL,Noindex
52,https://www.mdmountainside.com/results?from=551,Canonicalized Noindex,Meta,None,Yes,https://www.mdmountainside.com/results,To Internal URL,Noindex
53,https://www.mdmountainside.com/results?from=561,Canonicalized Noindex,Meta,None,Yes,https://www.mdmountainside.com/results,To Internal URL,Noindex
54,https://www.mdmountainside.com/results?from=571,Canonicalized Noindex,Meta,None,Yes,https://www.mdmountainside.com/results,To Internal URL,Noindex
55,https://www.mdmountainside.com/results?from=581,Canonicalized Noindex,Meta,None,Yes,https://www.mdmountainside.com/results,To Internal URL,Noindex
56,https://www.mdmountainside.com/results?from=591,Canonicalized Noindex,Meta,None,Yes,https://www.mdmountainside.com/results,To Internal URL,Noindex
57,https://www.mdmountainside.com/results?from=601,Canonicalized Noindex,Meta,None,Yes,https://www.mdmountainside.com/results,To Internal URL,Noindex
58,https://www.mdmountainside.com/results?from=61,Canonicalized Noindex,Meta,None,Yes,https://www.mdmountainside.com/results,To Internal URL,Noindex
59,https://www.mdmountainside.com/results?from=611,Canonicalized Noindex,Meta,None,Yes,https://www.mdmountainside.com/results,To Internal URL,Noindex
60,https://www.mdmountainside.com/results?from=621,Canonicalized Noindex,Meta,None,Yes,https://www.mdmountainside.com/results,To Internal URL,Noindex
61,https://www.mdmountainside.com/results?from=631,Canonicalized Noindex,Meta,None,Yes,https://www.mdmountainside.com/results,To Internal URL,Noindex
62,https://www.mdmountainside.com/results?from=641,Canonicalized Noindex,Meta,None,Yes,https://www.mdmountainside.com/results,To Internal URL,Noindex
63,https://www.mdmountainside.com/results?from=651,Canonicalized Noindex,Meta,None,Yes,https://www.mdmountainside.com/results,To Internal URL,Noindex
64,https://www.mdmountainside.com/results?from=661,Canonicalized Noindex,Meta,None,Yes,https://www.mdmountainside.com/results,To Internal URL,Noindex
65,https://www.mdmountainside.com/results?from=671,Canonicalized Noindex,Meta,None,Yes,https://www.mdmountainside.com/results,To Internal URL,Noindex
66,https://www.mdmountainside.com/results?from=681,Canonicalized Noindex,Meta,None,Yes,https://www.mdmountainside.com/results,To Internal URL,Noindex
67,https://www.mdmountainside.com/results?from=691,Canonicalized Noindex,Meta,None,Yes,https://www.mdmountainside.com/results,To Internal URL,Noindex
68,https://www.mdmountainside.com/results?from=71,Canonicalized Noindex,Meta,None,Yes,https://www.mdmountainside.com/results,To Internal URL,Noindex
69,https://www.mdmountainside.com/results?from=81,Canonicalized Noindex,Meta,None,Yes,https://www.mdmountainside.com/results,To Internal URL,Noindex
70,https://www.mdmountainside.com/results?from=91,Canonicalized Noindex,Meta,None,Yes,https://www.mdmountainside.com/results,To Internal URL,Noindex
