,URL,Crawl Source,URL Source,Found in Sitemaps,Found in Google Analytics,Found in Google Search Analytics,Indexable,Indexable Status
0,https://www.mdmountainside.com/10th-annual-roger-rizer-memorial-car-show,Google Analytics,Google Analytics,No,Yes,No,No,Not Found
1,https://www.mdmountainside.com/1st-presbyterian-churchs-annual-ice-cream-social,Google Analytics,Google Analytics,No,Yes,No,No,Not Found
2,https://www.mdmountainside.com/2019-annual-members-exhibition,Google Analytics,Google Analytics,No,Yes,No,No,Not Found
3,https://www.mdmountainside.com/2019-heritage-days-festival,Google Analytics,Google Analytics,No,Yes,No,No,Not Found
4,https://www.mdmountainside.com/2019-polish-mountain-hill-climb,Google Analytics,Google Analytics,No,Yes,No,No,Not Found
5,https://www.mdmountainside.com/32nd-annual-coney-days,Google Analytics,Google Analytics,No,Yes,No,No,Not Found
6,https://www.mdmountainside.com/33rd-annual-coney-days-sunday-on-the-crick,Google Analytics,Google Analytics,No,Yes,No,No,Not Found
7,https://www.mdmountainside.com/6th-annual-casa-wine-and-craft-beer-festival,Google Analytics,Google Analytics,No,Yes,No,No,Not Found
8,https://www.mdmountainside.com/?fbclid=IwAR0IxhFOSItNOypFXaMzorh3kQ0vL5fw3XBhO8MYsh2VH9agoIAQJlBifyw,Google Analytics,Google Analytics,No,Yes,No,No,Canonicalized
9,https://www.mdmountainside.com/Delfest,Google Analytics,Google Analytics,No,Yes,No,Yes,Indexable
10,https://www.mdmountainside.com/a-streetcar-named-desire,Google Analytics,Google Analytics,No,Yes,No,No,Not Found
11,https://www.mdmountainside.com/allegany-county-fair-2019,Google Analytics,Google Analytics,No,Yes,No,No,Not Found
12,https://www.mdmountainside.com/an-intimate-evening-with-bowman-bowman-and-dre,Google Analytics,Google Analytics,No,Yes,No,No,Not Found
13,https://www.mdmountainside.com/art-and-yoga-2,Google Analytics,Google Analytics,No,Yes,No,No,Not Found
14,https://www.mdmountainside.com/battle-of-folcks-mill-commemoration-at-1812-brewery,Google Analytics,Google Analytics,No,Yes,No,No,Not Found
15,https://www.mdmountainside.com/blog/summer-of-music?fbclid=IwAR1Hog0BuyYL_dcQyw_yV4bncwFB8MrkfYI6vd2F7_da1zT4sOjoxsZ3Lp0,Google Analytics,Google Analytics,No,Yes,No,No,Canonicalized
16,https://www.mdmountainside.com/blog/summer-of-music?fbclid=IwAR1v_T9fc8LNOhnJY5SIfDnMCo8zbeXRsnIJA4K8ILLLlF0HjzE6NPlEJIs,Google Analytics,Google Analytics,No,Yes,No,No,Canonicalized
17,https://www.mdmountainside.com/blog/summer-of-music?fbclid=IwAR2-ZCnKWpZF_txfXMyAGV8zRybLsGRgWDqxGNut5pdugmrOFEfJIhHG3Xw,Google Analytics,Google Analytics,No,Yes,No,No,Canonicalized
18,https://www.mdmountainside.com/blog/summer-of-music?fbclid=IwAR3EnxNgUTGEAaJ7b3a_AK2ejOeEeOW1qlbPJHj3z7TTWaFfHOKnimDbKLw,Google Analytics,Google Analytics,No,Yes,No,No,Canonicalized
19,https://www.mdmountainside.com/blog/summer-of-music?fbclid=IwAR3LB-0kOWqXkWVnYjb_-1o4BMJ2NV3j24SLJvCewVd9Xs6ZPEdRxs0osvM,Google Analytics,Google Analytics,No,Yes,No,No,Canonicalized
20,https://www.mdmountainside.com/blurred-lines-deborah-hicks-odgers,Google Analytics,Google Analytics,No,Yes,No,No,Not Found
21,https://www.mdmountainside.com/book-discussion-of-heartland-a-memoir-by-sarah-smarsh-2,Google Analytics,Google Analytics,No,Yes,No,No,Not Found
22,https://www.mdmountainside.com/cadillac-cowboys-and-maddie-lous-bbq-at-1812-brewery,Google Analytics,Google Analytics,No,Yes,No,No,Not Found
23,https://www.mdmountainside.com/canal-place-heritage-area,Google Analytics,Google Analytics,No,Yes,No,No,Redirects
24,https://www.mdmountainside.com/casting-crowns,Google Analytics,Google Analytics,No,Yes,No,No,Not Found
25,https://www.mdmountainside.com/category/assemblies_of_god,Google Analytics,Google Analytics,No,Yes,No,No,Not Found
26,https://www.mdmountainside.com/category/fishing,Google Analytics,Google Analytics,No,Yes,No,No,Not Found
27,https://www.mdmountainside.com/category/jewish_temple,Google Analytics,Google Analytics,No,Yes,No,No,Not Found
28,https://www.mdmountainside.com/co-canal-national-historical-park-visitors-center,Google Analytics,Google Analytics,No,Yes,No,No,Redirects
29,https://www.mdmountainside.com/coffee-with-a-writer-amy-gottfried,Google Analytics,Google Analytics,No,Yes,No,No,Not Found
30,https://www.mdmountainside.com/contest-home?fbclid=IwAR0Yfm33iuos4egB5I_YQaD4QFnmVg1go131jwDVa3QpBJGp8pZGkDNIcBA,Google Analytics,Google Analytics,No,Yes,No,No,Canonicalized
31,https://www.mdmountainside.com/contest-home?fbclid=IwAR1rqV0KzozimLAq2_V0UGFN8hJRMT7qVLV2usZOSeZkuBEojQT0AGnfeGk,Google Analytics,Google Analytics,No,Yes,No,No,Canonicalized
32,https://www.mdmountainside.com/countdown-to-delfest-brunch-with-jason-mcdonald,Google Analytics,Google Analytics,No,Yes,No,No,Not Found
33,https://www.mdmountainside.com/cramer-brothers-wtim-haines-good-carma-catering-at-1812-brewery,Google Analytics,Google Analytics,No,Yes,No,No,Not Found
34,https://www.mdmountainside.com/cumberland-pride-festival,Google Analytics,Google Analytics,No,Yes,No,No,Not Found
35,https://www.mdmountainside.com/dans-mountain-pool-dollar-dip,Google Analytics,Google Analytics,No,Yes,No,No,Not Found
36,https://www.mdmountainside.com/deeper-community-night-of-worship,Google Analytics,Google Analytics,No,Yes,No,No,Not Found
37,https://www.mdmountainside.com/dirty-mae-live-on-the-mccoury-family-stage-2,Google Analytics,Google Analytics,No,Yes,No,No,Not Found
38,https://www.mdmountainside.com/dr-frankenmakers-lab-4,Google Analytics,Google Analytics,No,Yes,No,No,Not Found
39,https://www.mdmountainside.com/driftwood-live-on-the-mccoury-family-stage,Google Analytics,Google Analytics,No,Yes,No,No,Not Found
40,https://www.mdmountainside.com/drive-in-fly-in-3,Google Analytics,Google Analytics,No,Yes,No,No,Not Found
41,https://www.mdmountainside.com/event-calendar?fbclid=IwAR1c5PBpdJrqisYi9VKH-lWDHPJ45hTbhBwdiB6_bFQsIo_x-p0IlSzcqYA,Google Analytics,Google Analytics,No,Yes,No,No,Canonicalized
42,https://www.mdmountainside.com/event/jul-2012-national_roller_hockey_championship,Google Analytics,Google Analytics,No,Yes,No,No,Not Found
43,https://www.mdmountainside.com/event/sep-2012-sean_keane,Google Analytics,Google Analytics,No,Yes,No,No,Not Found
44,https://www.mdmountainside.com/evergreen-herb-expo,Google Analytics,Google Analytics,No,Yes,No,No,Not Found
45,https://www.mdmountainside.com/flower-and-plant-sale-in-downtown-cumberland,Google Analytics,Google Analytics,No,Yes,No,No,Not Found
46,https://www.mdmountainside.com/fred-n-josh-plus-chef-pauls-kitchen-at-1812-brewery,Google Analytics,Google Analytics,No,Yes,No,No,Not Found
47,https://www.mdmountainside.com/fred-n-josh-plus-klavuhn-wood-fired-concessions-at-1812-brewery,Google Analytics,Google Analytics,No,Yes,No,No,Not Found
48,https://www.mdmountainside.com/frostburg-museum-,Google Analytics,Google Analytics,No,Yes,No,No,Redirects
49,https://www.mdmountainside.com/george-washingtons-whiskey-rebellion-fest,Google Analytics,Google Analytics,No,Yes,No,No,Not Found
50,https://www.mdmountainside.com/ghost-tour-of-historic-cumberland-2,Google Analytics,Google Analytics,No,Yes,No,No,Not Found
51,https://www.mdmountainside.com/historic-national-road-yard-sale-in-downtown-cumberland-md,Google Analytics,Google Analytics,No,Yes,No,No,Not Found
52,https://www.mdmountainside.com/jay-dewire-piano,Google Analytics,Google Analytics,No,Yes,No,No,Not Found
53,https://www.mdmountainside.com/joey-harkum-band-live-on-the-mccoury-family-stage,Google Analytics,Google Analytics,No,Yes,No,No,Not Found
54,https://www.mdmountainside.com/kemp-lodge-steak-feed,Google Analytics,Google Analytics,No,Yes,No,No,Not Found
55,https://www.mdmountainside.com/kix-and-great-white-live,Google Analytics,Google Analytics,No,Yes,No,No,Not Found
56,https://www.mdmountainside.com/lambda-car-club-international-grand-invitational,Google Analytics,Google Analytics,No,Yes,No,No,Not Found
57,https://www.mdmountainside.com/lanco-in-concert,Google Analytics,Google Analytics,No,Yes,No,No,Not Found
58,https://www.mdmountainside.com/lashbaughs-bar-grill,Google Analytics,Google Analytics,No,Yes,No,No,Not Found
59,https://www.mdmountainside.com/lefty-grove-memorial-park-dedication,Google Analytics,Google Analytics,No,Yes,No,No,Not Found
60,https://www.mdmountainside.com/legally-blonde-the-musical,Google Analytics,Google Analytics,No,Yes,No,No,Not Found
61,https://www.mdmountainside.com/loretta-hummel-and-country-grass-live-on-the-mccoury-family-stage,Google Analytics,Google Analytics,No,Yes,No,No,Not Found
62,https://www.mdmountainside.com/maplehurst-country-club,Google Analytics,Google Analytics,No,Yes,No,No,Not Found
63,https://www.mdmountainside.com/mark-gallagher-clarinet,Google Analytics,Google Analytics,No,Yes,No,No,Not Found
64,https://www.mdmountainside.com/midlife-crisis-and-chef-pauls-kitchen-at-1812-brewery,Google Analytics,Google Analytics,No,Yes,No,No,Not Found
65,https://www.mdmountainside.com/mountain-maryland-native-plant-festival,Google Analytics,Google Analytics,No,Yes,No,No,Not Found
66,https://www.mdmountainside.com/musician-black-guy-fawkes-and-sob-bbq-at-1812-brewery,Google Analytics,Google Analytics,No,Yes,No,No,Not Found
67,https://www.mdmountainside.com/musician-dan-stevens,Google Analytics,Google Analytics,No,Yes,No,No,Not Found
68,https://www.mdmountainside.com/musician-dan-stevens-klavuhn-family-concessions-at-1812,Google Analytics,Google Analytics,No,Yes,No,No,Not Found
69,https://www.mdmountainside.com/musician-gibb-cochrum-and-sob-bbq-at-1812-brewery,Google Analytics,Google Analytics,No,Yes,No,No,Not Found
70,https://www.mdmountainside.com/musicians-chris-workman-and-craig-miller,Google Analytics,Google Analytics,No,Yes,No,No,Not Found
71,https://www.mdmountainside.com/night-traveler-and-bbq-beast,Google Analytics,Google Analytics,No,Yes,No,No,Not Found
72,https://www.mdmountainside.com/night-traveler-and-good-carma-catering-at-1812-brewery2,Google Analytics,Google Analytics,No,Yes,No,No,Not Found
73,https://www.mdmountainside.com/noma-exhibition,Google Analytics,Google Analytics,No,Yes,No,No,Not Found
74,https://www.mdmountainside.com/oldtown-summerfest,Google Analytics,Google Analytics,No,Yes,No,No,Not Found
75,https://www.mdmountainside.com/ole-97-johnny-cashjune-carter-tribute,Google Analytics,Google Analytics,No,Yes,No,No,Not Found
76,https://www.mdmountainside.com/original-bluegrass-by-the-plate-scrapers-at-1812-brewery,Google Analytics,Google Analytics,No,Yes,No,No,Not Found
77,https://www.mdmountainside.com/pints-and-pilates-at-1812-brewery,Google Analytics,Google Analytics,No,Yes,No,No,Not Found
78,https://www.mdmountainside.com/pints-and-pilates-with-trainer-karen-smith-at-1812-brewery,Google Analytics,Google Analytics,No,Yes,No,No,Not Found
79,https://www.mdmountainside.com/pirates-ahoy-2019,Google Analytics,Google Analytics,No,Yes,No,No,Not Found
80,https://www.mdmountainside.com/relay4life,Google Analytics,Google Analytics,No,Yes,No,No,Not Found
81,https://www.mdmountainside.com/route-36-yard-sale,Google Analytics,Google Analytics,No,Yes,No,No,Not Found
82,https://www.mdmountainside.com/spring-wine-pairing-dinner-at-toasted-goat,Google Analytics,Google Analytics,No,Yes,No,No,Not Found
83,https://www.mdmountainside.com/summer-at-your-library-block-party,Google Analytics,Google Analytics,No,Yes,No,No,Not Found
84,https://www.mdmountainside.com/summer-of-heritage?fbclid=IwAR0moo06v_OU-3wGoZewl-SvxjSS-jlom0rnekFrW6DHc8z7ZmH19gJhFZM,Google Analytics,Google Analytics,No,Yes,No,No,Canonicalized
85,https://www.mdmountainside.com/summer?fbclid=IwAR1K4yjnGeOUkPo3eTvjxfCu3so8ZCUqV36-F1bzS3_TuSozi-pHoJpNi40,Google Analytics,Google Analytics,No,Yes,No,No,Canonicalized
86,https://www.mdmountainside.com/summer?fbclid=IwAR2Ugr5VvVQlMkOugHgqmr-uHEs-aVZNXeLs6ymQ9jt0vM8T8kKP_d3nnok,Google Analytics,Google Analytics,No,Yes,No,No,Canonicalized
87,https://www.mdmountainside.com/summer?fbclid=IwAR2cEfwhwsD1ZRpQaVc3GX5kaHTwSHhsbNVsW6HUvNjbMtsy9-nal0qi210,Google Analytics,Google Analytics,No,Yes,No,No,Canonicalized
88,https://www.mdmountainside.com/summer?fbclid=IwAR2uc0zc6byAoXy3SjtOYFXkdEeuvinluSMxNzTaAP2-r7sbpuACKQdzf_s,Google Analytics,Google Analytics,No,Yes,No,No,Canonicalized
89,https://www.mdmountainside.com/summer?fbclid=IwAR2w5ksyUzICy4r-nL0B1-yiOXfOxNOVG4u8zgFpbLJDQSPJDNegZV1bY78,Google Analytics,Google Analytics,No,Yes,No,No,Canonicalized
90,https://www.mdmountainside.com/summer?goal=0_2f4e1e8384-205082d997-245207921&mc_cid=205082d997&mc_eid=52f77e06bd,Google Analytics,Google Analytics,No,Yes,No,No,Canonicalized
91,https://www.mdmountainside.com/surrender-dorothy-and-good-carma-cathering-at-1812-brewery,Google Analytics,Google Analytics,No,Yes,No,No,Not Found
92,https://www.mdmountainside.com/the-color-of-water-western-maryland-watercolor-society-exhibition,Google Analytics,Google Analytics,No,Yes,No,No,Not Found
93,https://www.mdmountainside.com/the-glass-menagerie-by-tennessee-williams,Google Analytics,Google Analytics,No,Yes,No,No,Not Found
94,https://www.mdmountainside.com/the-golden-gays-and-winnies-rock-cauldron-gay-pride-extravaganza,Google Analytics,Google Analytics,No,Yes,No,No,Not Found
95,https://www.mdmountainside.com/the-pros-from-dover-at-the-1812-brewerys-food-truck-fest,Google Analytics,Google Analytics,No,Yes,No,No,Not Found
96,https://www.mdmountainside.com/the-rocky-horror-show,Google Analytics,Google Analytics,No,Yes,No,No,Not Found
97,https://www.mdmountainside.com/the-royal-train,Google Analytics,Google Analytics,No,Yes,No,No,Not Found
98,https://www.mdmountainside.com/the-worn-out-flannels-plus-sob-bbq-at-1812-brewery,Google Analytics,Google Analytics,No,Yes,No,No,Not Found
99,https://www.mdmountainside.com/tour-of-burial-site-of-american-revolutionary-war-soldier,Google Analytics,Google Analytics,No,Yes,No,No,Not Found
100,https://www.mdmountainside.com/tracy-lawrence-in-concert,Google Analytics,Google Analytics,No,Yes,No,No,Not Found
101,https://www.mdmountainside.com/tri-state-zoological-park,Google Analytics,Google Analytics,No,Yes,No,No,Not Found
102,https://www.mdmountainside.com/ty-johnson-day,Google Analytics,Google Analytics,No,Yes,No,No,Not Found
103,https://www.mdmountainside.com/whiskey-paint-and-sip,Google Analytics,Google Analytics,No,Yes,No,No,Not Found
104,https://www.mdmountainside.com/wicked-jezabel-live-on-the-mccoury-family-stage,Google Analytics,Google Analytics,No,Yes,No,No,Not Found
105,https://www.mdmountainside.com/woodwind-studio-recital,Google Analytics,Google Analytics,No,Yes,No,No,Not Found
106,https://www.mdmountainside.com/woof-stock-acass-4th-annual-beer-wine-and-music-festival,Google Analytics,Google Analytics,No,Yes,No,No,Not Found
107,https://www.mdmountainside.com/worn-out-flannels-plus-zebs-barbeque-at-1812-brewery,Google Analytics,Google Analytics,No,Yes,No,No,Not Found
108,https://www.mdmountainside.com/zumba-and-brews-at-1812-brewery,Google Analytics,Google Analytics,No,Yes,No,No,Not Found
109,https://www.mdmountainside.com/zumba-and-brews-at-1812-brewery-2,Google Analytics,Google Analytics,No,Yes,No,No,Not Found
