,URL,Total Page Size (kB),Total JS Size (kB),No. JavaScript Files
0,https://www.mdmountainside.com/,3912.58,882.99,11
1,https://www.mdmountainside.com/10th-annual-mountain-maryland-plein-air,3221.8,768.73,8
2,https://www.mdmountainside.com/1812-brewery,1433.95,768.73,8
3,https://www.mdmountainside.com/1812-brewery-farmerscraftsflea-market,1370.26,768.73,8
4,https://www.mdmountainside.com/1812-brewery-farmerscraftsflea-market2,1369.06,768.73,8
5,https://www.mdmountainside.com/1812-brewery-farmerscraftsflea-market23,1369.07,768.73,8
6,https://www.mdmountainside.com/1812-brewery-farmerscraftsflea-market234,1369.08,768.73,8
7,https://www.mdmountainside.com/1812-brewery-presents-musician-gibb-cochrum-and-food-by-chef-pauls-kitchen,938.66,768.73,8
8,https://www.mdmountainside.com/1812-octobeerfest-dinner-with-good-carma-catering,1440.26,768.73,8
9,https://www.mdmountainside.com/1812s-howl-o-ween-party,794.92,768.73,8
10,https://www.mdmountainside.com/18th-annual-labor-day-supercruise,912.88,768.73,8
11,https://www.mdmountainside.com/1978-bishop-walsh-city-championship-football-reunion-with-night-traveler-and-wamba-caravan-89,893.3,768.73,8
12,https://www.mdmountainside.com/2018-cumberland-holiday-historic-home-tour,1640.5,768.73,8
13,https://www.mdmountainside.com/2018-halloween-bash-with-rubix-kube,1194.74,768.73,8
14,https://www.mdmountainside.com/2018-western-maryland-kidney-ride,1108.66,768.73,8
15,https://www.mdmountainside.com/2nd-annual-ugly-christmas-sweater-party-at-1812-brewery,1267.5,768.73,8
16,https://www.mdmountainside.com/2nd-annual-ymca-dragons-on-the-lake,1006.9,768.73,8
17,https://www.mdmountainside.com/30th-annual-iron-furnace-5k-and-fun-walk,1190.62,768.73,8
18,https://www.mdmountainside.com/32nd-annual-coney-days-coney-days-campfire,790.42,768.73,8
19,https://www.mdmountainside.com/32nd-annual-coney-days-sunday-in-the-park,803.66,768.73,8
20,https://www.mdmountainside.com/3m-challenge-bike-ride,1008.54,768.73,8
21,https://www.mdmountainside.com/4th-annual-brush-tunnel-marathon-and-half-marathon,782.12,768.73,8
22,https://www.mdmountainside.com/5th-annual-gap-marathon-and-half-marathon,798.56,768.73,8
23,https://www.mdmountainside.com/5th-last-dale-murray-memorial-benefit-motorcycle-ride,793.61,768.73,8
24,https://www.mdmountainside.com/7-cs-lodging,2367.16,768.73,8
25,https://www.mdmountainside.com/9-north-centre-for-the-arts,1178.5,768.73,8
26,https://www.mdmountainside.com/accent-on-health-chiropractic-massage,805.31,768.73,8
27,https://www.mdmountainside.com/acre-coworking,916.39,768.73,8
28,https://www.mdmountainside.com/al-gar-federal-credit-union,816.19,768.73,8
29,https://www.mdmountainside.com/aldi-grocery-store,1031.44,768.73,8
30,https://www.mdmountainside.com/ali-ghan-shrine-club,849.42,768.73,8
31,https://www.mdmountainside.com/allegania,1681.27,768.73,8
32,https://www.mdmountainside.com/allegany-arts-council,3779.33,768.73,8
33,https://www.mdmountainside.com/allegany-chiropractic-center,1011.37,768.73,8
34,https://www.mdmountainside.com/allegany-college-of-maryland,765.49,768.73,8
35,https://www.mdmountainside.com/allegany-county-fair-ag-expo,944.99,768.73,8
36,https://www.mdmountainside.com/allegany-county-fairgrounds,1752.08,768.73,8
37,https://www.mdmountainside.com/allegany-county-library-system,3315.5,768.73,8
38,https://www.mdmountainside.com/allegany-county-march-for-babies,848.56,768.73,8
39,https://www.mdmountainside.com/allegany-county-restaurant-week,947.25,768.73,8
40,https://www.mdmountainside.com/allegany-county-schools,813.48,768.73,8
41,https://www.mdmountainside.com/allegany-county-teachers-credit-union,907.94,768.73,8
42,https://www.mdmountainside.com/allegany-county-visitor-center,1834.67,768.73,8
43,https://www.mdmountainside.com/allegany-liquor-store,872.8,768.73,8
44,https://www.mdmountainside.com/allegany-museum,2234.26,768.73,8
45,https://www.mdmountainside.com/allegheny-trail-house-bed-breakfast,1378.29,768.73,8
46,https://www.mdmountainside.com/alpacas-at-rivers-edge-farm,1043.78,768.73,8
47,https://www.mdmountainside.com/an-evening-at-1812-with-gibb-cochrum-and-mighty-kimchi-food-truck,938.31,768.73,8
48,https://www.mdmountainside.com/annies-sleep-center,846.1,768.73,8
49,https://www.mdmountainside.com/appalachia-awakening,819.11,768.73,8
50,https://www.mdmountainside.com/appalachian-festival,1500.92,768.73,8
51,https://www.mdmountainside.com/appels-gateway,1128.77,768.73,8
52,https://www.mdmountainside.com/applebees-restaurant,767.85,768.73,8
53,https://www.mdmountainside.com/apples-east-coast-motorcycle-rally,899.72,768.73,8
54,https://www.mdmountainside.com/arbys,787.57,768.73,8
55,https://www.mdmountainside.com/ark-candles-soaps,1370.29,768.73,8
56,https://www.mdmountainside.com/around-the-back-family-chiropractic,744.64,768.73,8
57,https://www.mdmountainside.com/art-exhibit-by-sheri-sensabaugh-the-fabric-of-my-life,941.18,768.73,8
58,https://www.mdmountainside.com/art-exhibition-art-and-soul-ii-by-susan-g-devan,2529.46,768.73,8
59,https://www.mdmountainside.com/arts-and-culture,1561.83,768.73,8
60,https://www.mdmountainside.com/aspen-dental,716.51,768.73,8
61,https://www.mdmountainside.com/azads-of-cumberland-at-the-qashqai-gallery,987.9,768.73,8
62,https://www.mdmountainside.com/b-rads-pizza,875.07,768.73,8
63,https://www.mdmountainside.com/back-by-popular-demand-the-fly-birds,887.41,768.73,8
64,https://www.mdmountainside.com/baltimore-street-collectibles,921.5,768.73,8
65,https://www.mdmountainside.com/baltimore-street-grill,1365.72,768.73,8
66,https://www.mdmountainside.com/banana-leaf,931.44,768.73,8
67,https://www.mdmountainside.com/banks,899.58,768.73,8
68,https://www.mdmountainside.com/barbaras-hallmark,763.34,768.73,8
69,https://www.mdmountainside.com/bark4life,810.71,768.73,8
70,https://www.mdmountainside.com/barkin-basement-thrift-shop,869.46,768.73,8
71,https://www.mdmountainside.com/barkin-basement-thrift-shop-sidewalk-sale,1521.37,768.73,8
72,https://www.mdmountainside.com/bars-and-nighttlife,1819.74,768.73,8
73,https://www.mdmountainside.com/bartons-towing-auto-service,1055.63,768.73,8
74,https://www.mdmountainside.com/basecamp-coffee-company,985.97,768.73,8
75,https://www.mdmountainside.com/bb-country-meats,922.26,768.73,8
76,https://www.mdmountainside.com/beckmans-greene-street-pharmacy-inc,842.27,768.73,8
77,https://www.mdmountainside.com/bed-and-breakfasts,1250.11,768.73,8
78,https://www.mdmountainside.com/beer-pairing-dinner-featuring-1812-brewery-and-good-carma-catering,801.81,768.73,8
79,https://www.mdmountainside.com/beer-wine-spirits-,828.86,768.73,8
80,https://www.mdmountainside.com/beginnings-montessori,807.04,768.73,8
81,https://www.mdmountainside.com/ber-chayim-temple-,816.64,768.73,8
82,https://www.mdmountainside.com/best-western-braddock,783.56,768.73,8
83,https://www.mdmountainside.com/bethel-holiness-church,859.54,768.73,8
84,https://www.mdmountainside.com/big-lots,786.96,768.73,8
85,https://www.mdmountainside.com/bills-place,789.01,768.73,8
86,https://www.mdmountainside.com/black-guy-fawkes-on-stage-at-1812-brewery,793.84,768.73,8
87,https://www.mdmountainside.com/black-guy-fawkes-plus-good-carma-catering-at-1812-brewery,822.37,768.73,8
88,https://www.mdmountainside.com/black-oak-bottom-boat-access,1151.56,768.73,8
89,https://www.mdmountainside.com/bob-evans-restaurant-,964.89,768.73,8
90,https://www.mdmountainside.com/bonds-landing-boat-access,927.05,768.73,8
91,https://www.mdmountainside.com/brews-wines-and-spirits,1385.48,768.73,8
92,https://www.mdmountainside.com/buckleys-24-hr-towing,822.02,768.73,8
93,https://www.mdmountainside.com/buffalo-wild-wings,784.77,768.73,8
94,https://www.mdmountainside.com/buttercup-boutique,1328.47,768.73,8
95,https://www.mdmountainside.com/c-william-gilchrist-gallery-and-museum,1222.98,768.73,8
96,https://www.mdmountainside.com/cabins-and-campgrounds,1673.41,768.73,8
97,https://www.mdmountainside.com/cafe-mark,843.99,768.73,8
98,https://www.mdmountainside.com/calvary-baptist-church-calvary-christian-academy,921.54,768.73,8
99,https://www.mdmountainside.com/calvary-bible-church--independent-baptist,798.71,768.73,8
100,https://www.mdmountainside.com/camp-potomac,2376.54,768.73,8
101,https://www.mdmountainside.com/canal-boat-replica-the-cumberland,1527.29,768.73,8
102,https://www.mdmountainside.com/canal-place-farmers-market,1021.33,768.73,8
103,https://www.mdmountainside.com/canal-place-heritage-park,2015.65,768.73,8
104,https://www.mdmountainside.com/canine-couture,785.42,768.73,8
105,https://www.mdmountainside.com/caporales-bakery-inc,816.22,768.73,8
106,https://www.mdmountainside.com/cartridges-galore,794.67,768.73,8
107,https://www.mdmountainside.com/casinos,1116.82,768.73,8
108,https://www.mdmountainside.com/catering,1360.52,768.73,8
109,https://www.mdmountainside.com/centenary-united-methodist-church,746.9,768.73,8
110,https://www.mdmountainside.com/central-assembly-of-god,905.89,768.73,8
111,https://www.mdmountainside.com/ces-at-frostburg-state-university,2096.03,768.73,8
112,https://www.mdmountainside.com/ces-at-frostburg-state-university-presents-1st-project,954.32,768.73,8
113,https://www.mdmountainside.com/ces-at-frostburg-state-university-presents-an-evening-with-jo-dee-messina,808.35,768.73,8
114,https://www.mdmountainside.com/ces-at-frostburg-state-university-presents-banda-magda,916.58,768.73,8
115,https://www.mdmountainside.com/ces-at-frostburg-state-university-presents-catapult-the-amazing-magic-of-shadow-dance,888.08,768.73,8
116,https://www.mdmountainside.com/ces-at-frostburg-state-university-presents-christian-sands-trio,861.97,768.73,8
117,https://www.mdmountainside.com/ces-at-frostburg-state-university-presents-cirque-flip-fabrique-in-blizzard,1141.47,768.73,8
118,https://www.mdmountainside.com/ces-at-frostburg-state-university-presents-cirque-mei-elite-circus-artists-and-acrobats-of-hebei-china,883.35,768.73,8
119,https://www.mdmountainside.com/ces-at-frostburg-state-university-presents-crys-matthews,872.12,768.73,8
120,https://www.mdmountainside.com/ces-at-frostburg-state-university-presents-crys-matthews-workshop-sing-dont-shout-an-alternative-approach,872.48,768.73,8
121,https://www.mdmountainside.com/ces-at-frostburg-state-university-presents-derek-brown-featuring-fsu-jazz-orchestra-and-faculty,940.05,768.73,8
122,https://www.mdmountainside.com/ces-at-frostburg-state-university-presents-ghost-note,1013.0,768.73,8
123,https://www.mdmountainside.com/ces-at-frostburg-state-university-presents-jeff-coffin-and-roy-wooten,988.49,768.73,8
124,https://www.mdmountainside.com/ces-at-frostburg-state-university-presents-kaia-kater-with-anna-and-elizabeth,826.99,768.73,8
125,https://www.mdmountainside.com/ces-at-frostburg-state-university-presents-malamanya,954.48,768.73,8
126,https://www.mdmountainside.com/ces-at-frostburg-state-university-presents-maryland-symphony-orchestra-immortal-mozart-schuberts-fifth-symphony,1027.94,768.73,8
127,https://www.mdmountainside.com/ces-at-frostburg-state-university-presents-maryland-symphony-orchestra-in-the-american-symphony,1030.65,768.73,8
128,https://www.mdmountainside.com/ces-at-frostburg-state-university-presents-ren-marie-and-experiment-in-truth,841.62,768.73,8
129,https://www.mdmountainside.com/ces-at-frostburg-state-university-presents-russian-national-ballet-in-don-quixote,974.35,768.73,8
130,https://www.mdmountainside.com/ces-at-frostburg-state-university-presents-russian-national-ballet-in-giselle,826.8,768.73,8
131,https://www.mdmountainside.com/ces-at-frostburg-state-university-presents-six-appeal,864.77,768.73,8
132,https://www.mdmountainside.com/ces-at-frostburg-state-university-presents-songs-of-ireland-a-celtic-celebration,1281.66,768.73,8
133,https://www.mdmountainside.com/ces-at-frostburg-state-university-presents-stacey-kay,865.73,768.73,8
134,https://www.mdmountainside.com/ces-at-frostburg-state-university-presents-terry-barber-countertenor-in-christmas-presence,807.21,768.73,8
135,https://www.mdmountainside.com/ces-at-frostburg-state-university-presents-the-brubeck-brothers-quartet-celebrates-dave-brubecks-centennial,927.26,768.73,8
136,https://www.mdmountainside.com/ces-at-frostburg-state-university-presents-the-lique,961.45,768.73,8
137,https://www.mdmountainside.com/ces-at-frostburg-state-university-presents-thomas-pandolfi-into-the-night-with-gershwin,810.98,768.73,8
138,https://www.mdmountainside.com/ces-at-frostburg-state-university-presents-veronica-swift,845.45,768.73,8
139,https://www.mdmountainside.com/ces-concert-series-presents-an-evening-with-leann-rimes,894.83,768.73,8
140,https://www.mdmountainside.com/ces-presents-dom-flemons-in-the-appalachian-festival-capstone-concert,878.38,768.73,8
141,https://www.mdmountainside.com/charis-winery-distillery,1635.84,768.73,8
142,https://www.mdmountainside.com/charlies-motel,930.23,768.73,8
143,https://www.mdmountainside.com/chco-revolutionary-war-plaque-reading,840.03,768.73,8
144,https://www.mdmountainside.com/chessie-federal-credit-union,922.41,768.73,8
145,https://www.mdmountainside.com/chick-fil-a-at-queen-city-centre,1092.64,768.73,8
146,https://www.mdmountainside.com/chick-fil-a-country-club-mall,1129.76,768.73,8
147,https://www.mdmountainside.com/chick-fil-a-lavale,820.9,768.73,8
148,https://www.mdmountainside.com/chinese-bandits-and-cruise-in-at-windsor-castle,1762.91,768.73,8
149,https://www.mdmountainside.com/chopsticks-chinese-restaurant,1136.62,768.73,8
150,https://www.mdmountainside.com/christ-lutheran-church,800.35,768.73,8
151,https://www.mdmountainside.com/christ-memorial-baptist-church,771.91,768.73,8
152,https://www.mdmountainside.com/christ-united-methodist-church,808.2,768.73,8
153,https://www.mdmountainside.com/christmas-city-express-morning-excursion,1100.22,768.73,8
154,https://www.mdmountainside.com/church-of-jesus-christ-of-latter-day-saints,754.92,768.73,8
155,https://www.mdmountainside.com/church-of-the-brethren,790.89,768.73,8
156,https://www.mdmountainside.com/churches,822.68,768.73,8
157,https://www.mdmountainside.com/circle-k,805.5,768.73,8
158,https://www.mdmountainside.com/city-lights-american-grill-bar,1413.05,768.73,8
159,https://www.mdmountainside.com/clarysville-motel,1097.52,768.73,8
160,https://www.mdmountainside.com/clatter-coffee,3831.0,768.73,8
161,https://www.mdmountainside.com/closer-matinee,2257.58,768.73,8
162,https://www.mdmountainside.com/co-canal-cargo-boat-replica-tours,975.29,768.73,8
163,https://www.mdmountainside.com/co-canal-national-historical-park-museum,1870.15,768.73,8
164,https://www.mdmountainside.com/co-canal-towpath,2679.66,768.73,8
165,https://www.mdmountainside.com/comfort-inn-suites,1960.33,768.73,8
166,https://www.mdmountainside.com/community-model-railroad-club,928.2,768.73,8
167,https://www.mdmountainside.com/constitution-park,1163.84,768.73,8
168,https://www.mdmountainside.com/constitution-park-pool-opens-for-the-season,944.73,768.73,8
169,https://www.mdmountainside.com/coops-bunns,863.96,768.73,8
170,https://www.mdmountainside.com/cornerstone-baptist-church,806.74,768.73,8
171,https://www.mdmountainside.com/country-club-mall,812.65,768.73,8
172,https://www.mdmountainside.com/country-club-mall-cinemas,788.0,768.73,8
173,https://www.mdmountainside.com/country-road-primitives,1763.97,768.73,8
174,https://www.mdmountainside.com/crabby-pig,941.43,768.73,8
175,https://www.mdmountainside.com/cracker-barrel,1027.59,768.73,8
176,https://www.mdmountainside.com/cresaptown-united-methodist-church,759.74,768.73,8
177,https://www.mdmountainside.com/cruisin-main-street,907.53,768.73,8
178,https://www.mdmountainside.com/cumberland-choral-society-holiday-concert,742.07,768.73,8
179,https://www.mdmountainside.com/cumberland-choral-society-holiday-concert-2,777.66,768.73,8
180,https://www.mdmountainside.com/cumberland-choral-society-winter-concert,979.62,768.73,8
181,https://www.mdmountainside.com/cumberland-choral-society-winter-concert-2,979.62,768.73,8
182,https://www.mdmountainside.com/cumberland-church-of-christ,802.63,768.73,8
183,https://www.mdmountainside.com/cumberland-community-church,795.86,768.73,8
184,https://www.mdmountainside.com/cumberland-country-club,911.65,768.73,8
185,https://www.mdmountainside.com/cumberland-dining,1458.74,768.73,8
186,https://www.mdmountainside.com/cumberland-grace-brethren-church,814.24,768.73,8
187,https://www.mdmountainside.com/cumberland-historic-cemetery-organization,849.98,768.73,8
188,https://www.mdmountainside.com/cumberland-inn-spa,1008.16,768.73,8
189,https://www.mdmountainside.com/cumberland-optical,1092.89,768.73,8
190,https://www.mdmountainside.com/cumberland-theatre-creative-arts-center,1848.06,768.73,8
191,https://www.mdmountainside.com/cumberland-trail-connection-,1288.9,768.73,8
192,https://www.mdmountainside.com/cumberland-ymca,806.48,768.73,8
193,https://www.mdmountainside.com/cycles-things,1009.46,768.73,8
194,https://www.mdmountainside.com/cycling,4148.64,583.1,13
195,https://www.mdmountainside.com/dan-stevens-and-sweet-dreams-food-truck-at-1812-brewery,801.67,768.73,8
196,https://www.mdmountainside.com/dans-mountain-state-park,1938.57,768.73,8
197,https://www.mdmountainside.com/dantes-bar,962.81,768.73,8
198,https://www.mdmountainside.com/datri-subs,886.88,768.73,8
199,https://www.mdmountainside.com/datris-restaurant,877.31,768.73,8
200,https://www.mdmountainside.com/davincis-pizza,886.1,768.73,8
201,https://www.mdmountainside.com/davis-memorial-united-methodist-church,748.37,768.73,8
202,https://www.mdmountainside.com/dawson-united-methodist-church,753.61,768.73,8
203,https://www.mdmountainside.com/day-of-the-dead-skull-painting-workshop,1264.25,768.73,8
204,https://www.mdmountainside.com/dd-pit-n-go-2,816.55,768.73,8
205,https://www.mdmountainside.com/delfest/resources/beer-and-ice,643.02,768.73,8
206,https://www.mdmountainside.com/delfest/resources/gas-stations,639.51,768.73,8
207,https://www.mdmountainside.com/delfest/resources/grocery-stores,727.16,768.73,8
208,https://www.mdmountainside.com/delgrossos-park-laguna-splash-water-park,935.15,768.73,8
209,https://www.mdmountainside.com/dennys--lavale,873.26,768.73,8
210,https://www.mdmountainside.com/deomonts-muffler-brake,792.58,768.73,8
211,https://www.mdmountainside.com/dig-deep-brewing-co,996.4,768.73,8
212,https://www.mdmountainside.com/diplomat-motel,793.93,768.73,8
213,https://www.mdmountainside.com/dirty-mae-live-on-the-mccoury-family-stage,873.55,768.73,8
214,https://www.mdmountainside.com/discover-downtown-cumberland-blues,880.59,768.73,8
215,https://www.mdmountainside.com/divine-reflections,762.68,768.73,8
216,https://www.mdmountainside.com/dollar-dip-at-dans-mountain-pool,778.15,768.73,8
217,https://www.mdmountainside.com/dominos-pizza-cumberland,823.8,768.73,8
218,https://www.mdmountainside.com/dominos-pizza-frostburg,837.27,768.73,8
219,https://www.mdmountainside.com/downtown-cumberland-farmers-market,1072.98,768.73,8
220,https://www.mdmountainside.com/downtown-cumberland-merchants-holiday-party-with-ursula-ricks,892.87,768.73,8
221,https://www.mdmountainside.com/downtown-cumberlands-shop-small-saturday,942.46,768.73,8
222,https://www.mdmountainside.com/dracula,1055.68,768.73,8
223,https://www.mdmountainside.com/dragons-on-the-lake,951.34,768.73,8
224,https://www.mdmountainside.com/dragons-on-the-lake-2019,956.26,768.73,8
225,https://www.mdmountainside.com/dubs-at-the-gap,962.62,768.73,8
226,https://www.mdmountainside.com/dubs-at-the-gap-2019,966.44,768.73,8
227,https://www.mdmountainside.com/dubs-at-the-gap-cruise-bbq-at-1812-brewery,807.11,768.73,8
228,https://www.mdmountainside.com/dunhams-sports,744.04,768.73,8
229,https://www.mdmountainside.com/early-rise-flies,839.45,768.73,8
230,https://www.mdmountainside.com/eastern-express,1150.27,768.73,8
231,https://www.mdmountainside.com/eckhart-baptist-church,956.97,768.73,8
232,https://www.mdmountainside.com/education,1075.47,768.73,8
233,https://www.mdmountainside.com/ehc-camp-grow-cook-it,901.13,768.73,8
234,https://www.mdmountainside.com/ehc-camp-science-discovery,1023.12,768.73,8
235,https://www.mdmountainside.com/ehc-camp-young-naturalists,874.11,768.73,8
236,https://www.mdmountainside.com/el-canelo-restaurant--frostburg,960.97,768.73,8
237,https://www.mdmountainside.com/el-jinete-restaurant,941.56,768.73,8
238,https://www.mdmountainside.com/elements-wellness-spa,790.7,768.73,8
239,https://www.mdmountainside.com/ellies-deli,1231.47,768.73,8
240,https://www.mdmountainside.com/embassy-theatre,870.81,768.73,8
241,https://www.mdmountainside.com/emmanuel-episcopal-church,1079.94,768.73,8
242,https://www.mdmountainside.com/emmanuel-episcopal-church-tunnel-tours,1079.09,768.73,8
243,https://www.mdmountainside.com/enterprise-rent-a-car,900.78,768.73,8
244,https://www.mdmountainside.com/escape-fake-news,863.13,768.73,8
245,https://www.mdmountainside.com/et-at-the-palace-theatre,859.44,768.73,8
246,https://www.mdmountainside.com/european-desserts-and-more,1136.86,768.73,8
247,https://www.mdmountainside.com/evening-flyer,1198.5,768.73,8
248,https://www.mdmountainside.com/event-calendar,1918.5,768.73,8
249,https://www.mdmountainside.com/evergreen-heritage-center,1441.81,768.73,8
250,https://www.mdmountainside.com/ex2-adventure-race,805.76,768.73,8
251,https://www.mdmountainside.com/exit-strategy-escape-room,826.91,768.73,8
252,https://www.mdmountainside.com/f-brooke-whiting-house-collection,1211.33,768.73,8
253,https://www.mdmountainside.com/fairfield-inn-and-suites,3232.12,768.73,8
254,https://www.mdmountainside.com/fairgrounds-boat-access,1153.8,768.73,8
255,https://www.mdmountainside.com/faith-presbyterian-church-in-america-pca,1022.45,768.73,8
256,https://www.mdmountainside.com/fall-cemetery-tour,848.83,768.73,8
257,https://www.mdmountainside.com/fall-for-downtown-festival-cumberland-md,2834.37,768.73,8
258,https://www.mdmountainside.com/fall-frostburg-flyer,1098.56,768.73,8
259,https://www.mdmountainside.com/family-fun,2166.36,768.73,8
260,https://www.mdmountainside.com/family-pizza-train,924.97,768.73,8
261,https://www.mdmountainside.com/farms,1531.12,768.73,8
262,https://www.mdmountainside.com/fat-pig,829.55,768.73,8
263,https://www.mdmountainside.com/fatboys-pizza-shack,984.68,768.73,8
264,https://www.mdmountainside.com/femina-in-toto-a-compilation-of-design-by-women,830.74,768.73,8
265,https://www.mdmountainside.com/fifteen-mile-creek-boat-access,903.12,768.73,8
266,https://www.mdmountainside.com/first-annual-mountain-maryland-trail-fest,852.83,768.73,8
267,https://www.mdmountainside.com/first-assembly-of-god-church,885.01,768.73,8
268,https://www.mdmountainside.com/first-assembly-of-god2,792.44,768.73,8
269,https://www.mdmountainside.com/first-church-of-the-nazarene,868.14,768.73,8
270,https://www.mdmountainside.com/first-congregational-church-of-frostburg,804.35,768.73,8
271,https://www.mdmountainside.com/first-english-baptist-church,804.62,768.73,8
272,https://www.mdmountainside.com/first-friday-art-club-fall-haiku-writing,2134.72,768.73,8
273,https://www.mdmountainside.com/first-friday-art-club-family-comedy-night,1276.88,768.73,8
274,https://www.mdmountainside.com/first-friday-art-club-thankfulness-art-and-potluck,2651.09,768.73,8
275,https://www.mdmountainside.com/first-friday-art-club-ugly-sweater-party,1106.57,768.73,8
276,https://www.mdmountainside.com/first-peoples-community-federal-credit-union,1218.05,768.73,8
277,https://www.mdmountainside.com/first-peoples-community-federal-credit-union-cresaptown,1207.31,768.73,8
278,https://www.mdmountainside.com/first-peoples-community-federal-credit-union-frostburg,1200.08,768.73,8
279,https://www.mdmountainside.com/first-peoples-community-federal-credit-union-industrial-blvd,1201.24,768.73,8
280,https://www.mdmountainside.com/first-peoples-community-federal-credit-union-lavale,1195.31,768.73,8
281,https://www.mdmountainside.com/first-peoples-community-federal-credit-union-lonaconing,1193.24,768.73,8
282,https://www.mdmountainside.com/first-peoples-community-federal-credit-union-queen-city-drive,1246.6,768.73,8
283,https://www.mdmountainside.com/first-presbyterian-church,922.62,768.73,8
284,https://www.mdmountainside.com/first-presbyterian-church-of-frostburg,969.12,768.73,8
285,https://www.mdmountainside.com/first-united-bank-trust,821.09,768.73,8
286,https://www.mdmountainside.com/fishers-body-shop,788.1,768.73,8
287,https://www.mdmountainside.com/flintstone-mennonite-church,786.07,768.73,8
288,https://www.mdmountainside.com/flowerland,888.77,768.73,8
289,https://www.mdmountainside.com/fore-sisters-golf-course,1454.55,768.73,8
290,https://www.mdmountainside.com/fort-cumberland-emporium,1277.34,768.73,8
291,https://www.mdmountainside.com/four-t-herb-shoppe,806.3,768.73,8
292,https://www.mdmountainside.com/fourth-friday-tea-series,876.31,768.73,8
293,https://www.mdmountainside.com/fourth-friday-tea-series2,876.32,768.73,8
294,https://www.mdmountainside.com/fourth-friday-tea-series23,876.33,768.73,8
295,https://www.mdmountainside.com/fourth-friday-tea-series234,876.33,768.73,8
296,https://www.mdmountainside.com/foxs-pizza-den-of-frostburg,1013.67,768.73,8
297,https://www.mdmountainside.com/fratelli-italian-cuisine-bar,854.3,768.73,8
298,https://www.mdmountainside.com/friday-after-black-friday,845.31,768.73,8
299,https://www.mdmountainside.com/friendship-haven-church,858.07,768.73,8
300,https://www.mdmountainside.com/frostburg-assembly-of-god-church,1111.44,768.73,8
301,https://www.mdmountainside.com/frostburg-farmers-market,1013.2,768.73,8
302,https://www.mdmountainside.com/frostburg-fiber-depot,1022.33,768.73,8
303,https://www.mdmountainside.com/frostburg-flyer,1098.47,768.73,8
304,https://www.mdmountainside.com/frostburg-flyer2,1098.48,768.73,8
305,https://www.mdmountainside.com/frostburg-flyer23,1098.52,768.73,8
306,https://www.mdmountainside.com/frostburg-freeze,2010.73,768.73,8
307,https://www.mdmountainside.com/frostburg-inn,828.65,768.73,8
308,https://www.mdmountainside.com/frostburg-medical-center,817.96,768.73,8
309,https://www.mdmountainside.com/frostburg-museum,1981.92,768.73,8
310,https://www.mdmountainside.com/frostburg-state-university,3878.15,768.73,8
311,https://www.mdmountainside.com/frostburg-state-university-appalachian-festival,815.78,768.73,8
312,https://www.mdmountainside.com/frostburg-tree-lighting-ceremony,1095.29,768.73,8
313,https://www.mdmountainside.com/frostburg-united-methodist-church,799.0,768.73,8
314,https://www.mdmountainside.com/frostburg-vision-center,997.92,768.73,8
315,https://www.mdmountainside.com/frostburg-wines-train-featuring-toasted-goat-winery,924.85,768.73,8
316,https://www.mdmountainside.com/frostburgfirst-a-maryland-main-street-community,875.88,768.73,8
317,https://www.mdmountainside.com/fruit-bowl2,1318.65,768.73,8
318,https://www.mdmountainside.com/fsu-bookstore,795.08,768.73,8
319,https://www.mdmountainside.com/fsu-center-for-literary-arts,917.65,768.73,8
320,https://www.mdmountainside.com/fsu-lane-center,959.45,768.73,8
321,https://www.mdmountainside.com/fsu-planetarium-,904.95,768.73,8
322,https://www.mdmountainside.com/fsu-stephanie-ann-roper-gallery,850.28,768.73,8
323,https://www.mdmountainside.com/funky-repurps-and-more,1298.45,768.73,8
324,https://www.mdmountainside.com/gabriel-brothers-gabes,823.53,768.73,8
325,https://www.mdmountainside.com/gas-stations,663.36,768.73,8
326,https://www.mdmountainside.com/gellar-drapkin-and-jazz-at-toasted-goat-winery,937.26,768.73,8
327,https://www.mdmountainside.com/general-art-store-star-gallery,1086.39,768.73,8
328,https://www.mdmountainside.com/genes-famliy-restaurant,805.75,768.73,8
329,https://www.mdmountainside.com/george-washingtons-headquarters,1184.94,768.73,8
330,https://www.mdmountainside.com/georges-creek-pharmacy,790.1,768.73,8
331,https://www.mdmountainside.com/get-out-play-outfitters,1451.63,768.73,8
332,https://www.mdmountainside.com/gg-tire,793.16,768.73,8
333,https://www.mdmountainside.com/ghost-tour-of-historic-cumberland,940.02,768.73,8
334,https://www.mdmountainside.com/ghouley-pub-crawl,842.47,768.73,8
335,https://www.mdmountainside.com/giannis-pizza-wings-cumberland,969.73,768.73,8
336,https://www.mdmountainside.com/giannis-pizza-wings-frostburg,940.36,768.73,8
337,https://www.mdmountainside.com/gilchrist-museum-exhibition-obrien-and-carter,926.5,768.73,8
338,https://www.mdmountainside.com/gingers-asian-kitchen,859.33,768.73,8
339,https://www.mdmountainside.com/giuseppes,1700.66,768.73,8
340,https://www.mdmountainside.com/global-truck-outfitters,804.6,768.73,8
341,https://www.mdmountainside.com/gods-ark-of-safety-church,789.34,768.73,8
342,https://www.mdmountainside.com/golf,1546.48,768.73,8
343,https://www.mdmountainside.com/gonzaga-health-center,885.5,768.73,8
344,https://www.mdmountainside.com/good-carma-catering,1242.04,768.73,8
345,https://www.mdmountainside.com/goodwill-store--lavale,754.49,768.73,8
346,https://www.mdmountainside.com/gostomskis-gunsmith-service,794.09,768.73,8
347,https://www.mdmountainside.com/grace-baptist-church,1648.1,768.73,8
348,https://www.mdmountainside.com/grace-memorial-community-church,959.69,768.73,8
349,https://www.mdmountainside.com/grand-china-buffet,1124.31,768.73,8
350,https://www.mdmountainside.com/great-allegheny-passage,3155.43,768.73,8
351,https://www.mdmountainside.com/great-allegheny-passage-relay,931.02,768.73,8
352,https://www.mdmountainside.com/green-ridge-state-forest,1616.7,768.73,8
353,https://www.mdmountainside.com/greene-street-service-center,847.88,768.73,8
354,https://www.mdmountainside.com/grocery-and-convenience-stores,765.49,768.73,8
355,https://www.mdmountainside.com/hampton-inn-cumberland,2358.38,768.73,8
356,https://www.mdmountainside.com/hampton-inn-frostburg,1591.99,768.73,8
357,https://www.mdmountainside.com/harrigans-restaurant-and-lounge,1021.86,768.73,8
358,https://www.mdmountainside.com/harry-trayhnam-and-alhambra-at-1812-brewery,776.42,768.73,8
359,https://www.mdmountainside.com/hartleys-pizza,799.64,768.73,8
360,https://www.mdmountainside.com/harveys-florist-greenhouses-inc,1036.94,768.73,8
361,https://www.mdmountainside.com/hast-farm-event-venue,1179.47,768.73,8
362,https://www.mdmountainside.com/health-matters-urgent-care,756.94,768.73,8
363,https://www.mdmountainside.com/healthy-parks-healthy-people-wellness-fair,1045.52,768.73,8
364,https://www.mdmountainside.com/hennys-grill-bar,1814.4,768.73,8
365,https://www.mdmountainside.com/hertz-rent-a-car,792.48,768.73,8
366,https://www.mdmountainside.com/highland-baptist-church,817.87,768.73,8
367,https://www.mdmountainside.com/highland-harley-davidson-shop,803.65,768.73,8
368,https://www.mdmountainside.com/hillside-animal-hospital,925.11,768.73,8
369,https://www.mdmountainside.com/historic-city-center,1101.0,768.73,8
370,https://www.mdmountainside.com/history-and-heritage,2063.38,768.73,8
371,https://www.mdmountainside.com/hobbies-plus,911.59,768.73,8
372,https://www.mdmountainside.com/holiday-inn-express-and-suites-lavale,1282.31,768.73,8
373,https://www.mdmountainside.com/holiday-open-house,3658.28,768.73,8
374,https://www.mdmountainside.com/hoppy-hour-at-1812-brewery,887.23,768.73,8
375,https://www.mdmountainside.com/hospitals-and-health-care,884.17,768.73,8
376,https://www.mdmountainside.com/hotel-gunter,941.51,768.73,8
377,https://www.mdmountainside.com/hotels-and-motels,1446.29,768.73,8
378,https://www.mdmountainside.com/hummingbird-cafe,821.06,768.73,8
379,https://www.mdmountainside.com/hurry-back-tavern-,808.71,768.73,8
380,https://www.mdmountainside.com/hush-skin-care-mountain-massage-wellness-spa,835.85,768.73,8
381,https://www.mdmountainside.com/independent-ink,828.94,768.73,8
382,https://www.mdmountainside.com/inn-on-decatur,986.46,768.73,8
383,https://www.mdmountainside.com/integration-studios,828.42,768.73,8
384,https://www.mdmountainside.com/iron-rail-days,1549.8,768.73,8
385,https://www.mdmountainside.com/j-bartles-jewelry,829.2,768.73,8
386,https://www.mdmountainside.com/j-j-bait-llc,909.47,768.73,8
387,https://www.mdmountainside.com/j-rs-custom-screenprint-embroidery,827.66,768.73,8
388,https://www.mdmountainside.com/jacob-blank-on-the-keyboard-chef-pauls-kitchen-at-1812-brewery,838.17,768.73,8
389,https://www.mdmountainside.com/janice-ray-and-roc-plus-sob-bbq-at-1812-brewery,856.8,768.73,8
390,https://www.mdmountainside.com/jb-farms,951.79,768.73,8
391,https://www.mdmountainside.com/jenkins-collision-center,799.05,768.73,8
392,https://www.mdmountainside.com/jins-asian-cuisine,3451.38,768.73,8
393,https://www.mdmountainside.com/jjs-sons,1566.02,768.73,8
394,https://www.mdmountainside.com/jl-truck-repair-tire-service-inc,784.42,768.73,8
395,https://www.mdmountainside.com/jo-ann-fabrics-and-craft-store,758.88,768.73,8
396,https://www.mdmountainside.com/joes-viaduct-restaurant,873.48,768.73,8
397,https://www.mdmountainside.com/johnstons-garage,805.14,768.73,8
398,https://www.mdmountainside.com/jolly-roger-discount-liquors,789.08,768.73,8
399,https://www.mdmountainside.com/junie-b-in-jingle-bells-batman-smells,1011.85,768.73,8
400,https://www.mdmountainside.com/k-bar-and-lunch,798.1,768.73,8
401,https://www.mdmountainside.com/karaoke,829.5,768.73,8
402,https://www.mdmountainside.com/karaoke-with-mary-sheetz,828.68,768.73,8
403,https://www.mdmountainside.com/kebbies-diaper-bag,1061.06,768.73,8
404,https://www.mdmountainside.com/kegs-and-eggs-at-1812-brewery,781.58,768.73,8
405,https://www.mdmountainside.com/kensington-assisted-living,781.65,768.73,8
406,https://www.mdmountainside.com/kentucky-fried-chicken-cumberland,946.06,768.73,8
407,https://www.mdmountainside.com/kentucky-fried-chicken-lavale,945.84,768.73,8
408,https://www.mdmountainside.com/kerr-brothers-guns,866.69,768.73,8
409,https://www.mdmountainside.com/kids-kingdom,789.43,768.73,8
410,https://www.mdmountainside.com/kids-saturday,908.07,768.73,8
411,https://www.mdmountainside.com/kingdom-hall-of-jehovahs-witnesses,788.87,768.73,8
412,https://www.mdmountainside.com/klines-restaurant,988.82,768.73,8
413,https://www.mdmountainside.com/knieriem-tires,790.01,768.73,8
414,https://www.mdmountainside.com/kohls,749.19,768.73,8
415,https://www.mdmountainside.com/langleys-auto-service,803.63,768.73,8
416,https://www.mdmountainside.com/lashbaughs-bar-and-grill,851.92,768.73,8
417,https://www.mdmountainside.com/lavale-baptist-church-sbc,809.21,768.73,8
418,https://www.mdmountainside.com/lavale-farmers-market,914.0,768.73,8
419,https://www.mdmountainside.com/lavale-united-methodist-church,1012.11,768.73,8
420,https://www.mdmountainside.com/lavale-veterinary-hospital,927.08,768.73,8
421,https://www.mdmountainside.com/leaning-pine-farm,1069.16,768.73,8
422,https://www.mdmountainside.com/lennox-east,882.49,768.73,8
423,https://www.mdmountainside.com/lennys-leathers,1014.35,768.73,8
424,https://www.mdmountainside.com/lew-lew-belle-boutique,913.31,768.73,8
425,https://www.mdmountainside.com/lgs-pizzeria-and-pub,920.14,768.73,8
426,https://www.mdmountainside.com/liberty-wine-and-liquor,796.17,768.73,8
427,https://www.mdmountainside.com/lifetime-eyecare-center,856.28,768.73,8
428,https://www.mdmountainside.com/lighthouse-christian-academy-and-daycare,786.08,768.73,8
429,https://www.mdmountainside.com/lighthouse-of-hope-church,800.08,768.73,8
430,https://www.mdmountainside.com/lil-corner-market,897.33,768.73,8
431,https://www.mdmountainside.com/lindys-restaurant,781.26,768.73,8
432,https://www.mdmountainside.com/little-caesars-pizza,809.62,768.73,8
433,https://www.mdmountainside.com/little-orleans-campground-park-area,2861.46,768.73,8
434,https://www.mdmountainside.com/little-orleans-lodge,874.1,768.73,8
435,https://www.mdmountainside.com/living-stone-church-of-the-brethren,842.97,768.73,8
436,https://www.mdmountainside.com/living-waters-ministries,851.34,768.73,8
437,https://www.mdmountainside.com/livvys-soft-serve,814.17,768.73,8
438,https://www.mdmountainside.com/local-craftsflea-market-and-soups-and-suds-for-a-clause,1391.44,768.73,8
439,https://www.mdmountainside.com/local-farmerscraftflea-market-plus-brunch-with-santa-at-1812-brewery,1459.11,768.73,8
440,https://www.mdmountainside.com/lonaconing-iron-furnace-and-park-,1191.07,768.73,8
441,https://www.mdmountainside.com/long-john-silver,820.34,768.73,8
442,https://www.mdmountainside.com/lorenzos-frostburg-bakery,1223.13,768.73,8
443,https://www.mdmountainside.com/loyola-university-maryland-retreat-center,1350.84,768.73,8
444,https://www.mdmountainside.com/luckys-liquor-store,828.47,768.73,8
445,https://www.mdmountainside.com/m-and-m-bake-shop,816.26,768.73,8
446,https://www.mdmountainside.com/macdonalds-body-shop,787.78,768.73,8
447,https://www.mdmountainside.com/maddcatt-vapors,903.27,768.73,8
448,https://www.mdmountainside.com/madison-paige-boutique,891.97,768.73,8
449,https://www.mdmountainside.com/main-street-books,1577.51,768.73,8
450,https://www.mdmountainside.com/main-street-pub,831.23,768.73,8
451,https://www.mdmountainside.com/making-smart-choices-about-health-insurance,857.39,768.73,8
452,https://www.mdmountainside.com/mamma-mia,944.3,768.73,8
453,https://www.mdmountainside.com/mamma-mia-matinee,944.41,768.73,8
454,https://www.mdmountainside.com/manhattan-centre-golf-gallery,1194.96,768.73,8
455,https://www.mdmountainside.com/maranantha-christian-fellowship,843.74,768.73,8
456,https://www.mdmountainside.com/marios-italian-eatery,1042.83,768.73,8
457,https://www.mdmountainside.com/martins-food-market,796.3,768.73,8
458,https://www.mdmountainside.com/martins-food-market-lavale,756.77,768.73,8
459,https://www.mdmountainside.com/maryland-discount-beverage-center,792.17,768.73,8
460,https://www.mdmountainside.com/marylandwest-virginia-model-railroad-exhibit,931.42,768.73,8
461,https://www.mdmountainside.com/mason-complex-boat-access,2732.92,768.73,8
462,https://www.mdmountainside.com/master-gardener-class,863.04,768.73,8
463,https://www.mdmountainside.com/mccoole-boat-access,919.76,768.73,8
464,https://www.mdmountainside.com/mcdonalds-1,774.51,768.73,8
465,https://www.mdmountainside.com/mcdonalds-2,754.95,768.73,8
466,https://www.mdmountainside.com/mcdonalds-3,756.97,768.73,8
467,https://www.mdmountainside.com/mcdonalds-4,793.79,768.73,8
468,https://www.mdmountainside.com/mcdonalds-5,766.78,768.73,8
469,https://www.mdmountainside.com/mcdonalds-6,758.02,768.73,8
470,https://www.mdmountainside.com/mcdonalds-7,765.05,768.73,8
471,https://www.mdmountainside.com/mcdonalds-8,763.97,768.73,8
472,https://www.mdmountainside.com/meg-romero-studio,816.08,768.73,8
473,https://www.mdmountainside.com/megan-bradley-5k-memorial-run-for-casa-of-allegany-county,794.49,768.73,8
474,https://www.mdmountainside.com/memorial-heights-baptist-church,808.87,768.73,8
475,https://www.mdmountainside.com/meteor-shower-a-play-by-steve-martin,1016.04,768.73,8
476,https://www.mdmountainside.com/metropolitan-ame-church,927.8,768.73,8
477,https://www.mdmountainside.com/mexico-farms-equestrian-center,786.05,768.73,8
478,https://www.mdmountainside.com/mezzos,2529.13,768.73,8
479,https://www.mdmountainside.com/midlife-crisis-on-stage-at-1812-brewery,869.59,768.73,8
480,https://www.mdmountainside.com/milestone-cube-company,1037.31,768.73,8
481,https://www.mdmountainside.com/millstone-country-store,793.09,768.73,8
482,https://www.mdmountainside.com/minecraft-gaming,949.58,768.73,8
483,https://www.mdmountainside.com/miracle-on-34th-street-the-musical,924.7,768.73,8
484,https://www.mdmountainside.com/misty-blue-fashions,828.03,768.73,8
485,https://www.mdmountainside.com/mixx-112-boutique,822.68,768.73,8
486,https://www.mdmountainside.com/moonlight-madness-in-downtown-cumberland,954.56,768.73,8
487,https://www.mdmountainside.com/mortons-jewelry,815.17,768.73,8
488,https://www.mdmountainside.com/motel-6--lavale,788.91,768.73,8
489,https://www.mdmountainside.com/mount-savage-historical-society,776.05,768.73,8
490,https://www.mdmountainside.com/mountain-city-coffeehouse-creamery,1061.18,768.73,8
491,https://www.mdmountainside.com/mountain-city-traditional-arts,1228.74,768.73,8
492,https://www.mdmountainside.com/mountain-maryland-trails,1048.39,768.73,8
493,https://www.mdmountainside.com/mountain-maryland-trails-presents-3m-challenge-bike-race,1042.3,768.73,8
494,https://www.mdmountainside.com/mountain-moonshine-train,1098.93,768.73,8
495,https://www.mdmountainside.com/mountainshine-creative-llc,1026.82,768.73,8
496,https://www.mdmountainside.com/mountainside-baroque-off-the-beaten-path,950.91,768.73,8
497,https://www.mdmountainside.com/mountainside-bike-tours,1028.05,768.73,8
498,https://www.mdmountainside.com/movie-screening,842.11,768.73,8
499,https://www.mdmountainside.com/mr-tire-auto-service-center,804.32,768.73,8
500,https://www.mdmountainside.com/mr-toads-pottery,877.36,768.73,8
501,https://www.mdmountainside.com/mt-bank,754.79,768.73,8
502,https://www.mdmountainside.com/mt-bank-frostburg-2,759.45,768.73,8
503,https://www.mdmountainside.com/mt-bank-lavale,749.27,768.73,8
504,https://www.mdmountainside.com/mt-bank-south-cumberland,779.78,768.73,8
505,https://www.mdmountainside.com/mt-bank-westernport,761.21,768.73,8
506,https://www.mdmountainside.com/murder-mystery,944.95,768.73,8
507,https://www.mdmountainside.com/murder-mystery-bullets-and-bbq,790.84,768.73,8
508,https://www.mdmountainside.com/murder-mystery2,944.95,768.73,8
509,https://www.mdmountainside.com/murder-mystery23,944.96,768.73,8
510,https://www.mdmountainside.com/murder-mystery234,944.96,768.73,8
511,https://www.mdmountainside.com/murder-mystery2345,944.98,768.73,8
512,https://www.mdmountainside.com/murder-mystery23456,944.98,768.73,8
513,https://www.mdmountainside.com/murder-mystery234567,944.99,768.73,8
514,https://www.mdmountainside.com/murder-mystery2345678,945.0,768.73,8
515,https://www.mdmountainside.com/murder-mystery23456789,945.0,768.73,8
516,https://www.mdmountainside.com/music-by-fred-n-josh-food-by-good-carma-catering-at-1812,874.13,768.73,8
517,https://www.mdmountainside.com/music-by-jacob-blank-at-toasted-goat,917.24,768.73,8
518,https://www.mdmountainside.com/musician-dan-stevens-plus-good-carma-catering-at-1812,794.35,768.73,8
519,https://www.mdmountainside.com/musician-greg-kerr-and-klavuhns-family-concessions-at-1812,813.33,768.73,8
520,https://www.mdmountainside.com/musician-jacob-blank-and-good-carma-catering-at-1812,804.26,768.73,8
521,https://www.mdmountainside.com/musician-shelby-herbert-and-chef-pauls-kitchen-at-1812-brewery,815.89,768.73,8
522,https://www.mdmountainside.com/national-night-out,861.51,768.73,8
523,https://www.mdmountainside.com/national-night-out-cumberland,826.74,768.73,8
524,https://www.mdmountainside.com/national-night-out-kick-off-event,890.53,768.73,8
525,https://www.mdmountainside.com/national-road-monument,1088.38,768.73,8
526,https://www.mdmountainside.com/national-road-toll-house,984.13,768.73,8
527,https://www.mdmountainside.com/native-american-heritage-month-with-caitlin-hudgins,808.6,768.73,8
528,https://www.mdmountainside.com/natures-art,1823.6,768.73,8
529,https://www.mdmountainside.com/naylors-ace-hardware,817.45,768.73,8
530,https://www.mdmountainside.com/never-forgotten,776.42,768.73,8
531,https://www.mdmountainside.com/new-life-tabernacle,807.65,768.73,8
532,https://www.mdmountainside.com/new-years-eve-celebration-at-toasted-goat-winery,1231.61,768.73,8
533,https://www.mdmountainside.com/new-years-eve-murder-mystery-train,917.72,768.73,8
534,https://www.mdmountainside.com/night-of-the-living-dead,856.72,768.73,8
535,https://www.mdmountainside.com/night-of-the-living-dead-matinee,856.82,768.73,8
536,https://www.mdmountainside.com/niners-canal-pub,1002.65,768.73,8
537,https://www.mdmountainside.com/noises-off,847.75,768.73,8
538,https://www.mdmountainside.com/noises-off-matinee,847.84,768.73,8
539,https://www.mdmountainside.com/november-book-club-meeting,1041.91,768.73,8
540,https://www.mdmountainside.com/nye-murder-mystery-train,945.66,768.73,8
541,https://www.mdmountainside.com/oak-barrel-cafe2,932.07,768.73,8
542,https://www.mdmountainside.com/oak-barrel-citgo,792.91,768.73,8
543,https://www.mdmountainside.com/oldtown-bethel-assembly-of-god,971.69,768.73,8
544,https://www.mdmountainside.com/ollies-bargain-outlet,843.96,768.73,8
545,https://www.mdmountainside.com/one-stop-liquors,788.39,768.73,8
546,https://www.mdmountainside.com/oscars-restaurant,1389.53,768.73,8
547,https://www.mdmountainside.com/our-farmers-markets,1308.22,768.73,8
548,https://www.mdmountainside.com/outfitters,1574.74,768.73,8
549,https://www.mdmountainside.com/papa-johns,939.87,768.73,8
550,https://www.mdmountainside.com/parkview-liquor-store,884.87,768.73,8
551,https://www.mdmountainside.com/parris-n-glendening-recreational-complex,788.32,768.73,8
552,https://www.mdmountainside.com/past-perfect--a-bargain-boutique,788.36,768.73,8
553,https://www.mdmountainside.com/patricks-pub,1145.86,768.73,8
554,https://www.mdmountainside.com/peppers-overstock-room,915.9,768.73,8
555,https://www.mdmountainside.com/pet-care,811.27,768.73,8
556,https://www.mdmountainside.com/pet-wants-mountain-maryland,958.96,768.73,8
557,https://www.mdmountainside.com/petsmart,743.29,768.73,8
558,https://www.mdmountainside.com/pharmacare-bedford-road,1191.38,768.73,8
559,https://www.mdmountainside.com/pharmacare-of-frostburg,1225.8,768.73,8
560,https://www.mdmountainside.com/pharmacare-west,1257.55,768.73,8
561,https://www.mdmountainside.com/pharmacare-willowbrook,1203.45,768.73,8
562,https://www.mdmountainside.com/phoenix-landing-wellness--art-music-and-holistic-wellness,1022.64,768.73,8
563,https://www.mdmountainside.com/photography-of-parker-reinecker-and-work-of-the-quad-state-bodgers,2582.89,768.73,8
564,https://www.mdmountainside.com/pig-out-in-the-park,983.06,768.73,8
565,https://www.mdmountainside.com/pig-out-in-the-park-a-backyard-bbq-bash,906.54,768.73,8
566,https://www.mdmountainside.com/pirates-ahoy,935.49,768.73,8
567,https://www.mdmountainside.com/pizza-hut,1153.91,768.73,8
568,https://www.mdmountainside.com/pizza-hut2,1098.43,768.73,8
569,https://www.mdmountainside.com/pizza-hut23,1121.91,768.73,8
570,https://www.mdmountainside.com/platinum-coach-limousine-service,799.21,768.73,8
571,https://www.mdmountainside.com/playing-for-pennies-plus-three-great-food-trucks-at-1812-brewery,839.9,768.73,8
572,https://www.mdmountainside.com/port-west-restaurant,821.46,768.73,8
573,https://www.mdmountainside.com/potomac-eagle-scenic-railroad,1176.33,768.73,8
574,https://www.mdmountainside.com/potomac-valley-pharmacy,840.74,768.73,8
575,https://www.mdmountainside.com/powells-auto-parts-towing,792.22,768.73,8
576,https://www.mdmountainside.com/presents-for-paws,1169.09,768.73,8
577,https://www.mdmountainside.com/princess-restaurant,1799.22,768.73,8
578,https://www.mdmountainside.com/project-rachel-information-session,813.13,768.73,8
579,https://www.mdmountainside.com/prosperity-united-methodist-church,882.29,768.73,8
580,https://www.mdmountainside.com/public-reading-the-granny-chronicles,2840.05,768.73,8
581,https://www.mdmountainside.com/puccini-restaurant,920.12,768.73,8
582,https://www.mdmountainside.com/put-yourself-first,810.02,768.73,8
583,https://www.mdmountainside.com/quality-inn-suites,2728.43,768.73,8
584,https://www.mdmountainside.com/queen-city-creamery,2066.75,768.73,8
585,https://www.mdmountainside.com/queen-city-flea-market,946.76,768.73,8
586,https://www.mdmountainside.com/queen-city-motors,838.84,768.73,8
587,https://www.mdmountainside.com/queen-city-taxi,1155.66,768.73,8
588,https://www.mdmountainside.com/ramada-downtown-cumberland,1849.89,768.73,8
589,https://www.mdmountainside.com/rawlings-united-methodist-church,772.13,768.73,8
590,https://www.mdmountainside.com/red-ridge-auto-repair,808.6,768.73,8
591,https://www.mdmountainside.com/rent-a-wreck,789.22,768.73,8
592,https://www.mdmountainside.com/restaurants,1584.57,768.73,8
593,https://www.mdmountainside.com/restoring-the-american-chestnut-a-research-and-volunteer-effort,878.73,768.73,8
594,https://www.mdmountainside.com/rio-grande-inc-restaurante-mexican,805.26,768.73,8
595,https://www.mdmountainside.com/ristorante-ottaviani,2364.55,768.73,8
596,https://www.mdmountainside.com/ritas-ice,840.85,768.73,8
597,https://www.mdmountainside.com/rite-aid-pharmacy,802.41,768.73,8
598,https://www.mdmountainside.com/rite-aid-pharmacy-frostburg,781.89,768.73,8
599,https://www.mdmountainside.com/river-and-rails-festival,1150.67,768.73,8
600,https://www.mdmountainside.com/river-rail-fest,826.32,768.73,8
601,https://www.mdmountainside.com/river-rail-fest-train,1098.3,768.73,8
602,https://www.mdmountainside.com/riverside-bmx,930.63,768.73,8
603,https://www.mdmountainside.com/rocktember,903.75,768.73,8
604,https://www.mdmountainside.com/rocky-gap-casino--lbs-place,1402.21,768.73,8
605,https://www.mdmountainside.com/rocky-gap-casino--on-the-rocks,991.08,768.73,8
606,https://www.mdmountainside.com/rocky-gap-casino-resort,3326.45,768.73,8
607,https://www.mdmountainside.com/rocky-gap-casino-resort--lakeside-dining-room,1617.78,768.73,8
608,https://www.mdmountainside.com/rocky-gap-casino-resort--signatures-bar-and-grill,1444.76,768.73,8
609,https://www.mdmountainside.com/rocky-gap-golf-course,1909.03,768.73,8
610,https://www.mdmountainside.com/rocky-gap-state-park,3526.08,768.73,8
611,https://www.mdmountainside.com/rocky-gap-state-park-aviary,1705.23,768.73,8
612,https://www.mdmountainside.com/rocky-gap-state-park-campgrounds,1158.07,768.73,8
613,https://www.mdmountainside.com/roses--cumberland,903.82,768.73,8
614,https://www.mdmountainside.com/roses--frostburg,879.59,768.73,8
615,https://www.mdmountainside.com/roy-rogers-restaurant,868.86,768.73,8
616,https://www.mdmountainside.com/ruby-tuesday,788.12,768.73,8
617,https://www.mdmountainside.com/rustic-touch,1727.59,768.73,8
618,https://www.mdmountainside.com/sadies,1324.65,768.73,8
619,https://www.mdmountainside.com/salem-united-church-of-christ,839.37,768.73,8
620,https://www.mdmountainside.com/samhain-the-celtic-origins-of-halloween-fourth-friday-tea,793.99,768.73,8
621,https://www.mdmountainside.com/sand-springs-saloon-steakhouse,2432.13,768.73,8
622,https://www.mdmountainside.com/savage-fame-paintball-park,1305.97,768.73,8
623,https://www.mdmountainside.com/savage-mountain-punk-festival,1186.95,768.73,8
624,https://www.mdmountainside.com/scents-n-things,839.86,768.73,8
625,https://www.mdmountainside.com/schoolhouse-kitchen,786.44,768.73,8
626,https://www.mdmountainside.com/second-baptist-church-sbc,843.66,768.73,8
627,https://www.mdmountainside.com/seoul-house,816.53,768.73,8
628,https://www.mdmountainside.com/september-book-group-discussion,830.07,768.73,8
629,https://www.mdmountainside.com/serenity-garden-labyrinth,799.13,768.73,8
630,https://www.mdmountainside.com/seventh-day-adventist-church2,1043.64,768.73,8
631,https://www.mdmountainside.com/shaw-mansion-inn,785.66,768.73,8
632,https://www.mdmountainside.com/sheetz-bedford-road,861.72,768.73,8
633,https://www.mdmountainside.com/sheetz-convenience-stores,774.58,768.73,8
634,https://www.mdmountainside.com/sheetz-corriganville,881.86,768.73,8
635,https://www.mdmountainside.com/sheetz-cresaptown,889.52,768.73,8
636,https://www.mdmountainside.com/sheetz-green-street,924.83,768.73,8
637,https://www.mdmountainside.com/sheetz-virginia-avenue,883.63,768.73,8
638,https://www.mdmountainside.com/sheetz-winchester-road,888.49,768.73,8
639,https://www.mdmountainside.com/shes-so-pretty,791.45,768.73,8
640,https://www.mdmountainside.com/shoes-diesel-performance,791.81,768.73,8
641,https://www.mdmountainside.com/shooters-bar-grill,874.03,768.73,8
642,https://www.mdmountainside.com/shop-small,1468.38,768.73,8
643,https://www.mdmountainside.com/shop-small-saturday-at-barkin-basement-thrift-shop,864.8,768.73,8
644,https://www.mdmountainside.com/shop-small-saturday-at-fort-cumberland-emporium,939.35,768.73,8
645,https://www.mdmountainside.com/shopping,1473.84,768.73,8
646,https://www.mdmountainside.com/sideling-hill-creek-nature-preserve,793.73,768.73,8
647,https://www.mdmountainside.com/simplee-kountry,1139.56,768.73,8
648,https://www.mdmountainside.com/simply-formal-,993.25,768.73,8
649,https://www.mdmountainside.com/sips-for-survivors-at-toasted-goat-winery,843.81,768.73,8
650,https://www.mdmountainside.com/sitn-jaw,814.96,768.73,8
651,https://www.mdmountainside.com/sitn-jaw2,814.97,768.73,8
652,https://www.mdmountainside.com/sitn-jaw23,814.98,768.73,8
653,https://www.mdmountainside.com/sitn-jaw234,814.99,768.73,8
654,https://www.mdmountainside.com/sitn-jaw2345,815.0,768.73,8
655,https://www.mdmountainside.com/sitn-jaw23456,815.0,768.73,8
656,https://www.mdmountainside.com/skewers,747.84,768.73,8
657,https://www.mdmountainside.com/skid-row-in-concert,2147.09,768.73,8
658,https://www.mdmountainside.com/sleep-inn-,1789.73,768.73,8
659,https://www.mdmountainside.com/smittys-tire-truck-service,788.88,768.73,8
660,https://www.mdmountainside.com/souls-harbor-church,798.01,768.73,8
661,https://www.mdmountainside.com/spa-and-wellness,1272.67,768.73,8
662,https://www.mdmountainside.com/special-love-friday-at-1812-brewery,954.26,768.73,8
663,https://www.mdmountainside.com/specialty-food,1511.68,768.73,8
664,https://www.mdmountainside.com/spectrum-design-services-llc,828.66,768.73,8
665,https://www.mdmountainside.com/sponaugle-towing,858.46,768.73,8
666,https://www.mdmountainside.com/spring-gap-boat-access,1093.77,768.73,8
667,https://www.mdmountainside.com/spun-from-light-woven-in-silence-paintings-on-glass-by-john-lyon-paul,3247.81,768.73,8
668,https://www.mdmountainside.com/ss-peter-paul-shrine,811.26,768.73,8
669,https://www.mdmountainside.com/st-ambrose-church,803.93,768.73,8
670,https://www.mdmountainside.com/st-georges-episcopal-church,803.89,768.73,8
671,https://www.mdmountainside.com/st-james-episcopal-church,820.67,768.73,8
672,https://www.mdmountainside.com/st-johns-episcopal-church,854.58,768.73,8
673,https://www.mdmountainside.com/st-johns-lutheran-church,806.52,768.73,8
674,https://www.mdmountainside.com/st-lukes-lutheran-church,825.05,768.73,8
675,https://www.mdmountainside.com/st-marks-community-church,814.9,768.73,8
676,https://www.mdmountainside.com/st-marys-catholic-church,843.29,768.73,8
677,https://www.mdmountainside.com/st-matthews-united-church-of-christ,785.44,768.73,8
678,https://www.mdmountainside.com/st-michaels-catholic-church-,829.37,768.73,8
679,https://www.mdmountainside.com/st-patricks-catholic-church,804.03,768.73,8
680,https://www.mdmountainside.com/st-pauls-lutheran-church,812.0,768.73,8
681,https://www.mdmountainside.com/st-pauls-lutheran-church2,828.44,768.73,8
682,https://www.mdmountainside.com/st-peters-episcopal-church,812.45,768.73,8
683,https://www.mdmountainside.com/st-peters-rectory,803.69,768.73,8
684,https://www.mdmountainside.com/standard-bank,796.86,768.73,8
685,https://www.mdmountainside.com/standard-bank-cumberland,844.69,768.73,8
686,https://www.mdmountainside.com/staples,738.54,768.73,8
687,https://www.mdmountainside.com/station-x-hobby-store,775.46,768.73,8
688,https://www.mdmountainside.com/steeped-in-traditions,811.93,768.73,8
689,https://www.mdmountainside.com/sterling-optical,787.14,768.73,8
690,https://www.mdmountainside.com/steves-pharmacy,788.1,768.73,8
691,https://www.mdmountainside.com/stonebridge,2144.56,768.73,8
692,https://www.mdmountainside.com/strangerz-acoustic-sob-bbq-and-pink-and-drink-after-party-at-1812,825.4,768.73,8
693,https://www.mdmountainside.com/subway,710.36,768.73,8
694,https://www.mdmountainside.com/summer-mountain-cluster-dog-shows,800.47,768.73,8
695,https://www.mdmountainside.com/summer-music-academy,887.44,768.73,8
696,https://www.mdmountainside.com/sunday-in-the-park-concert-series-28-speedway,979.16,768.73,8
697,https://www.mdmountainside.com/sunday-in-the-park-concert-series-cramer-brothers,979.21,768.73,8
698,https://www.mdmountainside.com/sunday-in-the-park-concert-series-hot-sauce-willie,978.8,768.73,8
699,https://www.mdmountainside.com/sunday-in-the-park-concert-series-jazz-in-the-park-with-tom-harrison,979.03,768.73,8
700,https://www.mdmountainside.com/sunday-in-the-park-concert-series-not-really-dan--steely-dan-tribute,979.04,768.73,8
701,https://www.mdmountainside.com/sunday-in-the-park-concert-series-potomac-concert-band,978.85,768.73,8
702,https://www.mdmountainside.com/sunday-in-the-park-concert-series-shades-of-blue,979.2,768.73,8
703,https://www.mdmountainside.com/sunday-in-the-park-concert-series-shanty-irish,979.17,768.73,8
704,https://www.mdmountainside.com/sunday-in-the-park-concert-series-surrender-dorothy,979.24,768.73,8
705,https://www.mdmountainside.com/sunday-in-the-park-concert-series-tarnished-silver,979.22,768.73,8
706,https://www.mdmountainside.com/super-8-motel,774.8,768.73,8
707,https://www.mdmountainside.com/super-shoes,766.11,768.73,8
708,https://www.mdmountainside.com/superhero-adventure-challenge,864.86,768.73,8
709,https://www.mdmountainside.com/susquehanna-bank,815.22,768.73,8
710,https://www.mdmountainside.com/taco-bell,822.8,768.73,8
711,https://www.mdmountainside.com/terrys-jewelry,816.02,768.73,8
712,https://www.mdmountainside.com/texas-grillhouse,946.35,768.73,8
713,https://www.mdmountainside.com/the-acoustic-music-of-charlie-mcclanahan-and-good-carma-catering-at-1812-brewery,832.78,768.73,8
714,https://www.mdmountainside.com/the-best-christmas-pageant-ever,831.69,768.73,8
715,https://www.mdmountainside.com/the-book-center,1111.26,768.73,8
716,https://www.mdmountainside.com/the-church-of-saint-patrick,843.9,768.73,8
717,https://www.mdmountainside.com/the-churchill-pub-restaurant,841.48,768.73,8
718,https://www.mdmountainside.com/the-culinaire-cafe,1058.61,768.73,8
719,https://www.mdmountainside.com/the-draft-sports-bar-grille,935.45,768.73,8
720,https://www.mdmountainside.com/the-edge-of-earth-and-sky,1082.03,768.73,8
721,https://www.mdmountainside.com/the-fall-foliage-experience-train,1189.82,768.73,8
722,https://www.mdmountainside.com/the-filling-station-diner,823.18,768.73,8
723,https://www.mdmountainside.com/the-froyo-factory,786.06,768.73,8
724,https://www.mdmountainside.com/the-gordon-roberts-house,2038.19,768.73,8
725,https://www.mdmountainside.com/the-greater-cumberland-regional-airport,809.63,768.73,8
726,https://www.mdmountainside.com/the-gulf-war-memorial,816.85,768.73,8
727,https://www.mdmountainside.com/the-hazen-gallery-at-allegany-college-of-maryland,793.93,768.73,8
728,https://www.mdmountainside.com/the-irvin-allen--michael-cresap-museum-inc,790.55,768.73,8
729,https://www.mdmountainside.com/the-knot-hole-craft-shop,785.43,768.73,8
730,https://www.mdmountainside.com/the-magic-of-vince-a-tribute-to-the-great-houdini,1016.1,768.73,8
731,https://www.mdmountainside.com/the-manhattan-social,835.35,768.73,8
732,https://www.mdmountainside.com/the-outback-lounge,829.1,768.73,8
733,https://www.mdmountainside.com/the-palace-theatre,947.27,768.73,8
734,https://www.mdmountainside.com/the-pros-from-dover-and-klavuhns-family-concessions-at-1812-brewery,897.75,768.73,8
735,https://www.mdmountainside.com/the-shoe-dept,737.74,768.73,8
736,https://www.mdmountainside.com/the-spa-at-rocky-gap-casino-,904.67,768.73,8
737,https://www.mdmountainside.com/the-spanish-musical-diaspora-iberia-y-amrica,1032.26,768.73,8
738,https://www.mdmountainside.com/the-spring-dance-concert,829.65,768.73,8
739,https://www.mdmountainside.com/the-strawberry-dog,835.01,768.73,8
740,https://www.mdmountainside.com/the-tea-cupboard,883.25,768.73,8
741,https://www.mdmountainside.com/the-vapor-room,1133.99,768.73,8
742,https://www.mdmountainside.com/the-vapor-room2,4649.96,768.73,8
743,https://www.mdmountainside.com/third-friday-dance-session,786.1,768.73,8
744,https://www.mdmountainside.com/third-friday-dance-session2,786.12,768.73,8
745,https://www.mdmountainside.com/third-friday-dance-session23,786.13,768.73,8
746,https://www.mdmountainside.com/thirsty-thursday-game-nights-at-1812,815.78,768.73,8
747,https://www.mdmountainside.com/thrasher-carriage-museum,1061.33,768.73,8
748,https://www.mdmountainside.com/three-guys-guns,813.56,768.73,8
749,https://www.mdmountainside.com/timbrook-honda-of-cumberland,794.74,768.73,8
750,https://www.mdmountainside.com/tnt-dakota-saloon,852.93,768.73,8
751,https://www.mdmountainside.com/toasted-goat-and-hotel-gunter-grand-opening-and-ribbon-cutting,1196.67,768.73,8
752,https://www.mdmountainside.com/toasted-goat-winery-tasting-room,1436.97,768.73,8
753,https://www.mdmountainside.com/todds-smokin-bar-b-q,814.17,768.73,8
754,https://www.mdmountainside.com/town-creek-aqueduct-boat-access,2654.97,768.73,8
755,https://www.mdmountainside.com/trail-inn-and-campground,829.15,768.73,8
756,https://www.mdmountainside.com/trail-inn-lodging-and-campground,1096.52,768.73,8
757,https://www.mdmountainside.com/transportation,720.12,768.73,8
758,https://www.mdmountainside.com/twisteez-ice-cream,910.24,768.73,8
759,https://www.mdmountainside.com/uncle-jacks-pizzeria-pub,892.04,768.73,8
760,https://www.mdmountainside.com/union-grove-one-room-schoolhouse,2202.17,768.73,8
761,https://www.mdmountainside.com/valero,748.96,768.73,8
762,https://www.mdmountainside.com/victorian-creations,774.35,768.73,8
763,https://www.mdmountainside.com/vietnam-veterans-of-america-chapter-172-museum,816.47,768.73,8
764,https://www.mdmountainside.com/wal-mart-supercenter,764.08,768.73,8
765,https://www.mdmountainside.com/walkers-exxon,805.12,768.73,8
766,https://www.mdmountainside.com/walmart-supercenter,745.79,768.73,8
767,https://www.mdmountainside.com/walmart-vision-center,763.65,768.73,8
768,https://www.mdmountainside.com/walsh-mccagh-kellough-pharmacy,815.2,768.73,8
769,https://www.mdmountainside.com/warrant-in-concert,844.7,768.73,8
770,https://www.mdmountainside.com/warrior-mountain-paintball,978.81,768.73,8
771,https://www.mdmountainside.com/wasabi-japanese-cuisine,812.37,768.73,8
772,https://www.mdmountainside.com/water-fun,1534.65,768.73,8
773,https://www.mdmountainside.com/weinerfest-ii-presents-hot-sauce-willie,870.38,768.73,8
774,https://www.mdmountainside.com/weinerfest-ii-presents-queen-city-funk-and-soul,871.45,768.73,8
775,https://www.mdmountainside.com/weis-market-mcmullen-hwy,754.62,768.73,8
776,https://www.mdmountainside.com/welsh-memorial-baptist-church,777.41,768.73,8
777,https://www.mdmountainside.com/wendys-old-fashioned-hamburgers,808.29,768.73,8
778,https://www.mdmountainside.com/wendys-old-fashioned-hamburgers-2,855.86,768.73,8
779,https://www.mdmountainside.com/western-maryland-animal-hospital,805.89,768.73,8
780,https://www.mdmountainside.com/western-maryland-craft-beverage-festival,2277.7,768.73,8
781,https://www.mdmountainside.com/western-maryland-dermatology,825.34,768.73,8
782,https://www.mdmountainside.com/western-maryland-gallery,812.99,768.73,8
783,https://www.mdmountainside.com/western-maryland-health-system,776.41,768.73,8
784,https://www.mdmountainside.com/western-maryland-music-center,842.8,768.73,8
785,https://www.mdmountainside.com/western-maryland-railway-station-at-canal-place,1056.01,768.73,8
786,https://www.mdmountainside.com/western-maryland-scenic-railroad,10309.81,768.73,8
787,https://www.mdmountainside.com/western-maryland-scenic-railroad-gift-shop,850.99,768.73,8
788,https://www.mdmountainside.com/western-md-street-rod-roundup,881.25,768.73,8
789,https://www.mdmountainside.com/westernport-boat-access,805.84,768.73,8
790,https://www.mdmountainside.com/westernport-church-of-the-brethren,822.04,768.73,8
791,https://www.mdmountainside.com/westernport-heritage-society-station-museum,804.98,768.73,8
792,https://www.mdmountainside.com/white-christmas,916.96,768.73,8
793,https://www.mdmountainside.com/white-christmas-matinee,967.84,768.73,8
794,https://www.mdmountainside.com/wholesome-harvest-co-op,1184.11,768.73,8
795,https://www.mdmountainside.com/williams-stained-glass-studio,928.82,768.73,8
796,https://www.mdmountainside.com/wills-creek-exhibition,1625.7,768.73,8
797,https://www.mdmountainside.com/window-expressions,829.41,768.73,8
798,https://www.mdmountainside.com/winifred-road-church-of-christ,811.8,768.73,8
799,https://www.mdmountainside.com/winnies-rock-cauldron-cabaret,990.77,768.73,8
800,https://www.mdmountainside.com/winterland-on-the-western-maryland,1592.7,768.73,8
801,https://www.mdmountainside.com/winters-towing,803.04,768.73,8
802,https://www.mdmountainside.com/wmhs-farmers-market,884.58,768.73,8
803,https://www.mdmountainside.com/world-war-i-in-your-attic-western-maryland-in-the-first-world-war,940.99,768.73,8
804,https://www.mdmountainside.com/worn-out-flannels-plus-chef-pauls-kitchen-at-1812-brewery,1204.93,768.73,8
805,https://www.mdmountainside.com/yamato-steakhouse-of-japan,840.03,768.73,8
806,https://www.mdmountainside.com/yellow-cab-co,797.97,768.73,8
807,https://www.mdmountainside.com/yellow-k-records,1056.08,768.73,8
