,URL,Total Page Size (kB),Total Image Size (kB),No. Images
0,https://www.mdmountainside.com/,3912.58,3639.13,13
1,https://www.mdmountainside.com/10th-annual-mountain-maryland-plein-air,3221.8,2646.82,3
2,https://www.mdmountainside.com/2018-cumberland-holiday-historic-home-tour,1640.5,1064.24,4
3,https://www.mdmountainside.com/2019-destination-guide,2812.65,2569.22,3
4,https://www.mdmountainside.com/7-cs-lodging,2367.16,1087.68,3
5,https://www.mdmountainside.com/Delfest,2665.74,2404.14,3
6,https://www.mdmountainside.com/about,2180.63,1770.25,8
7,https://www.mdmountainside.com/about-allegany-county-tourism,1900.77,1645.43,3
8,https://www.mdmountainside.com/allegania,1681.27,1107.01,4
9,https://www.mdmountainside.com/allegany-arts-council,3779.33,1781.38,3
10,https://www.mdmountainside.com/allegany-county-fairgrounds,1752.08,1174.54,3
11,https://www.mdmountainside.com/allegany-county-library-system,3315.5,1521.2,3
12,https://www.mdmountainside.com/allegany-county-restaurant-week-2018,3554.18,3159.0,3
13,https://www.mdmountainside.com/allegany-county-visitor-center,1834.67,1256.32,3
14,https://www.mdmountainside.com/allegany-museum,2234.26,1251.86,3
15,https://www.mdmountainside.com/art-exhibition-art-and-soul-ii-by-susan-g-devan,2529.46,1953.82,3
16,https://www.mdmountainside.com/arts-and-culture,1561.83,1065.13,14
17,https://www.mdmountainside.com/bars-and-nighttlife,1819.74,1331.59,14
18,https://www.mdmountainside.com/best-of-the-blue-ridge-2019,1784.4,1536.86,21
19,https://www.mdmountainside.com/blog,2573.49,2274.7,33
20,https://www.mdmountainside.com/blog/allegany-county-ice-cream-trail,2265.33,2015.56,12
21,https://www.mdmountainside.com/blog/best-places-to-cool-off,1261.4,1012.04,9
22,https://www.mdmountainside.com/blog/cumberland-historic-walking-tour,1575.27,1324.85,7
23,https://www.mdmountainside.com/blog/he-really-did-sleep-here-george-washington-in-allegany-county,2401.24,1795.04,6
24,https://www.mdmountainside.com/blog/made-in-allegany-county-md,1372.98,1123.16,12
25,https://www.mdmountainside.com/blog/must-do-winter-activities,1953.58,1549.13,6
26,https://www.mdmountainside.com/blog/plan-for-vacation-day,1906.48,1658.04,13
27,https://www.mdmountainside.com/blog/spring-bucket-list,2554.83,2149.83,10
28,https://www.mdmountainside.com/blog/summer-bucket-list,1411.21,1166.25,9
29,https://www.mdmountainside.com/blog/summer-of-music,1546.4,1298.42,10
30,https://www.mdmountainside.com/blog/top-activities-for-the-whole-family,1988.84,1738.6,13
31,https://www.mdmountainside.com/blog/top-places-to-dine-al-fresco-allegany-county-the-mountain-side-of-maryland,1752.1,1502.2,13
32,https://www.mdmountainside.com/blog/unforgettable-leaf-peeping-locations,2395.87,2143.4,8
33,https://www.mdmountainside.com/blog/your-guide-to-small-business-saturday,3963.25,2359.22,3
34,https://www.mdmountainside.com/byways,1588.29,1335.11,3
35,https://www.mdmountainside.com/cabins-and-campgrounds,1673.41,1215.25,8
36,https://www.mdmountainside.com/camp-potomac,2376.54,1131.54,3
37,https://www.mdmountainside.com/canal-place-heritage-park,2015.65,1143.27,3
38,https://www.mdmountainside.com/ces-at-frostburg-state-university,2096.03,1501.26,3
39,https://www.mdmountainside.com/charis-winery-distillery,1635.84,1060.38,3
40,https://www.mdmountainside.com/chinese-bandits-and-cruise-in-at-windsor-castle,1762.91,1189.01,4
41,https://www.mdmountainside.com/city-place-farmers-market,3173.6,2608.72,3
42,https://www.mdmountainside.com/clatter-coffee,3831.0,2873.08,3
43,https://www.mdmountainside.com/closer,2184.4,1610.23,4
44,https://www.mdmountainside.com/closer-matinee,2257.58,1682.29,3
45,https://www.mdmountainside.com/co-canal-national-historical-park-museum,1870.15,1292.3,3
46,https://www.mdmountainside.com/co-canal-towpath,2679.66,2103.19,3
47,https://www.mdmountainside.com/come-early-stay-late-2019,2870.49,2465.05,14
48,https://www.mdmountainside.com/contact-us,3063.29,2659.49,3
49,https://www.mdmountainside.com/contest-home,4466.33,3975.48,3
50,https://www.mdmountainside.com/cumberland-theatre-creative-arts-center,1848.06,1264.49,3
51,https://www.mdmountainside.com/cycling,4148.64,3477.32,11
52,https://www.mdmountainside.com/dans-mountain-state-park,1938.57,1362.42,3
53,https://www.mdmountainside.com/delfest,2665.7,2404.14,3
54,https://www.mdmountainside.com/eat-and-drink,7098.83,6603.73,132
55,https://www.mdmountainside.com/event-calendar,1918.5,1414.1,14
56,https://www.mdmountainside.com/fairfield-inn-and-suites,3232.12,2652.46,3
57,https://www.mdmountainside.com/fall-arts,1651.43,1399.02,3
58,https://www.mdmountainside.com/fall-for-downtown-festival-cumberland-md,2834.37,2259.39,3
59,https://www.mdmountainside.com/family-fun,2166.36,1663.45,14
60,https://www.mdmountainside.com/farmers-markets,1816.37,1250.49,3
61,https://www.mdmountainside.com/farms,1531.12,1067.36,9
62,https://www.mdmountainside.com/first-friday-art-club-fall-haiku-writing,2134.72,1559.69,3
63,https://www.mdmountainside.com/first-friday-art-club-thankfulness-art-and-potluck,2651.09,2075.94,3
64,https://www.mdmountainside.com/frostburg-freeze,2010.73,1433.71,3
65,https://www.mdmountainside.com/frostburg-museum,1981.92,1406.78,3
66,https://www.mdmountainside.com/frostburg-state-university,3878.15,1964.73,3
67,https://www.mdmountainside.com/giuseppes,1700.66,1122.23,3
68,https://www.mdmountainside.com/golf,1546.48,1084.17,9
69,https://www.mdmountainside.com/great-allegheny-passage,3155.43,2575.19,3
70,https://www.mdmountainside.com/green-ridge-state-forest,1616.7,1042.14,4
71,https://www.mdmountainside.com/hampton-inn-cumberland,2358.38,1781.23,3
72,https://www.mdmountainside.com/hennys-grill-bar,1814.4,1239.53,3
73,https://www.mdmountainside.com/history-and-heritage,2063.38,1562.99,14
74,https://www.mdmountainside.com/holiday-open-house,3658.28,3082.71,3
75,https://www.mdmountainside.com/holidays-2018,3081.95,2669.9,3
76,https://www.mdmountainside.com/holideal,3286.25,2875.64,9
77,https://www.mdmountainside.com/jins-asian-cuisine,3451.38,2877.01,4
78,https://www.mdmountainside.com/little-orleans-campground-park-area,2861.46,2284.61,4
79,https://www.mdmountainside.com/mason-complex-boat-access,2732.92,2156.71,3
80,https://www.mdmountainside.com/meeting-planners,2461.31,2169.77,21
81,https://www.mdmountainside.com/mezzos,2529.13,1951.93,3
82,https://www.mdmountainside.com/mountain-maryland-2018-photo-contest,2007.42,1762.83,4
83,https://www.mdmountainside.com/mountain-maryland-photo-contest,4340.9,4066.07,3
84,https://www.mdmountainside.com/mountain-maryland-photo-contest-2019,2445.39,2201.17,3
85,https://www.mdmountainside.com/natures-art,1823.6,1248.67,3
86,https://www.mdmountainside.com/new-years-eve-2019,2378.25,2129.17,14
87,https://www.mdmountainside.com/news,2017.36,1748.75,19
88,https://www.mdmountainside.com/news/allegany-county-tourism-announces-winners-for-2018-mountain-maryland-photo-contest,1680.46,1281.24,3
89,https://www.mdmountainside.com/outdoors,2503.35,2220.44,17
90,https://www.mdmountainside.com/outfitters,1574.74,1109.19,10
91,https://www.mdmountainside.com/parks-and-forests,1601.46,1339.67,11
92,https://www.mdmountainside.com/partners,2097.56,1848.06,4
93,https://www.mdmountainside.com/passages-of-the-western-potomac-heritage-area,3633.17,3192.63,19
94,https://www.mdmountainside.com/photo-contest,4768.63,4517.56,4
95,https://www.mdmountainside.com/photo-contest-submission-confirmation,1294.23,1050.7,3
96,https://www.mdmountainside.com/photography-of-parker-reinecker-and-work-of-the-quad-state-bodgers,2582.89,2005.62,3
97,https://www.mdmountainside.com/places-to-stay,2800.75,2496.64,28
98,https://www.mdmountainside.com/public-reading-the-granny-chronicles,2840.05,2264.85,3
99,https://www.mdmountainside.com/quality-inn-suites,2728.43,1244.05,3
100,https://www.mdmountainside.com/queen-city-creamery,2066.75,1404.8,3
101,https://www.mdmountainside.com/ramada-downtown-cumberland,1849.89,1273.0,4
102,https://www.mdmountainside.com/request-a-guide,5532.69,5278.28,4
103,https://www.mdmountainside.com/resources,1939.13,1655.41,23
104,https://www.mdmountainside.com/restaurants,1584.57,1096.19,14
105,https://www.mdmountainside.com/ristorante-ottaviani,2364.55,1788.48,3
106,https://www.mdmountainside.com/river-access,2117.68,1854.26,12
107,https://www.mdmountainside.com/rocky-gap-casino-resort,3326.45,2744.41,3
108,https://www.mdmountainside.com/rocky-gap-golf-course,1909.03,1333.4,3
109,https://www.mdmountainside.com/rocky-gap-state-park,3526.08,2942.64,3
110,https://www.mdmountainside.com/rocky-gap-state-park-aviary,1705.23,1127.5,3
111,https://www.mdmountainside.com/sand-springs-saloon-steakhouse,2432.13,1856.69,3
112,https://www.mdmountainside.com/skid-row-in-concert,2147.09,1569.09,3
113,https://www.mdmountainside.com/sleep-inn-,1789.73,1213.07,3
114,https://www.mdmountainside.com/specialty-food,1511.68,1025.87,14
115,https://www.mdmountainside.com/spring,2581.74,2326.27,3
116,https://www.mdmountainside.com/spun-from-light-woven-in-silence-paintings-on-glass-by-john-lyon-paul,3247.81,2672.35,3
117,https://www.mdmountainside.com/stonebridge,2144.56,1105.89,3
118,https://www.mdmountainside.com/summer,5223.67,4786.8,17
119,https://www.mdmountainside.com/summer-of-heritage,2686.43,2418.51,7
120,https://www.mdmountainside.com/the-gordon-roberts-house,2038.19,1184.68,3
121,https://www.mdmountainside.com/the-vapor-room2,4649.96,2233.39,3
122,https://www.mdmountainside.com/things-to-do,3208.68,2905.64,27
123,https://www.mdmountainside.com/top-10-fall-activities,1525.17,1277.44,12
124,https://www.mdmountainside.com/town-creek-aqueduct-boat-access,2654.97,2081.35,3
125,https://www.mdmountainside.com/trails,2132.83,1874.05,10
126,https://www.mdmountainside.com/union-grove-one-room-schoolhouse,2202.17,1632.03,3
127,https://www.mdmountainside.com/valentines-day-2019,3271.59,3016.44,7
128,https://www.mdmountainside.com/water-fun,1534.65,1033.06,14
129,https://www.mdmountainside.com/weddings,3184.97,2884.25,22
130,https://www.mdmountainside.com/western-maryland-craft-beverage-festival,2277.7,1701.97,3
131,https://www.mdmountainside.com/western-maryland-scenic-railroad,10309.81,5545.19,3
132,https://www.mdmountainside.com/wills-creek-exhibition,1625.7,1047.16,3
