,URL,Content Type,File Size (kB),Compression,No. URLs Referencing Resource,Example Ref 1 URL,Example Ref 2 URL,Example Ref 3 URL,Example Ref 4 URL,Example Ref 5 URL
0,https://www.mdmountainside.com/10th-annual-roger-rizer-memorial-car-show,HTML,38.94,None,0,,,,,
1,https://www.mdmountainside.com/1st-presbyterian-churchs-annual-ice-cream-social,HTML,38.96,None,0,,,,,
2,https://www.mdmountainside.com/2019-annual-members-exhibition,HTML,38.92,None,0,,,,,
3,https://www.mdmountainside.com/2019-heritage-days-festival,HTML,38.92,None,0,,,,,
4,https://www.mdmountainside.com/2019-polish-mountain-hill-climb,HTML,38.93,None,0,,,,,
5,https://www.mdmountainside.com/32nd-annual-coney-days,HTML,38.91,None,0,,,,,
6,https://www.mdmountainside.com/33rd-annual-coney-days-sunday-on-the-crick,HTML,38.94,None,0,,,,,
7,https://www.mdmountainside.com/4th-of-july-fire-works,HTML,38.9,None,0,,,,,
8,https://www.mdmountainside.com/4th-of-july-plaque-reading,HTML,38.92,None,0,,,,,
9,https://www.mdmountainside.com/6th-annual-casa-wine-and-craft-beer-festival,HTML,38.95,None,0,,,,,
10,https://www.mdmountainside.com/a-streetcar-named-desire,HTML,38.91,None,0,,,,,
11,https://www.mdmountainside.com/allegany-county-fair-2019,HTML,38.91,None,0,,,,,
12,https://www.mdmountainside.com/amish-outlaws-live,HTML,38.9,None,0,,,,,
13,https://www.mdmountainside.com/an-intimate-evening-with-bowman-bowman-and-dre,HTML,38.95,None,0,,,,,
14,https://www.mdmountainside.com/art-and-yoga-2,HTML,38.89,None,0,,,,,
15,https://www.mdmountainside.com/battle-of-folcks-mill-commemoration-at-1812-brewery,HTML,38.96,None,0,,,,,
16,https://www.mdmountainside.com/blurred-lines-deborah-hicks-odgers,HTML,38.93,None,0,,,,,
17,https://www.mdmountainside.com/book-discussion-of-heartland-a-memoir-by-sarah-smarsh-2,HTML,38.97,None,0,,,,,
18,https://www.mdmountainside.com/breakfast-with-santa-at-mezzos,HTML,38.92,None,0,,,,,
19,https://www.mdmountainside.com/breakfast-with-santa-mezzos-2018,HTML,38.93,None,0,,,,,
20,https://www.mdmountainside.com/cadillac-cowboys-and-maddie-lous-bbq-at-1812-brewery,HTML,38.97,None,0,,,,,
21,https://www.mdmountainside.com/casting-crowns,HTML,38.89,None,0,,,,,
22,https://www.mdmountainside.com/category/assemblies_of_god,HTML,38.91,None,0,,,,,
23,https://www.mdmountainside.com/category/fishing,HTML,38.9,None,0,,,,,
24,https://www.mdmountainside.com/category/jewish_temple,HTML,38.91,None,0,,,,,
25,https://www.mdmountainside.com/coffee-with-a-writer-amy-gottfried,HTML,38.93,None,0,,,,,
26,https://www.mdmountainside.com/countdown-to-delfest-brunch-with-jason-mcdonald,HTML,38.96,None,0,,,,,
27,https://www.mdmountainside.com/cramer-brothers-wtim-haines-good-carma-catering-at-1812-brewery,HTML,38.99,None,0,,,,,
28,https://www.mdmountainside.com/cumberland-pride-festival,HTML,38.91,None,0,,,,,
29,https://www.mdmountainside.com/dans-mountain-pool-dollar-dip,HTML,38.92,None,0,,,,,
30,https://www.mdmountainside.com/deeper-community-night-of-worship,HTML,38.93,None,0,,,,,
31,https://www.mdmountainside.com/delfest-2019,HTML,38.89,None,0,,,,,
32,https://www.mdmountainside.com/derby-day-2019,HTML,38.89,None,0,,,,,
33,https://www.mdmountainside.com/dirty-mae-live-on-the-mccoury-family-stage-2,HTML,38.95,None,0,,,,,
34,https://www.mdmountainside.com/dr-frankenmakers-lab-4,HTML,38.91,None,0,,,,,
35,https://www.mdmountainside.com/driftwood-live-on-the-mccoury-family-stage,HTML,38.95,None,0,,,,,
36,https://www.mdmountainside.com/drive-in-fly-in-3,HTML,38.89,None,0,,,,,
37,https://www.mdmountainside.com/event/jul-2012-national_roller_hockey_championship,HTML,38.96,None,0,,,,,
38,https://www.mdmountainside.com/event/sep-2012-sean_keane,HTML,38.91,None,0,,,,,
39,https://www.mdmountainside.com/evergreen-herb-expo,HTML,38.9,None,0,,,,,
40,https://www.mdmountainside.com/flower-and-plant-sale-in-downtown-cumberland,HTML,38.95,None,0,,,,,
41,https://www.mdmountainside.com/fred-n-josh-plus-chef-pauls-kitchen-at-1812-brewery,HTML,38.97,None,0,,,,,
42,https://www.mdmountainside.com/fred-n-josh-plus-klavuhn-wood-fired-concessions-at-1812-brewery,HTML,38.99,None,0,,,,,
43,https://www.mdmountainside.com/george-washingtons-whiskey-rebellion-fest,HTML,38.94,None,0,,,,,
44,https://www.mdmountainside.com/ghost-tour-of-historic-cumberland-2,HTML,38.94,None,0,,,,,
45,https://www.mdmountainside.com/historic-national-road-yard-sale-in-downtown-cumberland-md,HTML,38.97,None,0,,,,,
46,https://www.mdmountainside.com/jay-dewire-piano,HTML,38.89,None,0,,,,,
47,https://www.mdmountainside.com/joey-harkum-band-live-on-the-mccoury-family-stage,HTML,38.96,None,0,,,,,
48,https://www.mdmountainside.com/kemp-lodge-steak-feed,HTML,38.91,None,0,,,,,
49,https://www.mdmountainside.com/kix-and-great-white-live,HTML,38.91,None,0,,,,,
50,https://www.mdmountainside.com/lambda-car-club-international-grand-invitational,HTML,38.96,None,0,,,,,
51,https://www.mdmountainside.com/lanco-in-concert,HTML,38.89,None,0,,,,,
52,https://www.mdmountainside.com/lashbaughs-bar-grill,HTML,38.9,None,0,,,,,
53,https://www.mdmountainside.com/lefty-grove-memorial-park-dedication,HTML,38.94,None,0,,,,,
54,https://www.mdmountainside.com/legally-blonde-the-musical,HTML,38.91,None,0,,,,,
55,https://www.mdmountainside.com/lonaconing-fireworks-presented-by-dhs-productions,HTML,38.96,None,0,,,,,
56,https://www.mdmountainside.com/loretta-hummel-and-country-grass-live-on-the-mccoury-family-stage,HTML,38.99,None,0,,,,,
57,https://www.mdmountainside.com/maplehurst-country-club,HTML,38.91,None,0,,,,,
58,https://www.mdmountainside.com/mark-gallagher-clarinet,HTML,38.91,None,0,,,,,
59,https://www.mdmountainside.com/midlife-crisis-and-chef-pauls-kitchen-at-1812-brewery,HTML,38.97,None,0,,,,,
60,https://www.mdmountainside.com/mountain-maryland-native-plant-festival,HTML,38.94,None,0,,,,,
61,https://www.mdmountainside.com/musician-black-guy-fawkes-and-sob-bbq-at-1812-brewery,HTML,38.97,None,0,,,,,
62,https://www.mdmountainside.com/musician-dan-stevens,HTML,38.9,None,0,,,,,
63,https://www.mdmountainside.com/musician-dan-stevens-klavuhn-family-concessions-at-1812,HTML,38.97,None,0,,,,,
64,https://www.mdmountainside.com/musician-gibb-cochrum-and-sob-bbq-at-1812-brewery,HTML,38.96,None,0,,,,,
65,https://www.mdmountainside.com/musicians-chris-workman-and-craig-miller,HTML,38.94,None,0,,,,,
66,https://www.mdmountainside.com/night-traveler-and-bbq-beast,HTML,38.92,None,0,,,,,
67,https://www.mdmountainside.com/night-traveler-and-good-carma-catering-at-1812-brewery2,HTML,38.97,None,0,,,,,
68,https://www.mdmountainside.com/noma-exhibition,HTML,38.89,None,0,,,,,
69,https://www.mdmountainside.com/oldtown-summerfest,HTML,38.9,None,0,,,,,
70,https://www.mdmountainside.com/ole-97-johnny-cashjune-carter-tribute,HTML,38.94,None,0,,,,,
71,https://www.mdmountainside.com/original-bluegrass-by-the-plate-scrapers-at-1812-brewery,HTML,38.98,None,0,,,,,
72,https://www.mdmountainside.com/pints-and-pilates-at-1812-brewery,HTML,38.93,None,0,,,,,
73,https://www.mdmountainside.com/pints-and-pilates-with-trainer-karen-smith-at-1812-brewery,HTML,38.98,None,0,,,,,
74,https://www.mdmountainside.com/pirates-ahoy-2019,HTML,38.9,None,0,,,,,
75,https://www.mdmountainside.com/red-white-and-bluegrass-with-the-jakobs-ferry-stragglers,HTML,38.98,None,0,,,,,
76,https://www.mdmountainside.com/relay4life,HTML,38.88,None,0,,,,,
77,https://www.mdmountainside.com/route-36-yard-sale,HTML,38.9,None,0,,,,,
78,https://www.mdmountainside.com/spring-wine-pairing-dinner-at-toasted-goat,HTML,38.95,None,0,,,,,
79,https://www.mdmountainside.com/summer-at-your-library-block-party,HTML,38.93,None,0,,,,,
80,https://www.mdmountainside.com/surrender-dorothy-and-good-carma-cathering-at-1812-brewery,HTML,38.98,None,0,,,,,
81,https://www.mdmountainside.com/the-color-of-water-western-maryland-watercolor-society-exhibition,HTML,38.99,None,0,,,,,
82,https://www.mdmountainside.com/the-glass-menagerie-by-tennessee-williams,HTML,38.94,None,0,,,,,
83,https://www.mdmountainside.com/the-golden-gays-and-winnies-rock-cauldron-gay-pride-extravaganza,HTML,38.99,None,0,,,,,
84,https://www.mdmountainside.com/the-pros-from-dover-at-the-1812-brewerys-food-truck-fest,HTML,38.97,None,0,,,,,
85,https://www.mdmountainside.com/the-rocky-horror-show,HTML,38.9,None,0,,,,,
86,https://www.mdmountainside.com/the-royal-train,HTML,38.89,None,0,,,,,
87,https://www.mdmountainside.com/the-worn-out-flannels-plus-sob-bbq-at-1812-brewery,HTML,38.96,None,0,,,,,
88,https://www.mdmountainside.com/tour-of-burial-site-of-american-revolutionary-war-soldier,HTML,38.98,None,0,,,,,
89,https://www.mdmountainside.com/tracy-lawrence-in-concert,HTML,38.91,None,0,,,,,
90,https://www.mdmountainside.com/tri-state-wing-off,HTML,38.9,None,0,,,,,
91,https://www.mdmountainside.com/tri-state-zoological-park,HTML,38.91,None,0,,,,,
92,https://www.mdmountainside.com/ty-johnson-day,HTML,38.89,None,0,,,,,
93,https://www.mdmountainside.com/vanilla-ice-and-coolio-live,HTML,38.92,None,0,,,,,
94,https://www.mdmountainside.com/whiskey-paint-and-sip,HTML,38.9,None,0,,,,,
95,https://www.mdmountainside.com/wicked-jezabel-live-on-the-mccoury-family-stage,HTML,38.95,None,0,,,,,
96,https://www.mdmountainside.com/woodwind-studio-recital,HTML,38.91,None,0,,,,,
97,https://www.mdmountainside.com/woof-stock-acass-4th-annual-beer-wine-and-music-festival,HTML,38.97,None,0,,,,,
98,https://www.mdmountainside.com/worn-out-flannels-plus-zebs-barbeque-at-1812-brewery,HTML,38.97,None,0,,,,,
99,https://www.mdmountainside.com/www.mdmountainside.com,HTML,38.91,None,0,,,,,
100,https://www.mdmountainside.com/zumba-and-brews-at-1812-brewery,HTML,38.93,None,0,,,,,
101,https://www.mdmountainside.com/zumba-and-brews-at-1812-brewery-2,HTML,38.93,None,0,,,,,
